datetime,temperature,precipitation,windspeed,humidity
2024-01-01 00:00:00+05:30,15.3,0.0,5.6920996,91.955956
2024-01-01 01:00:00+05:30,14.65,0.0,6.28713,92.21682
2024-01-01 02:00:00+05:30,14.4,0.0,5.2416787,91.60225
2024-01-01 03:00:00+05:30,14.2,0.0,4.0249224,90.99225
2024-01-01 04:00:00+05:30,13.75,0.0,4.802999,91.56139
2024-01-01 05:00:00+05:30,13.45,0.0,5.3517847,91.54246
2024-01-01 06:00:00+05:30,13.55,0.0,4.39436,94.29313
2024-01-01 07:00:00+05:30,15.95,0.0,5.8048253,84.83458
2024-01-01 08:00:00+05:30,18.6,0.0,3.2599385,77.055786
2024-01-01 09:00:00+05:30,20.75,0.0,4.198285,72.37275
2024-01-01 10:00:00+05:30,22.3,0.0,5.3517847,66.2458
2024-01-01 11:00:00+05:30,23.45,0.0,4.6102495,60.417606
2024-01-01 12:00:00+05:30,24.35,0.0,2.5959969,55.42529
2024-01-01 13:00:00+05:30,25.1,0.0,2.968636,51.148193
2024-01-01 14:00:00+05:30,25.1,0.0,4.0249224,50.490265
2024-01-01 15:00:00+05:30,24.4,0.0,5.3517847,54.026127
2024-01-01 16:00:00+05:30,21.9,0.0,5.5887027,63.862698
2024-01-01 17:00:00+05:30,20.55,0.0,6.87779,67.60749
2024-01-01 18:00:00+05:30,18.6,0.0,5.3999996,80.35085
2024-01-01 19:00:00+05:30,18.5,0.0,5.3999996,81.63808
2024-01-01 20:00:00+05:30,18.35,0.0,6.1305785,80.83558
2024-01-01 21:00:00+05:30,17.8,0.0,5.8048253,82.07632
2024-01-01 22:00:00+05:30,16.35,0.0,5.6002855,89.67801
2024-01-01 23:00:00+05:30,15.7,0.0,5.937272,91.97982
2024-01-02 00:00:00+05:30,15.05,0.0,6.725354,93.14233
2024-01-02 01:00:00+05:30,14.65,0.0,6.12,93.729324
2024-01-02 02:00:00+05:30,14.05,0.0,5.5887027,94.62292
2024-01-02 03:00:00+05:30,13.7,0.0,4.510787,94.60862
2024-01-02 04:00:00+05:30,13.3,0.0,4.198285,94.282295
2024-01-02 05:00:00+05:30,13.15,0.0,2.968636,94.27578
2024-01-02 06:00:00+05:30,13.65,0.0,3.4152596,93.06983
2024-01-02 07:00:00+05:30,16.05,0.0,2.16,81.855545
2024-01-02 08:00:00+05:30,18.8,0.0,0.71999997,71.32092
2024-01-02 09:00:00+05:30,20.65,0.0,2.1897945,68.94982
2024-01-02 10:00:00+05:30,22.1,0.0,3.8773184,65.57039
2024-01-02 11:00:00+05:30,23.25,0.0,4.8965297,60.760197
2024-01-02 12:00:00+05:30,24.15,0.0,5.3999996,55.19707
2024-01-02 13:00:00+05:30,24.75,0.0,6.4096174,51.22251
2024-01-02 14:00:00+05:30,24.75,0.0,6.297428,50.0717
2024-01-02 15:00:00+05:30,24.15,0.0,6.3690495,52.411327
2024-01-02 16:00:00+05:30,21.1,0.0,6.1305785,66.63668
2024-01-02 17:00:00+05:30,19.4,0.0,8.404285,74.0177
2024-01-02 18:00:00+05:30,18.7,0.0,4.3349743,78.82941
2024-01-02 19:00:00+05:30,17.0,0.0,6.12,87.731125
2024-01-02 20:00:00+05:30,16.4,0.0,3.8939953,90.84497
2024-01-02 21:00:00+05:30,15.9,0.0,4.1046314,93.48646
2024-01-02 22:00:00+05:30,15.9,0.0,4.8433046,92.28899
2024-01-02 23:00:00+05:30,15.6,0.0,5.1165614,92.57046
2024-01-03 00:00:00+05:30,14.75,0.0,6.696387,94.038925
2024-01-03 01:00:00+05:30,14.5,0.0,4.510787,93.72224
2024-01-03 02:00:00+05:30,14.3,0.0,4.198285,92.196434
2024-01-03 03:00:00+05:30,13.8,0.0,4.510787,91.56456
2024-01-03 04:00:00+05:30,13.3,0.0,4.6800003,91.23189
2024-01-03 05:00:00+05:30,12.55,0.0,5.506941,93.01205
2024-01-03 06:00:00+05:30,13.1,0.0,4.0249224,92.12593
2024-01-03 07:00:00+05:30,15.6,0.0,4.452954,79.15366
2024-01-03 08:00:00+05:30,18.25,0.0,2.7416782,70.75414
2024-01-03 09:00:00+05:30,20.75,0.0,2.0991426,65.49524
2024-01-03 10:00:00+05:30,22.55,0.0,5.154415,61.583145
2024-01-03 11:00:00+05:30,23.65,0.0,6.12,56.333065
2024-01-03 12:00:00+05:30,24.45,0.0,6.8777895,51.64475
2024-01-03 13:00:00+05:30,24.9,0.0,7.8954163,48.665737
2024-01-03 14:00:00+05:30,24.85,0.0,8.209263,47.55337
2024-01-03 15:00:00+05:30,24.1,0.0,7.289445,50.226578
2024-01-03 16:00:00+05:30,20.75,0.0,6.638072,65.92091
2024-01-03 17:00:00+05:30,21.6,0.0,6.297428,60.77061
2024-01-03 18:00:00+05:30,19.7,0.0,1.9386592,71.95103
2024-01-03 19:00:00+05:30,17.65,0.1,5.692099,82.057556
2024-01-03 20:00:00+05:30,17.85,0.1,6.638072,82.08256
2024-01-03 21:00:00+05:30,17.85,0.0,10.630672,82.87957
2024-01-03 22:00:00+05:30,17.05,0.0,5.1919937,87.73558
2024-01-03 23:00:00+05:30,16.05,0.0,5.0142193,92.59538
2024-01-04 00:00:00+05:30,15.65,0.0,4.896529,93.47425
2024-01-04 01:00:00+05:30,15.95,0.0,3.6,91.10834
2024-01-04 02:00:00+05:30,14.3,0.0,4.32,95.87253
2024-01-04 03:00:00+05:30,13.9,0.0,4.32,95.54781
2024-01-04 04:00:00+05:30,13.45,0.0,3.6,95.22023
2024-01-04 05:00:00+05:30,12.95,0.0,3.96,94.577805
2024-01-04 06:00:00+05:30,13.4,0.0,2.968636,93.056755
2024-01-04 07:00:00+05:30,16.0,0.0,2.5455842,82.38594
2024-01-04 08:00:00+05:30,19.2,0.0,0.0,69.78993
2024-01-04 09:00:00+05:30,21.05,0.0,2.1897945,65.77126
2024-01-04 10:00:00+05:30,22.45,0.0,3.9763298,62.35873
2024-01-04 11:00:00+05:30,23.6,0.0,4.1046314,57.60753
2024-01-04 12:00:00+05:30,24.3,0.1,4.6938257,51.438225
2024-01-04 13:00:00+05:30,24.75,0.0,4.6938257,47.526356
2024-01-04 14:00:00+05:30,24.75,0.0,5.692099,46.601646
2024-01-04 15:00:00+05:30,24.1,0.0,4.8965297,48.929825
2024-01-04 16:00:00+05:30,20.6,0.0,7.289444,66.964874
2024-01-04 17:00:00+05:30,21.5,0.0,3.563818,58.80002
2024-01-04 18:00:00+05:30,18.0,0.0,4.3498964,77.21271
2024-01-04 19:00:00+05:30,16.85,0.0,5.8048253,81.956955
2024-01-04 20:00:00+05:30,17.05,0.0,6.792466,79.61989
2024-01-04 21:00:00+05:30,17.1,0.0,7.2,81.194534
2024-01-04 22:00:00+05:30,16.65,0.0,6.989936,83.81621
2024-01-04 23:00:00+05:30,15.65,0.0,5.1165614,89.045296
2024-01-05 00:00:00+05:30,15.35,0.0,5.1544156,91.36465
2024-01-05 01:00:00+05:30,14.5,0.0,6.12,94.334
2024-01-05 02:00:00+05:30,15.2,0.0,3.4152596,89.009125
2024-01-05 03:00:00+05:30,13.5,0.0,5.1544156,94.290955
2024-01-05 04:00:00+05:30,13.25,0.0,3.9763298,93.04889
2024-01-05 05:00:00+05:30,12.75,0.0,4.3349743,92.71592
2024-01-05 06:00:00+05:30,13.05,0.0,2.1897945,94.89332
2024-01-05 07:00:00+05:30,15.45,0.0,3.8773184,83.131386
2024-01-05 08:00:00+05:30,18.3,0.0,2.5959969,70.763626
2024-01-05 09:00:00+05:30,20.45,0.0,1.8,64.37624
2024-01-05 10:00:00+05:30,22.05,0.0,4.3349743,59.702377
2024-01-05 11:00:00+05:30,23.15,0.0,4.73506,56.575077
2024-01-05 12:00:00+05:30,23.95,0.0,4.0249224,52.701088
2024-01-05 13:00:00+05:30,24.35,0.0,5.0911684,48.996693
2024-01-05 14:00:00+05:30,24.35,0.0,8.587338,46.492683
2024-01-05 15:00:00+05:30,23.7,0.0,8.587338,48.18479
2024-01-05 16:00:00+05:30,20.5,0.0,6.12,62.73054
2024-01-05 17:00:00+05:30,18.25,0.0,8.766573,72.39059
2024-01-05 18:00:00+05:30,20.3,0.0,6.162207,64.13417
2024-01-05 19:00:00+05:30,19.1,0.0,4.3498964,69.09206
2024-01-05 20:00:00+05:30,17.25,0.0,4.68,76.34543
2024-01-05 21:00:00+05:30,16.3,0.0,4.6938252,79.77478
2024-01-05 22:00:00+05:30,14.3,0.0,6.9247384,90.10984
2024-01-05 23:00:00+05:30,13.95,0.0,5.991594,91.57399
2024-01-06 00:00:00+05:30,13.75,0.0,5.5887027,92.46696
2024-01-06 01:00:00+05:30,13.5,0.0,5.0911684,92.75695
2024-01-06 02:00:00+05:30,12.9,0.0,6.5693827,93.33777
2024-01-06 03:00:00+05:30,12.35,0.0,5.0911684,93.00148
2024-01-06 04:00:00+05:30,12.25,0.0,4.32,90.86026
2024-01-06 05:00:00+05:30,11.65,0.0,4.32,91.733025
2024-01-06 06:00:00+05:30,12.35,0.0,2.1897945,88.776
2024-01-06 07:00:00+05:30,14.75,0.0,4.32,78.24819
2024-01-06 08:00:00+05:30,17.75,0.0,3.6,64.63377
2024-01-06 09:00:00+05:30,20.2,0.0,4.68,60.443684
2024-01-06 10:00:00+05:30,21.95,0.0,4.0249224,58.335365
2024-01-06 11:00:00+05:30,23.25,0.0,5.495161,53.90873
2024-01-06 12:00:00+05:30,24.1,0.0,5.904439,48.929825
2024-01-06 13:00:00+05:30,24.55,0.0,6.489992,44.892376
2024-01-06 14:00:00+05:30,24.6,0.0,6.6087217,44.17129
2024-01-06 15:00:00+05:30,23.8,0.0,6.439876,47.11345
2024-01-06 16:00:00+05:30,20.05,0.0,7.4128532,64.07929
2024-01-06 17:00:00+05:30,21.3,0.0,5.904439,56.116203
2024-01-06 18:00:00+05:30,20.9,0.0,1.8,59.2354
2024-01-06 19:00:00+05:30,17.8,0.0,4.3349743,72.78385
2024-01-06 20:00:00+05:30,16.0,0.0,7.24486,79.47158
2024-01-06 21:00:00+05:30,15.45,0.0,6.12,81.2434
2024-01-06 22:00:00+05:30,14.7,0.0,5.0142193,86.384346
2024-01-06 23:00:00+05:30,13.75,0.0,4.5536795,91.56139
2024-01-07 00:00:00+05:30,13.55,0.0,3.671294,92.455635
2024-01-07 01:00:00+05:30,13.2,0.0,4.0249224,93.660324
2024-01-07 02:00:00+05:30,13.0,0.0,4.379589,93.3428
2024-01-07 03:00:00+05:30,12.65,0.0,4.1046314,92.7104
2024-01-07 04:00:00+05:30,12.4,0.0,4.1046314,92.084366
2024-01-07 05:00:00+05:30,12.05,0.0,4.1046314,91.757904
2024-01-07 06:00:00+05:30,11.65,0.0,3.096837,93.27433
2024-01-07 07:00:00+05:30,14.35,0.0,4.802999,81.36729
2024-01-07 08:00:00+05:30,17.9,0.0,2.1897945,68.8543
2024-01-07 09:00:00+05:30,20.45,0.0,1.8,64.16704
2024-01-07 10:00:00+05:30,22.05,0.0,4.6102495,58.74044
2024-01-07 11:00:00+05:30,23.2,0.0,4.829907,53.89598
2024-01-07 12:00:00+05:30,24.1,0.0,3.7585104,48.61028
2024-01-07 13:00:00+05:30,24.65,0.0,3.6,45.365925
2024-01-07 14:00:00+05:30,24.6,0.0,5.771239,44.463943
2024-01-07 15:00:00+05:30,23.7,0.0,6.2145634,47.241802
2024-01-07 16:00:00+05:30,19.95,0.0,8.049845,65.111664
2024-01-07 17:00:00+05:30,21.5,0.0,3.396233,52.757915
2024-01-07 18:00:00+05:30,17.5,0.0,5.1919937,67.64773
2024-01-07 19:00:00+05:30,15.75,0.0,6.9247384,77.11606
2024-01-07 20:00:00+05:30,15.15,0.0,5.495161,79.35042
2024-01-07 21:00:00+05:30,14.65,0.0,5.8603754,81.406586
2024-01-07 22:00:00+05:30,14.45,0.0,6.3690495,83.28588
2024-01-07 23:00:00+05:30,14.05,0.0,6.792466,86.32007
2024-01-08 00:00:00+05:30,13.55,0.0,6.6185193,87.99921
2024-01-08 01:00:00+05:30,12.95,0.0,5.937272,89.12054
2024-01-08 02:00:00+05:30,12.45,0.0,5.506941,89.080185
2024-01-08 03:00:00+05:30,12.15,0.0,4.802999,87.581985
2024-01-08 04:00:00+05:30,11.8,0.0,4.379589,86.383575
2024-01-08 05:00:00+05:30,11.6,0.0,4.3349743,84.923004
2024-01-08 06:00:00+05:30,11.6,0.0,3.219938,90.210556
2024-01-08 07:00:00+05:30,14.25,0.0,5.04,78.69546
2024-01-08 08:00:00+05:30,17.65,0.0,0.35999998,67.23273
2024-01-08 09:00:00+05:30,19.85,0.0,2.1897945,62.99552
2024-01-08 10:00:00+05:30,21.25,0.0,4.5536795,63.308228
2024-01-08 11:00:00+05:30,22.25,0.0,4.6800003,61.118427
2024-01-08 12:00:00+05:30,22.95,0.0,3.2599385,58.95541
2024-01-08 13:00:00+05:30,23.5,0.0,3.7585104,56.296017
2024-01-08 14:00:00+05:30,23.65,0.0,4.6800003,54.53893
2024-01-08 15:00:00+05:30,23.1,0.0,6.6185193,55.83346
2024-01-08 16:00:00+05:30,20.05,0.0,6.0347,70.40728
2024-01-08 17:00:00+05:30,20.7,0.0,4.3349743,65.06123
2024-01-08 18:00:00+05:30,18.45,0.0,7.289444,77.78287
2024-01-08 19:00:00+05:30,17.6,0.0,5.8048253,79.955574
2024-01-08 20:00:00+05:30,16.55,0.0,5.8603754,82.186104
2024-01-08 21:00:00+05:30,15.55,0.0,5.904439,85.90566
2024-01-08 22:00:00+05:30,14.75,0.0,6.297428,89.26399
2024-01-08 23:00:00+05:30,13.85,0.0,6.489992,91.26779
2024-01-09 00:00:00+05:30,13.15,0.0,5.95906,92.73785
2024-01-09 01:00:00+05:30,12.85,0.0,5.4833565,92.41582
2024-01-09 02:00:00+05:30,12.2,0.0,5.2416787,93.30235
2024-01-09 03:00:00+05:30,11.65,0.0,3.671294,93.58532
2024-01-09 04:00:00+05:30,11.3,0.0,3.96,93.5682
2024-01-09 05:00:00+05:30,11.0,0.0,4.68,92.30908
2024-01-09 06:00:00+05:30,11.6,0.0,3.7585104,91.72991
2024-01-09 07:00:00+05:30,13.95,0.0,3.6,81.85688
2024-01-09 08:00:00+05:30,16.8,0.0,2.2768397,74.2966
2024-01-09 09:00:00+05:30,18.9,0.0,2.968636,72.97977
2024-01-09 10:00:00+05:30,20.4,0.0,5.1165614,69.79564
2024-01-09 11:00:00+05:30,21.6,0.0,5.3517847,65.043976
2024-01-09 12:00:00+05:30,22.55,0.0,4.3498964,60.598156
2024-01-09 13:00:00+05:30,23.15,0.0,4.1046314,57.49828
2024-01-09 14:00:00+05:30,23.3,0.0,4.6938252,56.064655
2024-01-09 15:00:00+05:30,22.75,0.0,6.519877,56.660202
2024-01-09 16:00:00+05:30,20.15,0.0,5.8048253,66.008385
2024-01-09 17:00:00+05:30,17.75,0.0,6.989936,76.17679
2024-01-09 18:00:00+05:30,16.9,0.0,5.5887027,91.75657
2024-01-09 19:00:00+05:30,15.4,0.0,6.193674,95.29047
2024-01-09 20:00:00+05:30,15.2,0.0,4.39436,95.59159
2024-01-09 21:00:00+05:30,15.1,0.0,4.0249224,95.58821
2024-01-09 22:00:00+05:30,15.0,0.0,4.6938257,95.276184
2024-01-09 23:00:00+05:30,14.9,0.0,4.6938257,94.96458
2024-01-10 00:00:00+05:30,14.35,0.0,4.6800003,95.25284
2024-01-10 01:00:00+05:30,13.45,0.0,5.2416787,96.47475
2024-01-10 02:00:00+05:30,13.0,0.0,5.154415,96.46255
2024-01-10 03:00:00+05:30,12.6,0.0,3.219938,98.050545
2024-01-10 04:00:00+05:30,12.35,0.0,2.968636,97.40319
2024-01-10 05:00:00+05:30,13.15,0.0,2.6208394,94.897224
2024-01-10 06:00:00+05:30,13.75,0.0,1.9386592,91.26128
2024-01-10 07:00:00+05:30,15.05,0.0,2.5455842,85.854836
2024-01-10 08:00:00+05:30,16.35,0.0,2.16,84.87779
2024-01-10 09:00:00+05:30,18.45,0.0,2.1897945,78.793274
2024-01-10 10:00:00+05:30,20.4,0.0,6.130579,68.90061
2024-01-10 11:00:00+05:30,21.95,0.0,7.771331,60.262753
2024-01-10 12:00:00+05:30,22.8,0.0,8.217153,56.30543
2024-01-10 13:00:00+05:30,23.25,0.0,7.7043357,55.329548
2024-01-10 14:00:00+05:30,23.15,0.0,6.696387,57.127422
2024-01-10 15:00:00+05:30,22.65,0.0,6.8777895,58.314587
2024-01-10 16:00:00+05:30,19.7,0.0,6.0347,74.3077
2024-01-10 17:00:00+05:30,19.8,0.0,5.8603754,70.359764
2024-01-10 18:00:00+05:30,16.75,0.0,5.4477882,88.2761
2024-01-10 19:00:00+05:30,17.05,0.0,6.489992,86.33444
2024-01-10 20:00:00+05:30,16.15,0.0,5.4833565,90.24384
2024-01-10 21:00:00+05:30,16.15,0.0,7.289444,89.952965
2024-01-10 22:00:00+05:30,16.2,0.0,6.5693827,89.956635
2024-01-10 23:00:00+05:30,15.35,0.0,6.489992,94.06578
2024-01-11 00:00:00+05:30,14.8,0.0,5.0911684,94.65334
2024-01-11 01:00:00+05:30,14.45,0.0,5.0911684,94.33186
2024-01-11 02:00:00+05:30,13.75,0.0,5.3999996,94.92045
2024-01-11 03:00:00+05:30,12.95,0.0,6.830519,95.5154
2024-01-11 04:00:00+05:30,13.25,0.0,5.506941,94.590164
2024-01-11 05:00:00+05:30,13.0,0.0,3.8939953,95.51711
2024-01-11 06:00:00+05:30,12.55,0.0,2.5455842,95.816956
2024-01-11 07:00:00+05:30,14.5,0.0,1.08,90.12445
2024-01-11 08:00:00+05:30,16.3,0.0,2.2768397,85.42536
2024-01-11 09:00:00+05:30,18.25,0.0,5.0142193,76.25674
2024-01-11 10:00:00+05:30,19.85,0.0,2.5959969,69.239395
2024-01-11 11:00:00+05:30,21.1,0.0,1.08,62.661438
2024-01-11 12:00:00+05:30,22.1,0.0,3.396233,56.869713
2024-01-11 13:00:00+05:30,22.85,0.0,7.0911775,55.77117
2024-01-11 14:00:00+05:30,22.7,0.0,6.9527545,56.832283
2024-01-11 15:00:00+05:30,21.75,0.0,10.137692,60.020542
2024-01-11 16:00:00+05:30,19.7,0.0,5.692099,68.53929
2024-01-11 17:00:00+05:30,17.8,0.0,4.73506,75.937325
2024-01-11 18:00:00+05:30,15.85,0.0,5.4119864,87.34443
2024-01-11 19:00:00+05:30,15.5,0.0,5.95906,89.90487
2024-01-11 20:00:00+05:30,15.0,0.0,6.193674,91.045586
2024-01-11 21:00:00+05:30,14.6,0.0,6.4096174,90.72239
2024-01-11 22:00:00+05:30,14.3,0.0,6.28713,90.99895
2024-01-11 23:00:00+05:30,13.85,0.0,5.6233797,92.472595
2024-01-12 00:00:00+05:30,13.0,0.0,5.3517847,94.579865
2024-01-12 01:00:00+05:30,12.25,0.0,5.692099,95.17622
2024-01-12 02:00:00+05:30,11.9,0.0,5.315336,95.47918
2024-01-12 03:00:00+05:30,11.45,0.0,5.0142193,96.42006
2024-01-12 04:00:00+05:30,10.8,0.0,3.9763298,97.04757
2024-01-12 05:00:00+05:30,10.6,0.0,2.8799999,96.39645
2024-01-12 06:00:00+05:30,12.15,0.0,3.0758414,92.06945
2024-01-12 07:00:00+05:30,13.35,0.0,0.5091169,90.63583
2024-01-12 08:00:00+05:30,15.15,0.0,1.835647,87.851746
2024-01-12 09:00:00+05:30,17.25,0.0,3.096837,78.36315
2024-01-12 10:00:00+05:30,19.0,0.0,4.1046314,72.05668
2024-01-12 11:00:00+05:30,20.5,0.0,4.68,66.08212
2024-01-12 12:00:00+05:30,21.55,0.0,5.506941,61.95423
2024-01-12 13:00:00+05:30,21.95,0.0,5.4477882,60.65489
2024-01-12 14:00:00+05:30,21.8,0.0,6.439876,61.61078
2024-01-12 15:00:00+05:30,21.05,0.0,8.699793,64.71604
2024-01-12 16:00:00+05:30,18.8,0.0,4.829907,76.59105
2024-01-12 17:00:00+05:30,16.8,0.0,7.7879906,84.10543
2024-01-12 18:00:00+05:30,15.3,0.0,4.829907,92.55385
2024-01-12 19:00:00+05:30,14.7,0.0,5.1544156,94.0367
2024-01-12 20:00:00+05:30,14.05,0.0,5.6002855,94.93202
2024-01-12 21:00:00+05:30,13.75,0.0,6.12,95.85519
2024-01-12 22:00:00+05:30,13.65,0.0,4.829907,95.85203
2024-01-12 23:00:00+05:30,13.45,0.0,4.3498964,95.84568
2024-01-13 00:00:00+05:30,12.65,0.0,3.0758414,98.0513
2024-01-13 01:00:00+05:30,12.65,0.0,1.9386592,98.0513
2024-01-13 02:00:00+05:30,12.75,0.0,1.8,99.022194
2024-01-13 03:00:00+05:30,12.3,0.0,1.484318,99.01876
2024-01-13 04:00:00+05:30,12.6,0.0,1.484318,99.02106
2024-01-13 05:00:00+05:30,12.25,0.0,2.52,100.0
2024-01-13 06:00:00+05:30,12.8,0.0,3.8939953,98.37564
2024-01-13 07:00:00+05:30,13.7,0.0,2.16,95.541016
2024-01-13 08:00:00+05:30,14.35,0.0,5.0528407,94.94353
2024-01-13 09:00:00+05:30,15.8,0.0,6.8399997,88.76899
2024-01-13 10:00:00+05:30,18.0,0.0,6.5693827,77.71494
2024-01-13 11:00:00+05:30,20.0,0.0,6.12,68.37704
2024-01-13 12:00:00+05:30,21.15,0.0,6.4096174,64.73766
2024-01-13 13:00:00+05:30,21.7,0.0,6.618519,63.407986
2024-01-13 14:00:00+05:30,21.8,0.0,6.8777895,62.212055
2024-01-13 15:00:00+05:30,21.3,0.0,6.638072,63.730865
2024-01-13 16:00:00+05:30,18.65,0.0,5.315336,77.06353
2024-01-13 17:00:00+05:30,16.3,0.0,8.14587,86.540695
2024-01-13 18:00:00+05:30,16.5,0.0,3.8268526,89.40081
2024-01-13 19:00:00+05:30,16.1,0.0,3.671294,89.94926
2024-01-13 20:00:00+05:30,15.55,0.0,1.08,92.867386
2024-01-13 21:00:00+05:30,13.7,0.0,2.5455842,96.1671
2024-01-13 22:00:00+05:30,13.1,0.0,3.396233,96.46526
2024-01-13 23:00:00+05:30,13.35,0.0,3.219938,96.47203
2024-01-14 00:00:00+05:30,13.15,0.0,3.0547013,100.0
2024-01-14 01:00:00+05:30,12.9,0.0,5.0911684,100.0
2024-01-14 02:00:00+05:30,13.05,0.0,4.39436,100.0
2024-01-14 03:00:00+05:30,12.95,0.0,4.0249224,100.0
2024-01-14 04:00:00+05:30,12.65,0.0,3.0758414,100.0
2024-01-14 05:00:00+05:30,12.65,0.0,4.3349743,97.40921
2024-01-14 06:00:00+05:30,14.7,0.0,4.6938252,88.09981
2024-01-14 07:00:00+05:30,15.7,0.0,2.3051248,87.33068
2024-01-14 08:00:00+05:30,16.8,0.0,2.9024127,86.30992
2024-01-14 09:00:00+05:30,18.7,0.0,6.830519,79.08344
2024-01-14 10:00:00+05:30,20.3,0.0,9.659814,71.5981
2024-01-14 11:00:00+05:30,21.55,0.0,8.0899935,68.24614
2024-01-14 12:00:00+05:30,22.45,0.0,7.6367526,65.01691
2024-01-14 13:00:00+05:30,22.85,0.0,7.2,63.45777
2024-01-14 14:00:00+05:30,22.8,0.0,6.489992,63.65036
2024-01-14 15:00:00+05:30,22.15,0.0,5.4833565,65.79157
2024-01-14 16:00:00+05:30,19.3,0.0,6.12,82.78829
2024-01-14 17:00:00+05:30,19.65,0.0,5.495161,76.9705
2024-01-14 18:00:00+05:30,19.3,0.0,1.4399999,77.16374
2024-01-14 19:00:00+05:30,17.0,0.0,4.0249224,85.77443
2024-01-14 20:00:00+05:30,15.45,0.0,6.489992,91.07539
2024-01-14 21:00:00+05:30,14.9,0.0,6.9153743,91.633446
2024-01-14 22:00:00+05:30,14.6,0.0,5.8048253,91.91389
2024-01-14 23:00:00+05:30,13.7,0.0,5.95906,95.229324
2024-01-15 00:00:00+05:30,13.2,0.0,5.3999996,97.10186
2024-01-15 01:00:00+05:30,12.9,0.0,3.8268526,97.41421
2024-01-15 02:00:00+05:30,12.4,0.0,3.396233,96.7646
2024-01-15 03:00:00+05:30,11.75,0.0,3.0758414,96.74834
2024-01-15 04:00:00+05:30,11.0,0.0,2.968636,97.70053
2024-01-15 05:00:00+05:30,10.2,0.0,3.2599385,99.66652
2024-01-15 06:00:00+05:30,13.05,0.0,4.510787,92.73237
2024-01-15 07:00:00+05:30,15.2,0.0,4.32,85.30998
2024-01-15 08:00:00+05:30,16.65,0.0,3.9763298,84.635475
2024-01-15 09:00:00+05:30,18.15,0.0,3.7585104,84.256454
2024-01-15 10:00:00+05:30,19.95,0.0,3.7064266,76.52576
2024-01-15 11:00:00+05:30,21.25,0.0,4.1046314,73.158394
2024-01-15 12:00:00+05:30,22.45,0.0,4.379589,69.96462
2024-01-15 13:00:00+05:30,23.4,0.0,7.072878,65.63503
2024-01-15 14:00:00+05:30,23.45,0.0,7.5170207,63.387104
2024-01-15 15:00:00+05:30,22.9,0.0,5.0528407,64.081
2024-01-15 16:00:00+05:30,20.4,0.0,4.6102495,78.07387
2024-01-15 17:00:00+05:30,18.75,0.0,5.937272,84.59232
2024-01-15 18:00:00+05:30,18.9,0.0,6.151683,74.653114
2024-01-15 19:00:00+05:30,17.85,0.0,6.4096174,78.45164
2024-01-15 20:00:00+05:30,17.2,0.0,5.1165614,82.00106
2024-01-15 21:00:00+05:30,16.6,0.0,6.297428,84.35603
2024-01-15 22:00:00+05:30,16.4,0.0,6.989936,85.43576
2024-01-15 23:00:00+05:30,15.8,0.0,5.904439,89.63633
2024-01-16 00:00:00+05:30,14.95,0.0,5.00128,93.13719
2024-01-16 01:00:00+05:30,14.45,0.0,4.510787,94.02544
2024-01-16 02:00:00+05:30,14.2,0.0,4.3498964,93.402794
2024-01-16 03:00:00+05:30,13.6,0.0,4.1046314,92.7624
2024-01-16 04:00:00+05:30,13.1,0.0,3.7585104,91.52027
2024-01-16 05:00:00+05:30,12.35,0.0,5.0142193,91.472466
2024-01-16 06:00:00+05:30,12.8,0.0,3.7064266,95.51026
2024-01-16 07:00:00+05:30,15.05,0.0,5.0911684,86.98596
2024-01-16 08:00:00+05:30,17.45,0.0,5.154415,79.675964
2024-01-16 09:00:00+05:30,19.35,0.0,6.4799995,73.53289
2024-01-16 10:00:00+05:30,20.6,0.0,8.089993,69.38577
2024-01-16 11:00:00+05:30,21.35,0.0,9.028754,65.20054
2024-01-16 12:00:00+05:30,22.05,0.0,8.28,61.86755
2024-01-16 13:00:00+05:30,22.35,0.0,8.225035,57.30315
2024-01-16 14:00:00+05:30,22.1,0.0,7.9932976,60.102722
2024-01-16 15:00:00+05:30,21.8,0.0,7.172949,60.62002
2024-01-16 16:00:00+05:30,19.55,0.0,4.5820518,77.20214
2024-01-16 17:00:00+05:30,17.7,0.0,6.130579,78.93991
2024-01-16 18:00:00+05:30,16.35,2.2,3.096837,91.42834
2024-01-16 19:00:00+05:30,16.3,0.8,6.28713,92.60912
2024-01-16 20:00:00+05:30,16.45,0.1,9.028754,87.399254
2024-01-16 21:00:00+05:30,16.15,0.0,5.692099,87.08917
2024-01-16 22:00:00+05:30,15.5,0.0,4.3349743,90.78397
2024-01-16 23:00:00+05:30,15.25,0.0,4.1046314,92.851395
2024-01-17 00:00:00+05:30,15.0,0.0,4.39436,94.35535
2024-01-17 01:00:00+05:30,14.15,0.0,5.3517847,94.935875
2024-01-17 02:00:00+05:30,13.5,0.0,6.439876,95.222046
2024-01-17 03:00:00+05:30,14.75,0.0,4.6938257,89.55606
2024-01-17 04:00:00+05:30,14.4,0.0,2.16,89.5291
2024-01-17 05:00:00+05:30,13.55,0.0,3.6,90.05474
2024-01-17 06:00:00+05:30,12.3,0.0,3.8773184,97.081696
2024-01-17 07:00:00+05:30,14.15,0.0,4.0249224,96.80781
2024-01-17 08:00:00+05:30,15.3,0.0,5.4477882,91.36146
2024-01-17 09:00:00+05:30,16.35,0.1,6.2145634,86.26558
2024-01-17 10:00:00+05:30,17.0,0.1,6.924738,83.04576
2024-01-17 11:00:00+05:30,18.35,0.1,6.28713,74.80292
2024-01-17 12:00:00+05:30,19.5,0.1,5.6920996,66.95506
2024-01-17 13:00:00+05:30,19.9,0.0,6.489992,62.3902
2024-01-17 14:00:00+05:30,20.1,0.0,7.2359104,59.82687
2024-01-17 15:00:00+05:30,19.95,0.0,4.802999,62.197243
2024-01-17 16:00:00+05:30,17.35,0.0,5.937272,79.92099
2024-01-17 17:00:00+05:30,17.25,0.0,5.0911684,76.09645
2024-01-17 18:00:00+05:30,16.75,0.0,1.1384199,80.35977
2024-01-17 19:00:00+05:30,15.05,0.0,1.835647,86.98596
2024-01-17 20:00:00+05:30,13.45,0.0,3.8773184,93.05937
2024-01-17 21:00:00+05:30,13.5,0.0,4.3349743,92.75695
2024-01-17 22:00:00+05:30,14.0,0.1,5.904439,91.57713
2024-01-17 23:00:00+05:30,13.7,0.0,4.5536795,93.3779
2024-01-18 00:00:00+05:30,13.15,0.0,5.495161,93.657936
2024-01-18 01:00:00+05:30,14.0,0.0,0.5091169,90.97884
2024-01-18 02:00:00+05:30,12.55,0.1,2.2768397,94.87381
2024-01-18 03:00:00+05:30,12.6,0.0,1.9386592,95.81856
2024-01-18 04:00:00+05:30,12.35,0.0,2.4149535,98.04677
2024-01-18 05:00:00+05:30,12.45,0.0,3.8773184,98.04827
2024-01-18 06:00:00+05:30,11.0,0.0,2.4149535,99.00874
2024-01-18 07:00:00+05:30,12.15,0.0,2.8799999,95.17253
2024-01-18 08:00:00+05:30,14.85,0.0,2.9024127,85.83441
2024-01-18 09:00:00+05:30,17.4,0.0,1.835647,76.1206
2024-01-18 10:00:00+05:30,19.4,0.0,3.0547013,65.42008
2024-01-18 11:00:00+05:30,20.5,0.0,3.5455887,59.52954
2024-01-18 12:00:00+05:30,21.35,0.0,3.7585104,54.490036
2024-01-18 13:00:00+05:30,21.75,0.0,4.896529,51.957478
2024-01-18 14:00:00+05:30,21.6,0.0,6.28713,52.60974
2024-01-18 15:00:00+05:30,20.85,0.0,6.9527545,55.086502
2024-01-18 16:00:00+05:30,17.9,0.0,7.0911775,74.727356
2024-01-18 17:00:00+05:30,18.85,0.0,5.634891,64.024956
2024-01-18 18:00:00+05:30,15.95,0.0,2.5959969,79.98767
2024-01-18 19:00:00+05:30,14.25,0.0,5.991594,88.64082
2024-01-18 20:00:00+05:30,13.45,0.0,6.28713,91.24171
2024-01-18 21:00:00+05:30,13.0,0.0,4.6800003,93.035774
2024-01-18 22:00:00+05:30,12.45,0.0,5.0142193,93.315025
2024-01-18 23:00:00+05:30,12.3,0.0,5.154415,92.998825
2024-01-19 00:00:00+05:30,12.05,0.0,6.28713,92.98556
2024-01-19 01:00:00+05:30,12.8,0.0,4.0249224,89.10847
2024-01-19 02:00:00+05:30,10.85,0.0,5.4119864,95.12413
2024-01-19 03:00:00+05:30,10.35,0.0,3.6179552,95.74548
2024-01-19 04:00:00+05:30,10.1,0.0,4.6938252,96.38244
2024-01-19 05:00:00+05:30,9.8,0.0,4.68,96.37399
2024-01-19 06:00:00+05:30,11.65,0.0,4.5536795,97.06697
2024-01-19 07:00:00+05:30,12.95,0.0,4.0249224,93.957245
2024-01-19 08:00:00+05:30,15.75,0.0,0.0,84.53664
2024-01-19 09:00:00+05:30,17.55,0.0,5.315336,80.468285
2024-01-19 10:00:00+05:30,18.95,0.0,5.904439,77.109856
2024-01-19 11:00:00+05:30,20.45,0.0,3.8773184,68.910446
2024-01-19 12:00:00+05:30,21.7,0.0,3.219938,60.400196
2024-01-19 13:00:00+05:30,22.6,0.0,4.0249224,50.824165
2024-01-19 14:00:00+05:30,22.6,0.0,6.6185193,49.827976
2024-01-19 15:00:00+05:30,21.75,0.0,9.021574,52.648792
2024-01-19 16:00:00+05:30,18.55,0.0,6.989936,68.75791
2024-01-19 17:00:00+05:30,19.35,0.0,5.991594,58.473774
2024-01-19 18:00:00+05:30,17.35,0.0,5.8048253,70.58305
2024-01-19 19:00:00+05:30,15.45,0.0,6.5693827,79.13205
2024-01-19 20:00:00+05:30,14.6,0.0,4.6938252,82.4831
2024-01-19 21:00:00+05:30,13.65,0.0,3.4152596,87.14037
2024-01-19 22:00:00+05:30,12.95,0.0,3.8773184,91.20891
2024-01-19 23:00:00+05:30,12.5,0.0,4.3498964,92.09033
2024-01-20 00:00:00+05:30,12.35,0.0,4.6800003,91.77648
2024-01-20 01:00:00+05:30,11.85,0.0,7.10031,91.745476
2024-01-20 02:00:00+05:30,11.55,0.0,6.6087217,90.5091
2024-01-20 03:00:00+05:30,10.9,0.0,6.830519,91.6861
2024-01-20 04:00:00+05:30,10.55,0.0,5.4119864,92.282776
2024-01-20 05:00:00+05:30,10.45,0.0,3.9763298,92.276924
2024-01-20 06:00:00+05:30,9.5,0.0,3.396233,95.39476
2024-01-20 07:00:00+05:30,12.55,0.0,4.2136917,84.74278
2024-01-20 08:00:00+05:30,15.6,0.0,3.0547013,73.111916
2024-01-20 09:00:00+05:30,18.0,0.0,1.609969,68.197845
2024-01-20 10:00:00+05:30,19.85,0.0,2.52,64.24504
2024-01-20 11:00:00+05:30,21.2,0.0,4.3349743,59.306953
2024-01-20 12:00:00+05:30,22.2,0.0,4.2136917,54.885586
2024-01-20 13:00:00+05:30,22.85,0.0,3.8773184,52.416348
2024-01-20 14:00:00+05:30,23.0,0.0,6.2145634,51.942383
2024-01-20 15:00:00+05:30,22.2,0.0,6.162207,54.527145
2024-01-20 16:00:00+05:30,19.05,0.0,6.8399997,73.71882
2024-01-20 17:00:00+05:30,19.9,0.0,3.7585104,61.374393
2024-01-20 18:00:00+05:30,18.0,0.0,2.968636,73.53614
2024-01-20 19:00:00+05:30,17.95,0.0,8.089993,70.92939
2024-01-20 20:00:00+05:30,17.8,0.0,11.384199,70.90109
2024-01-20 21:00:00+05:30,16.8,0.0,10.829958,78.29647
2024-01-20 22:00:00+05:30,16.45,0.0,9.0,79.535324
2024-01-20 23:00:00+05:30,16.45,0.0,9.449572,77.98842
2024-01-21 00:00:00+05:30,16.65,0.0,8.714677,77.00321
2024-01-21 01:00:00+05:30,15.85,0.0,5.904439,81.29585
2024-01-21 02:00:00+05:30,15.0,0.0,5.6233797,85.28886
2024-01-21 03:00:00+05:30,13.6,0.0,5.692099,90.95193
2024-01-21 04:00:00+05:30,13.05,0.0,5.3999996,90.91475
2024-01-21 05:00:00+05:30,12.2,0.0,5.00128,92.07244
2024-01-21 06:00:00+05:30,13.55,0.8,7.653705,95.53591
2024-01-21 07:00:00+05:30,14.3,0.9,6.439876,90.10984
2024-01-21 08:00:00+05:30,15.4,0.0,6.28713,89.02522
2024-01-21 09:00:00+05:30,16.85,0.4,3.671294,81.956955
2024-01-21 10:00:00+05:30,18.2,0.0,1.1384199,76.99377
2024-01-21 11:00:00+05:30,19.85,0.0,2.0991426,68.56916
2024-01-21 12:00:00+05:30,20.95,0.0,1.2979984,62.831696
2024-01-21 13:00:00+05:30,21.65,0.1,2.52,57.318726
2024-01-21 14:00:00+05:30,21.6,0.4,3.396233,54.01737
2024-01-21 15:00:00+05:30,20.9,0.0,5.4833565,57.89063
2024-01-21 16:00:00+05:30,18.55,0.0,5.00128,76.79951
2024-01-21 17:00:00+05:30,18.85,0.0,3.6179552,69.722084
2024-01-21 18:00:00+05:30,16.1,0.6,8.350138,85.127235
2024-01-21 19:00:00+05:30,15.6,0.1,4.3498964,86.19125
2024-01-21 20:00:00+05:30,15.25,0.0,5.991594,88.43522
2024-01-21 21:00:00+05:30,15.05,0.0,6.696387,86.13639
2024-01-21 22:00:00+05:30,14.05,0.0,5.00128,90.09154
2024-01-21 23:00:00+05:30,14.0,0.0,5.815978,90.383995
2024-01-22 00:00:00+05:30,12.75,0.0,7.172949,92.10519
2024-01-22 01:00:00+05:30,11.7,0.0,6.849467,94.52586
2024-01-22 02:00:00+05:30,11.3,0.0,5.0528407,95.4583
2024-01-22 03:00:00+05:30,10.9,0.0,3.9763298,96.083694
2024-01-22 04:00:00+05:30,10.5,0.0,3.6,97.04069
2024-01-22 05:00:00+05:30,10.05,0.0,3.6179552,97.0303
2024-01-22 06:00:00+05:30,11.4,0.0,3.8773184,89.89428
2024-01-22 07:00:00+05:30,12.95,0.0,2.52,90.010345
2024-01-22 08:00:00+05:30,14.9,0.0,1.9386592,79.57747
2024-01-22 09:00:00+05:30,16.9,0.0,1.0182338,72.86166
2024-01-22 10:00:00+05:30,18.6,0.0,2.2768397,66.112785
2024-01-22 11:00:00+05:30,20.0,0.0,3.671294,61.8019
2024-01-22 12:00:00+05:30,21.15,0.0,3.7585104,57.761806
2024-01-22 13:00:00+05:30,21.9,0.0,5.315336,54.272255
2024-01-22 14:00:00+05:30,22.15,0.0,7.24486,52.234093
2024-01-22 15:00:00+05:30,21.45,0.0,8.78872,54.336132
2024-01-22 16:00:00+05:30,19.1,0.0,4.829907,67.09121
2024-01-22 17:00:00+05:30,19.0,0.0,4.1046314,64.69337
2024-01-22 18:00:00+05:30,15.5,0.0,6.439876,81.78533
2024-01-22 19:00:00+05:30,14.1,0.0,5.8603754,89.21251
2024-01-22 20:00:00+05:30,13.75,0.0,4.5820518,90.36613
2024-01-22 21:00:00+05:30,13.15,0.0,5.8603754,90.92153
2024-01-22 22:00:00+05:30,12.5,0.0,6.1094027,92.09033
2024-01-22 23:00:00+05:30,12.15,0.0,4.39436,92.68283
2024-01-23 00:00:00+05:30,11.65,0.0,4.3498964,92.96426
2024-01-23 01:00:00+05:30,11.25,0.0,4.3498964,93.25384
2024-01-23 02:00:00+05:30,10.75,0.0,3.8773184,93.85513
2024-01-23 03:00:00+05:30,10.35,0.0,4.1046314,94.78665
2024-01-23 04:00:00+05:30,10.0,0.0,3.7585104,95.09209
2024-01-23 05:00:00+05:30,9.7,0.0,3.671294,95.0807
2024-01-23 06:00:00+05:30,10.75,0.0,2.1897945,93.85513
2024-01-23 07:00:00+05:30,13.45,0.0,4.5536795,83.166306
2024-01-23 08:00:00+05:30,16.15,0.0,2.5959969,77.17838
2024-01-23 09:00:00+05:30,18.3,0.0,1.5273507,73.828354
2024-01-23 10:00:00+05:30,19.95,0.0,3.7585104,68.367035
2024-01-23 11:00:00+05:30,21.1,0.0,5.4119864,62.661438
2024-01-23 12:00:00+05:30,22.05,0.0,5.5887027,56.67207
2024-01-23 13:00:00+05:30,22.6,0.0,5.937272,53.042976
2024-01-23 14:00:00+05:30,22.6,0.0,7.8625183,55.166367
2024-01-23 15:00:00+05:30,21.9,0.3,4.1046314,57.755676
2024-01-23 16:00:00+05:30,19.85,0.0,4.829907,73.8568
2024-01-23 17:00:00+05:30,19.4,0.0,3.319036,72.36305
2024-01-23 18:00:00+05:30,16.7,0.0,6.193674,81.93799
2024-01-23 19:00:00+05:30,16.6,0.0,12.10157,78.01099
2024-01-23 20:00:00+05:30,16.05,0.0,5.495161,77.928085
2024-01-23 21:00:00+05:30,15.2,0.0,5.0142193,84.475815
2024-01-23 22:00:00+05:30,14.0,0.0,4.829907,91.27755
2024-01-23 23:00:00+05:30,13.6,0.0,5.1165614,91.853226
2024-01-24 00:00:00+05:30,13.1,0.0,4.829907,92.43008
2024-01-24 01:00:00+05:30,13.25,0.0,4.6102495,91.83185
2024-01-24 02:00:00+05:30,12.55,0.0,4.6938257,93.62903
2024-01-24 03:00:00+05:30,12.7,0.0,4.8433046,93.63628
2024-01-24 04:00:00+05:30,11.7,0.0,3.7585104,95.472244
2024-01-24 05:00:00+05:30,10.9,0.0,2.968636,97.373825
2024-01-24 06:00:00+05:30,12.6,0.1,7.386582,94.87578
2024-01-24 07:00:00+05:30,14.1,0.0,5.937272,90.39112
2024-01-24 08:00:00+05:30,15.9,0.0,6.830519,87.91785
2024-01-24 09:00:00+05:30,16.7,0.2,1.9386592,83.279816
2024-01-24 10:00:00+05:30,18.9,0.0,1.609969,75.13736
2024-01-24 11:00:00+05:30,20.4,0.0,3.5455887,69.34686
2024-01-24 12:00:00+05:30,21.2,0.0,3.6179552,65.168434
2024-01-24 13:00:00+05:30,21.75,0.0,3.2399998,61.59933
2024-01-24 14:00:00+05:30,21.9,0.0,5.4119864,60.055798
2024-01-24 15:00:00+05:30,21.3,0.4,6.2145634,60.503456
2024-01-24 16:00:00+05:30,19.35,0.0,4.802999,73.059326
2024-01-24 17:00:00+05:30,19.25,0.0,1.1384199,70.483475
2024-01-24 18:00:00+05:30,15.85,0.7,4.379589,88.19917
2024-01-24 19:00:00+05:30,15.45,0.1,6.1305785,89.02921
2024-01-24 20:00:00+05:30,14.6,0.0,5.154415,90.42665
2024-01-24 21:00:00+05:30,14.2,0.0,6.1305785,90.694824
2024-01-24 22:00:00+05:30,15.6,0.0,0.71999997,83.69524
2024-01-24 23:00:00+05:30,13.35,0.0,4.6800003,92.74876
2024-01-25 00:00:00+05:30,13.2,0.0,4.5536795,93.96869
2024-01-25 01:00:00+05:30,13.0,0.0,4.6938257,94.26925
2024-01-25 02:00:00+05:30,12.3,0.0,6.12,93.92735
2024-01-25 03:00:00+05:30,11.95,0.0,6.28713,94.223274
2024-01-25 04:00:00+05:30,11.4,0.0,7.10031,94.19897
2024-01-25 05:00:00+05:30,11.45,0.0,6.12,92.02744
2024-01-25 06:00:00+05:30,12.75,0.6,6.519877,94.25837
2024-01-25 07:00:00+05:30,14.45,0.0,4.5820518,90.120804
2024-01-25 08:00:00+05:30,16.35,0.0,1.08,84.87779
2024-01-25 09:00:00+05:30,18.15,0.0,4.39436,78.24228
2024-01-25 10:00:00+05:30,19.85,0.0,6.0347,69.6894
2024-01-25 11:00:00+05:30,20.9,0.0,6.696387,63.642635
2024-01-25 12:00:00+05:30,21.5,0.0,5.991594,59.76672
2024-01-25 13:00:00+05:30,21.9,0.0,5.95906,56.63498
2024-01-25 14:00:00+05:30,21.85,0.3,5.6920996,54.43813
2024-01-25 15:00:00+05:30,21.25,0.0,6.638072,56.846085
2024-01-25 16:00:00+05:30,19.1,0.0,4.8433046,73.727455
2024-01-25 17:00:00+05:30,16.8,0.0,6.0347,83.83338
2024-01-25 18:00:00+05:30,16.45,0.1,14.021525,87.117096
2024-01-25 19:00:00+05:30,15.8,0.0,8.534353,86.77388
2024-01-25 20:00:00+05:30,15.7,0.0,6.12,87.33068
2024-01-25 21:00:00+05:30,15.45,0.0,6.1094027,85.61552
2024-01-25 22:00:00+05:30,15.75,0.0,3.2399998,83.4395
2024-01-25 23:00:00+05:30,13.75,0.0,3.7585104,91.26128
2024-01-26 00:00:00+05:30,14.15,0.0,4.5536795,91.88668
2024-01-26 01:00:00+05:30,13.95,0.0,2.0991426,90.38043
2024-01-26 02:00:00+05:30,12.3,0.0,6.1305785,95.17808
2024-01-26 03:00:00+05:30,11.2,0.0,6.439876,97.70411
2024-01-26 04:00:00+05:30,11.4,0.0,4.32,96.098785
2024-01-26 05:00:00+05:30,10.4,0.0,3.671294,96.39085
2024-01-26 06:00:00+05:30,11.45,0.0,3.671294,91.72055
2024-01-26 07:00:00+05:30,12.8,0.0,1.4399999,92.71866
2024-01-26 08:00:00+05:30,14.9,0.0,2.5455842,84.998886
2024-01-26 09:00:00+05:30,16.6,0.0,5.0528407,82.72863
2024-01-26 10:00:00+05:30,18.55,0.0,4.829907,74.11176
2024-01-26 11:00:00+05:30,20.05,0.0,5.1919937,65.559006
2024-01-26 12:00:00+05:30,21.2,0.0,7.145796,60.28314
2024-01-26 13:00:00+05:30,21.65,0.0,7.9036193,57.69478
2024-01-26 14:00:00+05:30,21.5,0.0,7.24486,57.281918
2024-01-26 15:00:00+05:30,20.9,0.0,5.904439,59.820095
2024-01-26 16:00:00+05:30,19.0,0.0,4.379589,72.52572
2024-01-26 17:00:00+05:30,16.7,0.0,6.5693827,81.67191
2024-01-26 18:00:00+05:30,16.7,0.0,6.924738,80.35295
2024-01-26 19:00:00+05:30,15.9,0.0,5.904439,83.72994
2024-01-26 20:00:00+05:30,15.25,0.0,3.7585104,86.72119
2024-01-26 21:00:00+05:30,14.5,0.0,5.1165614,87.506485
2024-01-26 22:00:00+05:30,14.4,0.0,6.725354,87.21048
2024-01-26 23:00:00+05:30,13.2,0.0,4.1046314,92.74058
2024-01-27 00:00:00+05:30,12.5,0.1,4.510787,91.482056
2024-01-27 01:00:00+05:30,11.65,0.1,3.096837,92.96426
2024-01-27 02:00:00+05:30,11.15,0.2,2.6208394,94.502785
2024-01-27 03:00:00+05:30,10.85,0.0,4.68,95.12413
2024-01-27 04:00:00+05:30,9.9,0.0,3.6179552,99.332436
2024-01-27 05:00:00+05:30,9.75,0.0,4.379589,98.66725
2024-01-27 06:00:00+05:30,12.4,0.0,3.8268526,94.24304
2024-01-27 07:00:00+05:30,13.9,0.0,5.4477882,94.30824
2024-01-27 08:00:00+05:30,14.65,0.0,6.792466,90.4302
2024-01-27 09:00:00+05:30,15.2,0.1,3.7585104,85.03113
2024-01-27 10:00:00+05:30,17.2,0.2,5.6920996,74.365036
2024-01-27 11:00:00+05:30,18.55,0.0,5.8603754,68.75791
2024-01-27 12:00:00+05:30,19.8,0.0,4.8965297,63.3985
2024-01-27 13:00:00+05:30,20.55,0.0,5.315336,60.32776
2024-01-27 14:00:00+05:30,20.6,0.0,6.1305785,60.33949
2024-01-27 15:00:00+05:30,20.1,0.0,6.3690495,61.62243
2024-01-27 16:00:00+05:30,18.3,0.0,5.8048253,70.072495
2024-01-27 17:00:00+05:30,15.4,0.0,8.161764,84.49798
2024-01-27 18:00:00+05:30,16.1,0.3,7.928178,85.96127
2024-01-27 19:00:00+05:30,15.55,0.0,3.9763298,84.514565
2024-01-27 20:00:00+05:30,15.35,0.0,3.0758414,84.21625
2024-01-27 21:00:00+05:30,14.5,0.0,2.5455842,88.0824
2024-01-27 22:00:00+05:30,13.2,0.0,3.6,92.74058
2024-01-27 23:00:00+05:30,12.25,0.0,4.3498964,94.86206
2024-01-28 00:00:00+05:30,11.5,0.0,4.452954,96.42145
2024-01-28 01:00:00+05:30,10.8,0.0,4.896529,97.04757
2024-01-28 02:00:00+05:30,10.5,0.0,3.671294,97.04069
2024-01-28 03:00:00+05:30,10.25,0.0,2.9024127,96.710304
2024-01-28 04:00:00+05:30,10.1,0.0,2.52,96.38244
2024-01-28 05:00:00+05:30,9.9,0.0,3.96,97.02683
2024-01-28 06:00:00+05:30,12.6,0.8,5.3517847,97.08844
2024-01-28 07:00:00+05:30,13.45,0.2,7.172949,98.063324
2024-01-28 08:00:00+05:30,15.15,0.1,3.0758414,90.171745
2024-01-28 09:00:00+05:30,16.6,0.0,2.9024127,82.99794
2024-01-28 10:00:00+05:30,18.25,0.0,5.815978,73.102066
2024-01-28 11:00:00+05:30,19.85,0.0,6.379216,64.24504
2024-01-28 12:00:00+05:30,21.0,0.0,6.28713,58.67982
2024-01-28 13:00:00+05:30,21.8,0.0,5.815978,55.690678
2024-01-28 14:00:00+05:30,21.95,0.0,6.638072,56.094288
2024-01-28 15:00:00+05:30,21.2,0.0,10.195057,59.69575
2024-01-28 16:00:00+05:30,18.85,0.0,5.692099,77.842995
2024-01-28 17:00:00+05:30,18.15,0.0,5.95906,73.08437
2024-01-28 18:00:00+05:30,19.05,0.0,0.5091169,68.85727
2024-01-28 19:00:00+05:30,17.1,0.0,4.1046314,77.5782
2024-01-28 20:00:00+05:30,14.8,0.0,5.6233797,88.686554
2024-01-28 21:00:00+05:30,14.25,0.0,4.510787,90.9956
2024-01-28 22:00:00+05:30,13.6,0.0,5.0528407,93.0672
2024-01-28 23:00:00+05:30,12.7,0.0,3.319036,94.56748
2024-01-29 00:00:00+05:30,12.3,0.0,2.8799999,94.23866
2024-01-29 01:00:00+05:30,11.9,0.0,3.6179552,93.90883
2024-01-29 02:00:00+05:30,11.3,0.0,5.2416787,94.194534
2024-01-29 03:00:00+05:30,12.15,0.0,3.7064266,88.46373
2024-01-29 04:00:00+05:30,10.75,0.0,4.73506,92.91596
2024-01-29 05:00:00+05:30,10.05,0.0,3.2599385,95.41431
2024-01-29 06:00:00+05:30,10.1,0.0,1.9386592,95.41608
2024-01-29 07:00:00+05:30,12.85,0.0,5.4833565,84.77583
2024-01-29 08:00:00+05:30,16.15,0.0,4.39436,74.67654
2024-01-29 09:00:00+05:30,18.9,0.0,3.9763298,68.827515
2024-01-29 10:00:00+05:30,20.65,0.0,5.00128,60.747654
2024-01-29 11:00:00+05:30,22.0,0.0,5.8048253,55.01509
2024-01-29 12:00:00+05:30,22.9,0.0,5.815978,49.091618
2024-01-29 13:00:00+05:30,23.45,0.0,6.28713,44.73702
2024-01-29 14:00:00+05:30,23.25,0.0,5.6002855,45.886208
2024-01-29 15:00:00+05:30,22.5,0.0,4.6102495,49.801266
2024-01-29 16:00:00+05:30,20.05,0.0,5.8603754,69.95384
2024-01-29 17:00:00+05:30,17.75,0.0,7.42159,74.9461
2024-01-29 18:00:00+05:30,17.85,0.0,7.072878,66.61091
2024-01-29 19:00:00+05:30,17.1,0.0,5.1919937,72.41952
2024-01-29 20:00:00+05:30,16.45,0.0,6.1094027,76.21723
2024-01-29 21:00:00+05:30,16.4,0.0,5.634891,76.460106
2024-01-29 22:00:00+05:30,16.05,0.0,4.896529,78.18466
2024-01-29 23:00:00+05:30,15.85,0.0,4.6800003,80.236664
2024-01-30 00:00:00+05:30,14.35,0.0,5.5887027,86.066086
2024-01-30 01:00:00+05:30,15.3,0.0,4.1046314,79.11039
2024-01-30 02:00:00+05:30,14.25,0.0,3.671294,83.26206
2024-01-30 03:00:00+05:30,11.95,0.0,5.3517847,92.67176
2024-01-30 04:00:00+05:30,11.45,0.0,3.2599385,93.8879
2024-01-30 05:00:00+05:30,10.9,0.0,4.3349743,94.80865
2024-01-30 06:00:00+05:30,12.9,0.0,3.7585104,93.33777
2024-01-30 07:00:00+05:30,14.75,0.0,7.8625183,87.52922
2024-01-30 08:00:00+05:30,17.8,0.0,3.8773184,77.18186
2024-01-30 09:00:00+05:30,19.35,0.0,5.0142193,69.14127
2024-01-30 10:00:00+05:30,20.4,0.0,7.208994,65.20836
2024-01-30 11:00:00+05:30,21.4,0.0,6.489992,59.74309
2024-01-30 12:00:00+05:30,22.25,0.0,3.96,55.078194
2024-01-30 13:00:00+05:30,22.55,0.0,1.9386592,53.90604
2024-01-30 14:00:00+05:30,22.45,0.0,2.4149535,53.178463
2024-01-30 15:00:00+05:30,22.05,0.0,2.5959969,53.07516
2024-01-30 16:00:00+05:30,20.25,0.0,5.04,68.42696
2024-01-30 17:00:00+05:30,18.7,0.0,6.379216,67.22854
2024-01-30 18:00:00+05:30,17.0,0.0,3.8939953,78.58201
2024-01-30 19:00:00+05:30,15.5,1.6,17.935081,85.063255
2024-01-30 20:00:00+05:30,15.35,0.7,3.319036,88.44365
2024-01-30 21:00:00+05:30,14.55,0.0,4.68,93.42014
2024-01-30 22:00:00+05:30,13.75,0.0,4.32,94.61066
2024-01-30 23:00:00+05:30,13.6,0.0,5.0528407,94.29528
2024-01-31 00:00:00+05:30,13.25,0.0,5.4119864,93.355354
2024-01-31 01:00:00+05:30,13.6,0.0,3.8268526,89.467064
2024-01-31 02:00:00+05:30,11.25,0.0,5.3517847,96.09425
2024-01-31 03:00:00+05:30,10.95,0.0,5.00128,96.085205
2024-01-31 04:00:00+05:30,11.0,0.0,4.39436,94.81263
2024-01-31 05:00:00+05:30,11.1,0.0,4.8433046,93.55838
2024-01-31 06:00:00+05:30,13.95,0.8,5.0142193,90.08419
2024-01-31 07:00:00+05:30,14.9,0.1,10.041354,88.11719
2024-01-31 08:00:00+05:30,16.15,0.0,5.0528407,85.96631
2024-01-31 09:00:00+05:30,17.5,0.2,2.3051248,80.72251
2024-01-31 10:00:00+05:30,18.35,0.0,2.9024127,74.80292
2024-01-31 11:00:00+05:30,19.5,0.0,2.5959969,68.94631
2024-01-31 12:00:00+05:30,20.85,0.0,4.198285,62.401608
2024-01-31 13:00:00+05:30,21.65,0.0,7.0911775,56.758694
2024-01-31 14:00:00+05:30,21.45,0.0,5.2416787,56.338284
2024-01-31 15:00:00+05:30,21.15,0.0,2.8116899,56.63489
2024-01-31 16:00:00+05:30,19.85,0.0,2.6208394,70.59717
2024-01-31 17:00:00+05:30,18.9,0.2,2.52,67.04983
2024-01-31 18:00:00+05:30,15.9,0.3,3.5455887,93.18581
2024-01-31 19:00:00+05:30,15.95,0.0,1.484318,94.09249
2024-01-31 20:00:00+05:30,15.1,0.0,4.6938252,97.14379
2024-01-31 21:00:00+05:30,14.75,0.0,5.0911684,96.50962
2024-01-31 22:00:00+05:30,14.8,0.2,3.5455887,95.88821
2024-01-31 23:00:00+05:30,14.55,0.0,3.5455887,97.13175
2024-02-01 00:00:00+05:30,14.05,0.0,3.671294,98.39127
2024-02-01 01:00:00+05:30,13.5,0.0,3.319036,99.35098
2024-02-01 02:00:00+05:30,12.9,0.0,4.1046314,99.67351
2024-02-01 03:00:00+05:30,12.95,0.0,5.771239,100.0
2024-02-01 04:00:00+05:30,12.75,0.0,6.151683,100.0
2024-02-01 05:00:00+05:30,12.95,0.0,6.6087217,99.67363
2024-02-01 06:00:00+05:30,13.8,0.0,5.3517847,99.03013
2024-02-01 07:00:00+05:30,14.5,0.0,7.5170207,98.39684
2024-02-01 08:00:00+05:30,15.15,0.0,7.5942073,96.83212
2024-02-01 09:00:00+05:30,16.05,0.0,9.9571085,90.23667
2024-02-01 10:00:00+05:30,17.4,0.0,10.587917,82.0262
2024-02-01 11:00:00+05:30,19.15,0.0,10.365251,72.55265
2024-02-01 12:00:00+05:30,21.1,0.0,8.654986,65.35804
2024-02-01 13:00:00+05:30,21.95,0.0,7.42159,61.645058
2024-02-01 14:00:00+05:30,22.25,0.0,6.2145634,60.137856
2024-02-01 15:00:00+05:30,21.95,0.0,6.2145634,60.85179
2024-02-01 16:00:00+05:30,20.0,0.0,4.802999,71.082924
2024-02-01 17:00:00+05:30,17.3,0.0,6.162207,82.01365
2024-02-01 18:00:00+05:30,16.6,0.0,4.73506,79.297066
2024-02-01 19:00:00+05:30,15.35,0.0,3.6,85.88536
2024-02-01 20:00:00+05:30,15.7,0.0,5.3999996,83.70683
2024-02-01 21:00:00+05:30,14.65,0.0,3.2599385,91.319664
2024-02-01 22:00:00+05:30,14.15,0.1,4.452954,91.58656
2024-02-01 23:00:00+05:30,13.65,0.0,2.52,95.227516
2024-02-02 00:00:00+05:30,12.75,0.0,3.6,96.1391
2024-02-02 01:00:00+05:30,12.75,0.0,3.6179552,95.19464
2024-02-02 02:00:00+05:30,12.35,0.0,3.9763298,95.49477
2024-02-02 03:00:00+05:30,12.3,0.0,3.96,95.49305
2024-02-02 04:00:00+05:30,13.05,0.0,2.0364676,90.91475
2024-02-02 05:00:00+05:30,11.7,0.0,3.096837,96.1078
2024-02-02 06:00:00+05:30,14.7,0.1,1.2979984,83.86629
2024-02-02 07:00:00+05:30,15.0,0.2,4.8433046,87.26615
2024-02-02 08:00:00+05:30,16.3,0.0,4.6102495,86.540695
2024-02-02 09:00:00+05:30,18.45,0.0,5.3517847,76.53589
2024-02-02 10:00:00+05:30,20.55,0.0,4.6938257,67.38923
2024-02-02 11:00:00+05:30,21.3,0.0,5.4477882,64.979645
2024-02-02 12:00:00+05:30,20.95,0.0,3.8268526,67.03695
2024-02-02 13:00:00+05:30,19.6,1.5,10.703569,72.39905
2024-02-02 14:00:00+05:30,18.5,0.2,4.73506,78.04186
2024-02-02 15:00:00+05:30,18.95,0.0,4.452954,75.14562
2024-02-02 16:00:00+05:30,18.35,0.0,2.5455842,79.28863
2024-02-02 17:00:00+05:30,16.45,0.0,4.3498964,88.53593
2024-02-02 18:00:00+05:30,17.8,0.0,5.4833565,78.95434
2024-02-02 19:00:00+05:30,16.25,0.1,5.495161,85.420105
2024-02-02 20:00:00+05:30,15.45,0.0,8.350138,91.964905
2024-02-02 21:00:00+05:30,14.65,0.0,7.289445,95.573135
2024-02-02 22:00:00+05:30,13.3,0.0,5.0528407,97.741165
2024-02-02 23:00:00+05:30,12.7,0.1,4.73506,98.697624
2024-02-03 00:00:00+05:30,13.65,0.1,6.9153743,96.795555
2024-02-03 01:00:00+05:30,12.5,0.0,2.5959969,98.695595
2024-02-03 02:00:00+05:30,12.15,0.0,2.1897945,98.367424
2024-02-03 03:00:00+05:30,11.5,0.0,3.2599385,97.063576
2024-02-03 04:00:00+05:30,11.1,0.0,3.6179552,95.77004
2024-02-03 05:00:00+05:30,10.4,0.0,2.9024127,94.78866
2024-02-03 06:00:00+05:30,13.9,0.0,3.2599385,94.92625
2024-02-03 07:00:00+05:30,14.45,0.0,4.6800003,94.63918
2024-02-03 08:00:00+05:30,16.4,0.0,1.484318,88.818054
2024-02-03 09:00:00+05:30,18.3,0.0,3.671294,79.28155
2024-02-03 10:00:00+05:30,19.95,0.0,5.6233797,66.39706
2024-02-03 11:00:00+05:30,21.2,0.0,9.290511,54.451763
2024-02-03 12:00:00+05:30,21.95,0.0,9.504273,50.31737
2024-02-03 13:00:00+05:30,22.85,0.0,11.384198,46.235485
2024-02-03 14:00:00+05:30,22.6,0.0,11.440979,46.166767
2024-02-03 15:00:00+05:30,22.45,0.0,8.825508,43.573273
2024-02-03 16:00:00+05:30,20.5,0.0,7.9932976,51.11346
2024-02-03 17:00:00+05:30,17.2,0.0,6.849467,69.39941
2024-02-03 18:00:00+05:30,18.1,0.0,3.9763298,55.87005
2024-02-03 19:00:00+05:30,16.7,0.0,4.68,63.75892
2024-02-03 20:00:00+05:30,15.85,0.0,4.896529,70.294815
2024-02-03 21:00:00+05:30,15.85,0.0,4.5820518,70.529465
2024-02-03 22:00:00+05:30,15.15,0.0,4.072935,75.25312
2024-02-03 23:00:00+05:30,14.55,0.0,4.39436,78.73968
2024-02-04 00:00:00+05:30,13.85,0.0,4.198285,81.84404
2024-02-04 01:00:00+05:30,13.5,0.0,3.8939953,84.00601
2024-02-04 02:00:00+05:30,12.8,0.0,5.00128,86.482704
2024-02-04 03:00:00+05:30,11.85,0.0,5.3517847,90.22884
2024-02-04 04:00:00+05:30,10.9,0.0,4.6938257,91.37889
2024-02-04 05:00:00+05:30,10.5,0.0,5.00128,90.73936
2024-02-04 06:00:00+05:30,12.85,0.0,4.510787,84.77583
2024-02-04 07:00:00+05:30,14.25,0.0,2.4149535,78.95784
2024-02-04 08:00:00+05:30,15.95,0.0,2.9024127,74.64255
2024-02-04 09:00:00+05:30,17.8,0.0,4.6800003,70.668785
2024-02-04 10:00:00+05:30,19.9,0.0,6.489992,63.42078
2024-02-04 11:00:00+05:30,21.35,0.0,8.209263,54.85049
2024-02-04 12:00:00+05:30,22.2,0.0,5.6920996,49.556534
2024-02-04 13:00:00+05:30,22.9,0.0,6.6087217,47.651745
2024-02-04 14:00:00+05:30,22.8,0.0,9.085988,46.221764
2024-02-04 15:00:00+05:30,21.95,0.0,9.422101,47.07736
2024-02-04 16:00:00+05:30,20.4,0.0,5.815978,55.338062
2024-02-04 17:00:00+05:30,17.35,0.0,6.5693827,69.65842
2024-02-04 18:00:00+05:30,17.4,0.0,6.12,68.754486
2024-02-04 19:00:00+05:30,19.45,0.0,2.4149535,56.023636
2024-02-04 20:00:00+05:30,18.05,0.0,3.8268526,64.69946
2024-02-04 21:00:00+05:30,17.8,0.0,4.6102495,66.60041
2024-02-04 22:00:00+05:30,18.15,0.0,4.3498964,63.237694
2024-02-04 23:00:00+05:30,17.15,0.0,2.9024127,68.25098
2024-02-05 00:00:00+05:30,15.05,0.0,3.7064266,81.4588
2024-02-05 01:00:00+05:30,14.15,0.0,3.7585104,83.52607
2024-02-05 02:00:00+05:30,13.95,0.0,1.9386592,79.973145
2024-02-05 03:00:00+05:30,13.1,0.0,1.08,84.52137
2024-02-05 04:00:00+05:30,13.35,0.0,1.08,78.56201
2024-02-05 05:00:00+05:30,12.7,0.0,1.609969,81.14904
2024-02-05 06:00:00+05:30,15.2,0.0,2.0991426,72.0718
2024-02-05 07:00:00+05:30,16.0,0.0,1.9386592,72.941124
2024-02-05 08:00:00+05:30,17.6,0.0,3.219938,70.630714
2024-02-05 09:00:00+05:30,18.2,0.0,5.815978,69.140495
2024-02-05 10:00:00+05:30,19.7,0.0,6.792466,62.96182
2024-02-05 11:00:00+05:30,20.15,0.0,8.404285,61.836308
2024-02-05 12:00:00+05:30,21.05,0.0,6.439876,58.308426
2024-02-05 13:00:00+05:30,21.35,0.0,8.161764,56.870796
2024-02-05 14:00:00+05:30,21.0,0.0,7.729527,57.535885
2024-02-05 15:00:00+05:30,20.3,0.0,8.854829,61.0652
2024-02-05 16:00:00+05:30,19.2,0.0,8.854829,67.11188
2024-02-05 17:00:00+05:30,17.25,0.0,5.506941,77.601074
2024-02-05 18:00:00+05:30,16.9,0.1,7.5685663,82.76504
2024-02-05 19:00:00+05:30,15.95,0.2,4.1046314,89.35809
2024-02-05 20:00:00+05:30,16.15,0.1,6.1094027,88.797646
2024-02-05 21:00:00+05:30,14.7,0.1,5.315336,95.57482
2024-02-05 22:00:00+05:30,15.45,0.2,2.9024127,89.60968
2024-02-05 23:00:00+05:30,15.4,0.0,2.1897945,89.31512
2024-02-06 00:00:00+05:30,13.1,0.0,6.439876,96.78198
2024-02-06 01:00:00+05:30,14.05,0.0,3.8268526,94.93202
2024-02-06 02:00:00+05:30,12.65,0.0,4.39436,98.69712
2024-02-06 03:00:00+05:30,13.1,0.0,3.096837,97.73767
2024-02-06 04:00:00+05:30,13.1,0.0,3.563818,97.73767
2024-02-06 05:00:00+05:30,12.9,0.0,3.8939953,97.734184
2024-02-06 06:00:00+05:30,15.0,0.0,5.00128,91.93796
2024-02-06 07:00:00+05:30,15.45,0.0,4.452954,88.45209
2024-02-06 08:00:00+05:30,16.25,0.1,2.1897945,84.31708
2024-02-06 09:00:00+05:30,17.75,0.0,2.5959969,77.42525
2024-02-06 10:00:00+05:30,19.1,0.0,3.319036,71.14524
2024-02-06 11:00:00+05:30,20.7,0.0,6.519877,64.64028
2024-02-06 12:00:00+05:30,21.6,0.0,6.297428,61.9656
2024-02-06 13:00:00+05:30,21.75,0.0,7.5170207,60.80544
2024-02-06 14:00:00+05:30,22.0,0.1,11.367109,60.07926
2024-02-06 15:00:00+05:30,21.25,0.2,11.440979,65.17915
2024-02-06 16:00:00+05:30,19.75,0.0,8.473393,72.659935
2024-02-06 17:00:00+05:30,17.75,0.0,4.3349743,83.403015
2024-02-06 18:00:00+05:30,17.3,0.8,2.2768397,95.965294
2024-02-06 19:00:00+05:30,16.4,0.5,3.563818,96.862114
2024-02-06 20:00:00+05:30,15.9,0.1,2.968636,97.47308
2024-02-06 21:00:00+05:30,15.4,0.0,2.6208394,97.77735
2024-02-06 22:00:00+05:30,15.0,0.5,4.32,96.82849
2024-02-06 23:00:00+05:30,15.35,0.1,5.0911684,94.06578
2024-02-07 00:00:00+05:30,14.9,0.2,4.0249224,93.437454
2024-02-07 01:00:00+05:30,14.75,0.0,4.3349743,93.12687
2024-02-07 02:00:00+05:30,14.6,0.0,4.6938252,93.422615
2024-02-07 03:00:00+05:30,14.65,0.0,5.8603754,92.21682
2024-02-07 04:00:00+05:30,13.6,0.0,6.9247384,93.3729
2024-02-07 05:00:00+05:30,14.8,0.0,3.4152596,88.1085
2024-02-07 06:00:00+05:30,12.9,0.0,5.506941,95.51369
2024-02-07 07:00:00+05:30,15.25,0.1,1.08,89.88628
2024-02-07 08:00:00+05:30,16.85,0.0,0.8049845,86.87362
2024-02-07 09:00:00+05:30,18.35,0.2,4.3349743,78.77881
2024-02-07 10:00:00+05:30,19.55,0.1,5.815978,68.50937
2024-02-07 11:00:00+05:30,20.7,0.0,6.4096174,58.800297
2024-02-07 12:00:00+05:30,21.45,0.0,6.696387,54.51552
2024-02-07 13:00:00+05:30,21.8,0.0,7.42159,53.713818
2024-02-07 14:00:00+05:30,21.9,0.0,6.193674,51.48378
2024-02-07 15:00:00+05:30,21.6,0.0,5.315336,51.064896
2024-02-07 16:00:00+05:30,20.15,0.0,3.7585104,62.242794
2024-02-07 17:00:00+05:30,17.5,0.0,6.763786,67.201614
2024-02-07 18:00:00+05:30,16.2,0.0,6.489992,76.932755
2024-02-07 19:00:00+05:30,17.7,0.0,5.4477882,65.70344
2024-02-07 20:00:00+05:30,17.35,0.0,6.6087217,59.566677
2024-02-07 21:00:00+05:30,16.4,0.0,7.7879906,61.170082
2024-02-07 22:00:00+05:30,15.75,0.0,6.4096174,66.38848
2024-02-07 23:00:00+05:30,15.8,0.0,4.3349743,68.66139
2024-02-08 00:00:00+05:30,13.9,0.0,4.510787,78.12016
2024-02-08 01:00:00+05:30,12.9,0.0,4.5536795,82.270424
2024-02-08 02:00:00+05:30,11.95,0.0,4.3349743,85.53363
2024-02-08 03:00:00+05:30,11.5,0.0,4.32,86.64452
2024-02-08 04:00:00+05:30,11.05,0.0,3.9763298,88.66725
2024-02-08 05:00:00+05:30,10.4,0.0,4.802999,90.42678
2024-02-08 06:00:00+05:30,10.75,0.0,1.8,91.98511
2024-02-08 07:00:00+05:30,13.65,0.0,2.5959969,79.13407
2024-02-08 08:00:00+05:30,16.6,0.0,1.1384199,68.82221
2024-02-08 09:00:00+05:30,18.5,0.0,1.1384199,61.864914
2024-02-08 10:00:00+05:30,20.0,0.0,3.096837,53.60521
2024-02-08 11:00:00+05:30,21.0,0.0,6.193674,47.45056
2024-02-08 12:00:00+05:30,21.65,0.0,6.989936,43.93882
2024-02-08 13:00:00+05:30,21.85,0.0,6.8777895,42.967587
2024-02-08 14:00:00+05:30,21.8,0.0,7.7043357,43.09897
2024-02-08 15:00:00+05:30,21.1,0.0,6.8777895,46.373356
2024-02-08 16:00:00+05:30,19.35,0.0,4.0249224,72.120285
2024-02-08 17:00:00+05:30,18.2,0.0,4.1046314,58.583942
2024-02-08 18:00:00+05:30,16.0,0.0,7.0911775,75.14604
2024-02-08 19:00:00+05:30,15.45,0.0,6.4799995,79.13205
2024-02-08 20:00:00+05:30,15.15,0.0,6.8777895,79.6129
2024-02-08 21:00:00+05:30,15.1,0.0,5.771239,79.08144
2024-02-08 22:00:00+05:30,14.95,0.0,6.193674,79.32175
2024-02-08 23:00:00+05:30,13.85,0.0,4.39436,83.768
2024-02-09 00:00:00+05:30,12.45,0.0,4.6938257,89.674614
2024-02-09 01:00:00+05:30,11.9,0.0,3.7585104,91.139465
2024-02-09 02:00:00+05:30,11.2,0.0,3.9763298,93.56329
2024-02-09 03:00:00+05:30,10.7,0.0,4.379589,93.8528
2024-02-09 04:00:00+05:30,10.45,0.0,3.8773184,91.96687
2024-02-09 05:00:00+05:30,10.2,0.0,4.2136917,90.10726
2024-02-09 06:00:00+05:30,11.55,0.0,2.8116899,92.649536
2024-02-09 07:00:00+05:30,14.2,0.0,3.8268526,82.70683
2024-02-09 08:00:00+05:30,16.85,0.0,2.7416782,74.06132
2024-02-09 09:00:00+05:30,18.95,0.0,3.219938,66.40419
2024-02-09 10:00:00+05:30,20.6,0.0,4.1046314,60.53745
2024-02-09 11:00:00+05:30,21.7,0.0,4.8433046,55.483215
2024-02-09 12:00:00+05:30,22.65,0.0,6.1305785,49.677002
2024-02-09 13:00:00+05:30,23.25,0.0,7.386582,46.345257
2024-02-09 14:00:00+05:30,23.2,0.0,8.435069,46.178062
2024-02-09 15:00:00+05:30,22.7,0.0,9.178235,47.75556
2024-02-09 16:00:00+05:30,20.85,0.0,7.386582,55.451775
2024-02-09 17:00:00+05:30,17.6,0.0,6.924738,66.3383
2024-02-09 18:00:00+05:30,16.15,0.0,8.14587,71.29406
2024-02-09 19:00:00+05:30,15.2,0.0,5.1544156,74.51455
2024-02-09 20:00:00+05:30,13.9,0.0,4.0249224,82.122826
2024-02-09 21:00:00+05:30,12.8,0.0,5.04,89.701416
2024-02-09 22:00:00+05:30,12.2,0.0,5.3999996,92.68561
2024-02-09 23:00:00+05:30,12.0,0.0,5.771239,92.36706
2024-02-10 00:00:00+05:30,11.85,0.0,6.12,91.745476
2024-02-10 01:00:00+05:30,11.6,0.0,6.162207,91.11948
2024-02-10 02:00:00+05:30,11.15,0.0,6.162207,90.78454
2024-02-10 03:00:00+05:30,10.75,0.0,5.506941,89.54291
2024-02-10 04:00:00+05:30,10.15,0.0,4.1046314,89.49584
2024-02-10 05:00:00+05:30,9.85,0.0,3.7585104,87.072365
2024-02-10 06:00:00+05:30,11.6,0.0,5.1165614,85.784805
2024-02-10 07:00:00+05:30,14.2,0.0,5.8603754,76.10551
2024-02-10 08:00:00+05:30,17.2,0.0,4.896529,66.695114
2024-02-10 09:00:00+05:30,20.2,0.0,5.6920996,58.293976
2024-02-10 10:00:00+05:30,22.4,0.0,8.225035,49.93946
2024-02-10 11:00:00+05:30,23.75,0.0,10.30883,44.081974
2024-02-10 12:00:00+05:30,24.65,0.0,11.119281,39.595585
2024-02-10 13:00:00+05:30,24.95,0.0,11.885453,39.5479
2024-02-10 14:00:00+05:30,24.8,0.0,11.592894,41.530617
2024-02-10 15:00:00+05:30,24.05,0.0,11.019764,43.87314
2024-02-10 16:00:00+05:30,22.0,0.0,7.386582,52.88774
2024-02-10 17:00:00+05:30,17.8,0.0,8.64,70.90109
2024-02-10 18:00:00+05:30,18.4,0.0,6.87779,68.27865
2024-02-10 19:00:00+05:30,16.85,0.0,5.04,75.287605
2024-02-10 20:00:00+05:30,15.25,0.0,4.0249224,84.20499
2024-02-10 21:00:00+05:30,14.4,0.0,3.4152596,88.3631
2024-02-10 22:00:00+05:30,14.3,0.0,4.802999,87.48826
2024-02-10 23:00:00+05:30,14.1,0.0,4.6938252,86.32503
2024-02-11 00:00:00+05:30,13.5,0.0,5.0528407,87.12628
2024-02-11 01:00:00+05:30,12.85,0.0,5.0528407,88.22985
2024-02-11 02:00:00+05:30,12.25,0.0,5.04,87.88397
2024-02-11 03:00:00+05:30,11.7,0.0,5.0528407,89.019264
2024-02-11 04:00:00+05:30,11.1,0.0,4.3349743,91.69865
2024-02-11 05:00:00+05:30,11.05,0.0,3.6179552,92.6216
2024-02-11 06:00:00+05:30,10.85,0.0,6.12,93.54609
2024-02-11 07:00:00+05:30,14.45,0.0,5.8048253,78.72496
2024-02-11 08:00:00+05:30,19.0,0.0,0.71999997,64.480995
2024-02-11 09:00:00+05:30,21.75,0.0,3.0758414,54.59187
2024-02-11 10:00:00+05:30,23.5,0.0,5.0142193,49.414497
2024-02-11 11:00:00+05:30,25.0,0.0,5.991594,45.611355
2024-02-11 12:00:00+05:30,26.05,0.0,6.9153743,42.294743
2024-02-11 13:00:00+05:30,26.6,0.0,6.4096174,39.486732
2024-02-11 14:00:00+05:30,26.65,0.0,7.42159,38.7256
2024-02-11 15:00:00+05:30,25.95,0.0,5.991594,40.49346
2024-02-11 16:00:00+05:30,23.4,0.0,5.2416787,52.046654
2024-02-11 17:00:00+05:30,20.15,0.0,8.557102,62.242794
2024-02-11 18:00:00+05:30,19.3,0.0,7.7043357,59.24256
2024-02-11 19:00:00+05:30,19.25,0.0,5.3517847,58.449455
2024-02-11 20:00:00+05:30,18.35,0.0,5.991594,60.20654
2024-02-11 21:00:00+05:30,17.25,0.0,5.6233797,63.245346
2024-02-11 22:00:00+05:30,16.6,0.0,5.6233797,65.24804
2024-02-11 23:00:00+05:30,16.1,0.0,5.692099,67.584015
2024-02-12 00:00:00+05:30,15.4,0.0,5.8048253,69.97311
2024-02-12 01:00:00+05:30,15.15,0.0,6.28713,69.69009
2024-02-12 02:00:00+05:30,15.05,0.0,6.9527545,69.43684
2024-02-12 03:00:00+05:30,14.2,0.0,5.815978,73.35127
2024-02-12 04:00:00+05:30,13.25,0.0,6.5693827,78.28393
2024-02-12 05:00:00+05:30,12.95,0.0,6.130579,79.56481
2024-02-12 06:00:00+05:30,13.05,0.0,5.00128,83.67472
2024-02-12 07:00:00+05:30,16.25,0.0,5.6233797,71.076614
2024-02-12 08:00:00+05:30,20.1,0.0,3.319036,59.238678
2024-02-12 09:00:00+05:30,22.7,0.0,5.0142193,51.355106
2024-02-12 10:00:00+05:30,24.25,0.0,7.10031,47.85996
2024-02-12 11:00:00+05:30,25.5,0.0,7.9036193,43.98445
2024-02-12 12:00:00+05:30,26.45,0.0,7.7879906,40.101173
2024-02-12 13:00:00+05:30,26.95,0.0,7.6367526,38.174133
2024-02-12 14:00:00+05:30,27.0,0.0,7.7879906,37.190323
2024-02-12 15:00:00+05:30,26.45,0.0,7.5685663,37.781986
2024-02-12 16:00:00+05:30,23.4,0.0,6.2145634,56.08944
2024-02-12 17:00:00+05:30,23.4,0.0,4.3349743,48.262676
2024-02-12 18:00:00+05:30,20.9,0.0,6.725354,55.099186
2024-02-12 19:00:00+05:30,18.8,0.0,5.95906,59.319252
2024-02-12 20:00:00+05:30,17.85,0.0,6.489992,61.304333
2024-02-12 21:00:00+05:30,16.75,0.0,6.489992,67.269
2024-02-12 22:00:00+05:30,15.7,0.0,7.289444,73.37303
2024-02-12 23:00:00+05:30,15.75,0.0,6.489992,72.65447
2024-02-13 00:00:00+05:30,15.4,0.0,6.379216,73.07614
2024-02-13 01:00:00+05:30,15.2,0.0,6.28713,72.55463
2024-02-13 02:00:00+05:30,13.75,0.0,6.519877,79.41331
2024-02-13 03:00:00+05:30,13.45,0.0,5.6920996,80.17052
2024-02-13 04:00:00+05:30,12.2,0.0,5.154415,86.42336
2024-02-13 05:00:00+05:30,12.25,0.0,3.671294,84.14348
2024-02-13 06:00:00+05:30,12.7,0.0,3.6179552,84.47666
2024-02-13 07:00:00+05:30,15.65,0.0,4.3349743,71.19983
2024-02-13 08:00:00+05:30,19.8,0.0,0.5091169,59.166744
2024-02-13 09:00:00+05:30,22.55,0.0,3.096837,48.83557
2024-02-13 10:00:00+05:30,24.55,0.0,3.671294,43.003654
2024-02-13 11:00:00+05:30,26.05,0.0,3.7585104,38.557037
2024-02-13 12:00:00+05:30,27.0,0.0,5.1919937,35.263348
2024-02-13 13:00:00+05:30,27.4,0.0,8.287822,33.425083
2024-02-13 14:00:00+05:30,26.95,0.0,8.587338,33.862392
2024-02-13 15:00:00+05:30,26.55,0.0,7.289445,35.372677
2024-02-13 16:00:00+05:30,24.3,0.0,6.763786,44.381054
2024-02-13 17:00:00+05:30,23.5,0.0,5.692099,45.500084
2024-02-13 18:00:00+05:30,20.85,0.0,6.28713,50.023354
2024-02-13 19:00:00+05:30,19.2,0.0,7.10031,53.039852
2024-02-13 20:00:00+05:30,18.25,0.0,6.792466,56.66474
2024-02-13 21:00:00+05:30,16.85,0.0,5.3517847,61.896576
2024-02-13 22:00:00+05:30,15.75,0.0,5.2416787,63.331135
2024-02-13 23:00:00+05:30,15.35,0.0,5.0911684,63.670094
2024-02-14 00:00:00+05:30,14.75,0.0,5.771239,67.07619
2024-02-14 01:00:00+05:30,14.5,0.0,5.3999996,68.861145
2024-02-14 02:00:00+05:30,13.9,0.0,5.04,73.05131
2024-02-14 03:00:00+05:30,14.25,0.0,4.3349743,70.69497
2024-02-14 04:00:00+05:30,11.95,0.0,5.6920996,80.50284
2024-02-14 05:00:00+05:30,11.5,0.0,4.3498964,79.08667
2024-02-14 06:00:00+05:30,14.4,0.0,6.297428,73.633354
2024-02-14 07:00:00+05:30,16.75,0.0,4.5536795,66.822586
2024-02-14 08:00:00+05:30,19.3,0.0,2.9024127,60.23166
2024-02-14 09:00:00+05:30,22.7,0.0,1.2979984,46.50288
2024-02-14 10:00:00+05:30,24.6,0.0,3.7064266,41.33676
2024-02-14 11:00:00+05:30,26.15,0.0,4.3498964,35.49728
2024-02-14 12:00:00+05:30,26.8,0.0,5.04,32.811974
2024-02-14 13:00:00+05:30,26.95,0.0,5.3999996,32.305363
2024-02-14 14:00:00+05:30,26.85,0.0,4.32,31.952066
2024-02-14 15:00:00+05:30,26.45,0.0,4.3349743,32.383656
2024-02-14 16:00:00+05:30,24.35,0.0,4.802999,58.160217
2024-02-14 17:00:00+05:30,24.4,0.0,3.6179552,39.790783
2024-02-14 18:00:00+05:30,21.15,0.0,6.28713,49.109745
2024-02-14 19:00:00+05:30,19.9,0.0,6.2145634,52.339565
2024-02-14 20:00:00+05:30,19.2,0.0,5.3517847,56.902027
2024-02-14 21:00:00+05:30,18.4,0.0,6.1305785,61.84186
2024-02-14 22:00:00+05:30,18.6,0.0,9.726664,62.921215
2024-02-14 23:00:00+05:30,18.55,0.0,7.289445,65.452576
2024-02-15 00:00:00+05:30,18.6,0.0,8.4963045,68.09543
2024-02-15 01:00:00+05:30,18.2,0.0,7.2,72.85531
2024-02-15 02:00:00+05:30,17.0,0.0,5.95906,80.65556
2024-02-15 03:00:00+05:30,16.1,0.0,5.991594,85.682465
2024-02-15 04:00:00+05:30,15.85,0.0,3.96,86.77863
2024-02-15 05:00:00+05:30,15.85,0.0,1.484318,87.91345
2024-02-15 06:00:00+05:30,16.8,0.0,3.8773184,86.0316
2024-02-15 07:00:00+05:30,17.95,0.1,9.793059,84.23419
2024-02-15 08:00:00+05:30,18.9,0.0,1.484318,79.877464
2024-02-15 09:00:00+05:30,20.75,0.0,1.9386592,69.86295
2024-02-15 10:00:00+05:30,22.9,0.0,4.6800003,58.3747
2024-02-15 11:00:00+05:30,24.75,0.0,5.8603754,49.42437
2024-02-15 12:00:00+05:30,25.9,0.0,6.12,45.26288
2024-02-15 13:00:00+05:30,26.25,0.0,5.495161,44.046978
2024-02-15 14:00:00+05:30,26.5,0.0,4.8433046,42.838165
2024-02-15 15:00:00+05:30,26.2,0.0,6.4096174,43.603493
2024-02-15 16:00:00+05:30,24.45,0.0,10.195057,51.14405
2024-02-15 17:00:00+05:30,22.2,0.0,9.085988,60.712936
2024-02-15 18:00:00+05:30,20.75,0.1,5.5887027,64.65114
2024-02-15 19:00:00+05:30,18.6,2.3,8.891344,81.65081
2024-02-15 20:00:00+05:30,17.8,0.1,4.6800003,86.6849
2024-02-15 21:00:00+05:30,16.8,0.0,4.3349743,92.636536
2024-02-15 22:00:00+05:30,17.3,0.0,3.7585104,88.891045
2024-02-15 23:00:00+05:30,16.25,0.0,3.8268526,94.40817
2024-02-16 00:00:00+05:30,15.4,0.0,4.072935,97.46342
2024-02-16 01:00:00+05:30,15.2,0.0,4.3349743,97.773964
2024-02-16 02:00:00+05:30,15.55,0.0,1.1384199,97.153595
2024-02-16 03:00:00+05:30,14.15,0.0,2.52,99.35426
2024-02-16 04:00:00+05:30,13.85,0.0,2.9024127,98.06929
2024-02-16 05:00:00+05:30,13.55,0.0,2.7416782,96.793106
2024-02-16 06:00:00+05:30,15.05,0.0,4.73506,99.67893
2024-02-16 07:00:00+05:30,16.5,0.0,4.32,95.02496
2024-02-16 08:00:00+05:30,18.1,0.0,4.829907,89.23909
2024-02-16 09:00:00+05:30,20.1,0.0,5.315336,80.04204
2024-02-16 10:00:00+05:30,22.4,0.0,5.8603754,69.733246
2024-02-16 11:00:00+05:30,24.5,0.0,7.7043357,58.94481
2024-02-16 12:00:00+05:30,26.0,0.0,8.287822,50.889584
2024-02-16 13:00:00+05:30,26.85,0.0,8.161764,45.81775
2024-02-16 14:00:00+05:30,26.9,0.0,8.587338,44.803627
2024-02-16 15:00:00+05:30,26.15,0.0,8.891344,46.67723
2024-02-16 16:00:00+05:30,24.65,0.0,5.3517847,53.223984
2024-02-16 17:00:00+05:30,21.45,0.0,7.10031,65.43255
2024-02-16 18:00:00+05:30,20.9,0.0,6.6185193,68.11616
2024-02-16 19:00:00+05:30,19.95,0.0,5.506941,72.929924
2024-02-16 20:00:00+05:30,19.35,0.0,4.198285,75.21166
2024-02-16 21:00:00+05:30,18.85,0.0,7.628263,78.85104
2024-02-16 22:00:00+05:30,18.75,0.0,6.379216,79.34524
2024-02-16 23:00:00+05:30,17.95,0.0,6.28713,82.09506
2024-02-17 00:00:00+05:30,17.4,0.0,6.193674,82.82546
2024-02-17 01:00:00+05:30,16.85,0.0,6.792466,83.29749
2024-02-17 02:00:00+05:30,16.3,0.0,7.928177,85.14848
2024-02-17 03:00:00+05:30,15.85,0.0,7.42159,86.216095
2024-02-17 04:00:00+05:30,16.3,0.0,5.8603754,82.69214
2024-02-17 05:00:00+05:30,15.0,0.0,4.896529,88.41406
2024-02-17 06:00:00+05:30,16.2,0.1,3.9763298,91.12473
2024-02-17 07:00:00+05:30,18.05,0.3,2.3051248,86.708725
2024-02-17 08:00:00+05:30,19.95,0.1,3.7585104,79.26089
2024-02-17 09:00:00+05:30,21.45,0.0,7.072878,70.445946
2024-02-17 10:00:00+05:30,23.45,0.0,6.9899354,59.646698
2024-02-17 11:00:00+05:30,24.7,0.1,10.636766,54.627216
2024-02-17 12:00:00+05:30,25.25,0.3,10.966713,52.18798
2024-02-17 13:00:00+05:30,25.55,0.0,10.587917,50.282608
2024-02-17 14:00:00+05:30,25.6,0.0,10.30883,47.755455
2024-02-17 15:00:00+05:30,25.2,0.0,8.0899935,47.803314
2024-02-17 16:00:00+05:30,23.55,0.0,4.198285,62.40575
2024-02-17 17:00:00+05:30,21.3,0.0,6.130579,64.77003
2024-02-17 18:00:00+05:30,20.15,0.0,6.151683,63.269325
2024-02-17 19:00:00+05:30,18.9,0.0,5.6233797,67.71166
2024-02-17 20:00:00+05:30,18.45,0.0,5.692099,69.18982
2024-02-17 21:00:00+05:30,17.95,0.0,5.991594,70.92939
2024-02-17 22:00:00+05:30,17.45,0.0,6.9153743,70.834854
2024-02-17 23:00:00+05:30,16.9,0.0,6.792466,70.964455
2024-02-18 00:00:00+05:30,15.95,0.0,4.829907,74.64255
2024-02-18 01:00:00+05:30,15.6,0.0,5.0142193,75.32816
2024-02-18 02:00:00+05:30,15.45,0.0,6.924738,74.31014
2024-02-18 03:00:00+05:30,15.15,0.0,6.0347,74.2584
2024-02-18 04:00:00+05:30,13.85,0.0,6.763786,81.30152
2024-02-18 05:00:00+05:30,14.4,0.0,4.8433046,76.392624
2024-02-18 06:00:00+05:30,15.5,0.0,3.8773184,78.360275
2024-02-18 07:00:00+05:30,18.35,0.1,3.6179552,66.935616
2024-02-18 08:00:00+05:30,21.55,0.0,1.1384199,56.363163
2024-02-18 09:00:00+05:30,23.65,0.0,3.8773184,50.271786
2024-02-18 10:00:00+05:30,25.1,0.0,6.989936,46.089558
2024-02-18 11:00:00+05:30,26.05,0.0,9.021574,42.294743
2024-02-18 12:00:00+05:30,26.65,0.0,10.829958,37.58801
2024-02-18 13:00:00+05:30,26.95,0.0,10.787993,35.014717
2024-02-18 14:00:00+05:30,26.7,0.0,10.233123,34.364002
2024-02-18 15:00:00+05:30,26.2,0.0,9.0,35.750126
2024-02-18 16:00:00+05:30,24.05,0.0,4.510787,50.707455
2024-02-18 17:00:00+05:30,22.25,0.0,6.725354,52.4325
2024-02-18 18:00:00+05:30,20.4,0.0,6.439876,60.49062
2024-02-18 19:00:00+05:30,21.5,0.0,4.379589,55.6154
2024-02-18 20:00:00+05:30,20.9,0.0,3.8939953,57.700733
2024-02-18 21:00:00+05:30,21.3,0.0,3.319036,54.65729
2024-02-18 22:00:00+05:30,20.65,0.0,2.2768397,56.510654
2024-02-18 23:00:00+05:30,18.6,0.0,3.0758414,64.18117
2024-02-19 00:00:00+05:30,15.4,0.0,5.154415,79.648254
2024-02-19 01:00:00+05:30,14.9,0.0,4.896529,81.17095
2024-02-19 02:00:00+05:30,15.95,0.0,2.2768397,73.417274
2024-02-19 03:00:00+05:30,14.2,0.0,3.5455887,81.88891
2024-02-19 04:00:00+05:30,13.0,0.0,5.00128,87.368805
2024-02-19 05:00:00+05:30,12.7,0.0,4.6800003,87.92404
2024-02-19 06:00:00+05:30,15.4,0.1,2.9024127,81.5043
2024-02-19 07:00:00+05:30,17.5,1.0,1.8,82.03873
2024-02-19 08:00:00+05:30,19.15,0.3,2.9024127,80.42506
2024-02-19 09:00:00+05:30,20.45,0.1,2.5455842,78.82915
2024-02-19 10:00:00+05:30,22.8,0.0,4.6800003,67.629135
2024-02-19 11:00:00+05:30,24.4,0.0,2.6208394,60.06042
2024-02-19 12:00:00+05:30,25.65,0.1,1.0182338,50.962162
2024-02-19 13:00:00+05:30,26.5,0.0,3.396233,43.119213
2024-02-19 14:00:00+05:30,26.6,0.0,5.495161,41.348885
2024-02-19 15:00:00+05:30,26.15,0.0,7.4128532,42.04537
2024-02-19 16:00:00+05:30,24.35,0.0,4.379589,52.29317
2024-02-19 17:00:00+05:30,23.0,0.0,5.4477882,54.551826
2024-02-19 18:00:00+05:30,19.7,0.0,7.8954163,58.55875
2024-02-19 19:00:00+05:30,18.9,0.0,7.127636,60.336823
2024-02-19 20:00:00+05:30,18.25,0.0,6.193674,62.842007
2024-02-19 21:00:00+05:30,17.35,0.0,5.506941,65.19345
2024-02-19 22:00:00+05:30,16.65,0.0,5.5887027,65.041115
2024-02-19 23:00:00+05:30,15.85,0.0,4.73506,67.98592
2024-02-20 00:00:00+05:30,15.4,0.0,5.0528407,70.67869
2024-02-20 01:00:00+05:30,14.85,0.0,5.3999996,73.95922
2024-02-20 02:00:00+05:30,14.3,0.0,5.7599998,76.37649
2024-02-20 03:00:00+05:30,13.35,0.0,4.73506,80.15659
2024-02-20 04:00:00+05:30,12.95,0.0,4.452954,79.56481
2024-02-20 05:00:00+05:30,12.75,0.0,4.1046314,78.20842
2024-02-20 06:00:00+05:30,14.65,0.0,2.5455842,74.420105
2024-02-20 07:00:00+05:30,17.0,0.0,1.4399999,64.90057
2024-02-20 08:00:00+05:30,19.75,0.1,0.8049845,59.546806
2024-02-20 09:00:00+05:30,21.9,0.0,0.71999997,53.739506
2024-02-20 10:00:00+05:30,23.95,0.0,4.379589,48.7296
2024-02-20 11:00:00+05:30,25.3,0.0,8.12197,45.8432
2024-02-20 12:00:00+05:30,26.0,0.0,7.24486,44.702885
2024-02-20 13:00:00+05:30,26.5,0.0,5.634891,43.97213
2024-02-20 14:00:00+05:30,26.7,0.0,6.3690495,43.883965
2024-02-20 15:00:00+05:30,26.5,0.0,8.373386,44.404125
2024-02-20 16:00:00+05:30,25.05,0.0,7.968939,49.504078
2024-02-20 17:00:00+05:30,22.2,0.0,5.0911684,59.73774
2024-02-20 18:00:00+05:30,19.0,0.0,3.396233,93.92978
2024-02-20 19:00:00+05:30,19.05,0.0,4.3349743,94.22758
2024-02-20 20:00:00+05:30,18.45,0.0,7.0911775,95.39728
2024-02-20 21:00:00+05:30,18.3,0.0,7.42159,95.69341
2024-02-20 22:00:00+05:30,18.2,0.5,7.928178,94.19098
2024-02-20 23:00:00+05:30,17.6,0.3,8.217153,95.9744
2024-02-21 00:00:00+05:30,17.5,2.6,8.654986,94.7608
2024-02-21 01:00:00+05:30,17.3,0.4,7.4128532,94.45201
2024-02-21 02:00:00+05:30,17.05,8.8,8.12197,94.14097
2024-02-21 03:00:00+05:30,16.6,7.1,6.4096174,95.94393
2024-02-21 04:00:00+05:30,16.4,0.7,5.8603754,96.862114
2024-02-21 05:00:00+05:30,16.1,0.0,4.510787,97.16548
2024-02-21 06:00:00+05:30,15.9,0.0,5.0528407,95.308235
2024-02-21 07:00:00+05:30,17.25,0.0,6.87779,92.66103
2024-02-21 08:00:00+05:30,18.45,0.0,8.587338,88.41942
2024-02-21 09:00:00+05:30,19.5,0.0,9.19939,82.287094
2024-02-21 10:00:00+05:30,21.65,0.0,6.6185193,74.39912
2024-02-21 11:00:00+05:30,23.15,0.0,7.8954163,68.78041
2024-02-21 12:00:00+05:30,24.35,0.0,7.9036193,63.58436
2024-02-21 13:00:00+05:30,24.7,0.0,4.68,62.069687
2024-02-21 14:00:00+05:30,24.8,0.0,1.1384199,61.504795
2024-02-21 15:00:00+05:30,25.0,0.0,5.6920996,61.35554
2024-02-21 16:00:00+05:30,23.6,0.0,5.1919937,69.74194
2024-02-21 17:00:00+05:30,21.6,0.0,8.209263,75.101364
2024-02-21 18:00:00+05:30,18.6,0.0,4.1046314,90.131226
2024-02-21 19:00:00+05:30,17.45,0.0,4.896529,93.26404
2024-02-21 20:00:00+05:30,18.8,0.0,1.2979984,87.610725
2024-02-21 21:00:00+05:30,16.2,0.0,2.4149535,96.23936
2024-02-21 22:00:00+05:30,15.6,0.0,2.8799999,97.46725
2024-02-21 23:00:00+05:30,15.2,0.0,2.1897945,97.45952
2024-02-22 00:00:00+05:30,14.95,0.0,1.08,97.76967
2024-02-22 01:00:00+05:30,14.6,0.0,2.52,99.677795
2024-02-22 02:00:00+05:30,14.35,0.0,1.08,99.034256
2024-02-22 03:00:00+05:30,14.05,0.0,2.5455842,99.67642
2024-02-22 04:00:00+05:30,14.65,0.0,4.3498964,98.08117
2024-02-22 05:00:00+05:30,15.0,0.0,3.6179552,97.77051
2024-02-22 06:00:00+05:30,17.2,0.3,6.9527545,96.26768
2024-02-22 07:00:00+05:30,18.4,0.0,3.563818,91.2672
2024-02-22 08:00:00+05:30,19.45,0.0,2.5455842,89.90846
2024-02-22 09:00:00+05:30,20.15,0.0,4.39436,86.63335
2024-02-22 10:00:00+05:30,20.9,0.0,3.0547013,78.64418
2024-02-22 11:00:00+05:30,22.5,0.0,3.6179552,69.09083
2024-02-22 12:00:00+05:30,23.25,0.5,10.086427,67.5053
2024-02-22 13:00:00+05:30,19.9,0.4,15.5843,85.52338
2024-02-22 14:00:00+05:30,21.25,0.0,8.287822,77.95223
2024-02-22 15:00:00+05:30,20.8,0.2,4.1046314,74.731125
2024-02-22 16:00:00+05:30,20.0,0.0,5.1165614,76.53361
2024-02-22 17:00:00+05:30,18.0,0.0,4.896529,85.05423
2024-02-22 18:00:00+05:30,17.2,0.0,5.991594,89.741974
2024-02-22 19:00:00+05:30,15.9,0.0,5.04,93.48646
2024-02-22 20:00:00+05:30,15.6,0.0,8.64,93.773926
2024-02-22 21:00:00+05:30,14.8,0.0,5.3999996,93.43251
2024-02-22 22:00:00+05:30,14.55,0.0,4.2136917,93.7246
2024-02-22 23:00:00+05:30,15.45,0.0,3.6179552,91.667564
2024-02-23 00:00:00+05:30,15.1,0.0,3.396233,92.54271
2024-02-23 01:00:00+05:30,15.5,0.4,3.0758414,91.967896
2024-02-23 02:00:00+05:30,15.7,0.5,2.1897945,93.7786
2024-02-23 03:00:00+05:30,15.6,0.0,3.0758414,94.68552
2024-02-23 04:00:00+05:30,15.3,0.0,2.0991426,95.59493
2024-02-23 05:00:00+05:30,15.0,0.0,3.7064266,95.894455
2024-02-23 06:00:00+05:30,17.2,0.0,3.6,83.069595
2024-02-23 07:00:00+05:30,18.05,0.0,1.0182338,84.78738
2024-02-23 08:00:00+05:30,19.25,0.0,6.9153743,83.8431
2024-02-23 09:00:00+05:30,20.3,0.0,6.849467,78.807655
2024-02-23 10:00:00+05:30,21.8,0.0,5.3517847,69.84054
2024-02-23 11:00:00+05:30,23.3,0.0,5.95906,57.164078
2024-02-23 12:00:00+05:30,24.35,0.0,7.9932976,52.975395
2024-02-23 13:00:00+05:30,24.65,0.0,9.565437,55.499954
2024-02-23 14:00:00+05:30,24.8,0.0,10.041354,54.82833
2024-02-23 15:00:00+05:30,24.3,0.0,9.565437,54.52653
2024-02-23 16:00:00+05:30,22.45,0.0,5.00128,66.91507
2024-02-23 17:00:00+05:30,20.7,0.0,6.725354,70.75721
2024-02-23 18:00:00+05:30,19.25,0.0,5.6920996,68.67282
2024-02-23 19:00:00+05:30,18.0,0.0,3.8268526,74.50117
2024-02-23 20:00:00+05:30,16.8,0.0,4.198285,77.02663
2024-02-23 21:00:00+05:30,16.5,0.0,5.154415,74.000786
2024-02-23 22:00:00+05:30,14.3,0.0,5.00128,86.34484
2024-02-23 23:00:00+05:30,13.8,0.0,4.0249224,86.29523
2024-02-24 00:00:00+05:30,13.4,0.0,4.2136917,84.83614
2024-02-24 01:00:00+05:30,13.7,0.0,4.0249224,77.30939
2024-02-24 02:00:00+05:30,12.7,0.0,6.28713,80.06581
2024-02-24 03:00:00+05:30,12.5,0.0,5.937272,80.30769
2024-02-24 04:00:00+05:30,11.95,0.0,6.28713,83.54519
2024-02-24 05:00:00+05:30,11.8,0.0,4.3349743,84.09188
2024-02-24 06:00:00+05:30,14.7,0.0,3.6,84.69836
2024-02-24 07:00:00+05:30,16.95,0.0,3.6,79.865456
2024-02-24 08:00:00+05:30,19.75,0.0,2.5959969,70.57826
2024-02-24 09:00:00+05:30,21.7,0.0,5.315336,68.49493
2024-02-24 10:00:00+05:30,23.1,0.0,5.95906,65.36337
2024-02-24 11:00:00+05:30,24.3,0.0,7.2,56.130978
2024-02-24 12:00:00+05:30,25.15,0.0,6.638072,47.170353
2024-02-24 13:00:00+05:30,25.5,0.0,9.178235,42.983593
2024-02-24 14:00:00+05:30,24.95,0.0,10.495713,42.548317
2024-02-24 15:00:00+05:30,24.45,0.0,5.937272,47.2899
2024-02-24 16:00:00+05:30,22.5,0.0,6.489992,67.353584
2024-02-24 17:00:00+05:30,20.05,0.0,7.8954163,59.22671
2024-02-24 18:00:00+05:30,18.95,0.0,6.725354,57.988827
2024-02-24 19:00:00+05:30,18.4,0.0,6.989936,57.083847
2024-02-24 20:00:00+05:30,17.15,0.0,5.692099,63.434402
2024-02-24 21:00:00+05:30,16.5,0.0,5.8048253,65.44488
2024-02-24 22:00:00+05:30,15.8,0.0,6.297428,66.17655
2024-02-24 23:00:00+05:30,15.85,0.0,7.4128532,64.43064
2024-02-25 00:00:00+05:30,15.7,0.0,7.754637,64.397385
2024-02-25 01:00:00+05:30,14.8,0.0,7.5685663,71.75696
2024-02-25 02:00:00+05:30,16.9,0.0,3.671294,61.287464
2024-02-25 03:00:00+05:30,16.85,0.0,2.4149535,60.050533
2024-02-25 04:00:00+05:30,15.75,0.0,4.32,70.98185
2024-02-25 05:00:00+05:30,16.55,0.0,3.4152596,65.01927
2024-02-25 06:00:00+05:30,16.05,0.3,4.6938252,80.79155
2024-02-25 07:00:00+05:30,16.95,0.0,2.1897945,83.5795
2024-02-25 08:00:00+05:30,17.1,0.3,1.2979984,85.5084
2024-02-25 09:00:00+05:30,17.45,0.1,6.12,83.36796
2024-02-25 10:00:00+05:30,18.8,0.0,8.217153,72.25468
2024-02-25 11:00:00+05:30,19.6,0.0,7.5685663,66.32366
2024-02-25 12:00:00+05:30,21.4,0.0,7.072878,59.354588
2024-02-25 13:00:00+05:30,22.4,0.0,6.87779,55.65878
2024-02-25 14:00:00+05:30,22.75,0.0,4.8965297,54.31085
2024-02-25 15:00:00+05:30,22.4,0.0,5.495161,56.206238
2024-02-25 16:00:00+05:30,20.5,0.0,5.5887027,74.681114
2024-02-25 17:00:00+05:30,18.6,0.0,6.3690495,70.58962
2024-02-25 18:00:00+05:30,18.25,0.0,3.8939953,68.02449
2024-02-25 19:00:00+05:30,16.7,0.0,7.342588,74.279434
2024-02-25 20:00:00+05:30,15.0,0.0,6.4799995,85.28886
2024-02-25 21:00:00+05:30,14.3,0.0,4.8965297,88.35455
2024-02-25 22:00:00+05:30,13.1,0.0,4.6938257,92.43008
2024-02-25 23:00:00+05:30,13.0,0.0,5.815978,93.035774
2024-02-26 00:00:00+05:30,12.8,0.0,5.315336,94.260544
2024-02-26 01:00:00+05:30,12.3,0.0,4.39436,95.49305
2024-02-26 02:00:00+05:30,11.45,0.0,6.1305785,96.42006
2024-02-26 03:00:00+05:30,11.15,0.0,5.904439,97.05559
2024-02-26 04:00:00+05:30,10.9,0.0,4.8433046,98.024605
2024-02-26 05:00:00+05:30,10.75,0.0,4.3349743,99.00678
2024-02-26 06:00:00+05:30,12.75,0.0,5.6233797,97.73155
2024-02-26 07:00:00+05:30,13.95,0.0,7.0911775,98.070786
2024-02-26 08:00:00+05:30,16.25,0.0,6.0347,87.66435
2024-02-26 09:00:00+05:30,18.35,0.0,7.4128532,78.271866
2024-02-26 10:00:00+05:30,20.2,0.0,8.714677,69.08417
2024-02-26 11:00:00+05:30,21.35,0.0,11.885453,63.741875
2024-02-26 12:00:00+05:30,22.6,0.0,12.43434,57.178196
2024-02-26 13:00:00+05:30,23.45,0.0,12.413476,53.609756
2024-02-26 14:00:00+05:30,23.6,0.0,11.631956,53.47396
2024-02-26 15:00:00+05:30,23.0,0.0,10.685391,56.17227
2024-02-26 16:00:00+05:30,21.0,0.0,5.1919937,67.48096
2024-02-26 17:00:00+05:30,18.15,0.0,7.9932976,74.28449
2024-02-26 18:00:00+05:30,21.25,0.0,2.8116899,58.73998
2024-02-26 19:00:00+05:30,20.05,0.0,4.2136917,64.07929
2024-02-26 20:00:00+05:30,16.15,0.0,4.3349743,83.758766
2024-02-26 21:00:00+05:30,15.35,0.0,5.04,86.73078
2024-02-26 22:00:00+05:30,14.55,0.0,4.3349743,88.6658
2024-02-26 23:00:00+05:30,13.75,0.0,3.96,90.36613
2024-02-27 00:00:00+05:30,13.2,0.0,4.3349743,90.92491
2024-02-27 01:00:00+05:30,12.4,0.0,3.2399998,93.62178
2024-02-27 02:00:00+05:30,11.85,0.0,3.319036,93.59507
2024-02-27 03:00:00+05:30,11.9,0.0,4.072935,90.533936
2024-02-27 04:00:00+05:30,11.15,0.0,4.198285,92.009346
2024-02-27 05:00:00+05:30,10.6,0.0,3.0758414,91.66721
2024-02-27 06:00:00+05:30,12.6,0.0,4.379589,92.707664
2024-02-27 07:00:00+05:30,15.1,0.0,2.2768397,84.74215
2024-02-27 08:00:00+05:30,17.15,0.0,1.8,77.08112
2024-02-27 09:00:00+05:30,19.0,0.0,2.0364676,70.89568
2024-02-27 10:00:00+05:30,21.6,0.0,3.4152596,64.003235
2024-02-27 11:00:00+05:30,23.35,0.0,4.198285,59.815178
2024-02-27 12:00:00+05:30,24.65,0.0,2.9024127,56.94271
2024-02-27 13:00:00+05:30,25.6,0.0,2.52,52.95417
2024-02-27 14:00:00+05:30,26.05,0.0,3.96,49.130676
2024-02-27 15:00:00+05:30,25.45,0.0,5.4477882,51.404995
2024-02-27 16:00:00+05:30,22.85,0.0,5.5887027,66.57175
2024-02-27 17:00:00+05:30,22.15,0.0,5.8603754,59.339695
2024-02-27 18:00:00+05:30,18.45,0.0,5.95906,77.78287
2024-02-27 19:00:00+05:30,18.35,0.0,5.6002855,76.27268
2024-02-27 20:00:00+05:30,18.85,0.0,7.928177,70.63706
2024-02-27 21:00:00+05:30,17.85,0.0,7.8954163,70.44671
2024-02-27 22:00:00+05:30,17.2,0.0,6.3690495,69.17041
2024-02-27 23:00:00+05:30,17.05,0.0,6.618519,68.23069
2024-02-28 00:00:00+05:30,17.0,0.0,5.3999996,68.67431
2024-02-28 01:00:00+05:30,16.65,0.0,6.193674,69.98371
2024-02-28 02:00:00+05:30,16.3,0.0,5.1919937,72.03492
2024-02-28 03:00:00+05:30,15.7,0.0,5.3517847,75.09581
2024-02-28 04:00:00+05:30,14.55,0.0,5.904439,79.26425
2024-02-28 05:00:00+05:30,13.7,0.0,5.904439,81.82476
2024-02-28 06:00:00+05:30,14.9,0.0,5.1165614,79.84112
2024-02-28 07:00:00+05:30,17.5,0.0,5.1165614,72.0178
2024-02-28 08:00:00+05:30,20.3,0.0,4.379589,61.265694
2024-02-28 09:00:00+05:30,22.1,0.0,7.5685663,53.263
2024-02-28 10:00:00+05:30,23.75,0.0,9.36,45.719986
2024-02-28 11:00:00+05:30,25.05,0.0,11.090103,41.600582
2024-02-28 12:00:00+05:30,25.9,0.0,13.441071,37.004135
2024-02-28 13:00:00+05:30,26.3,0.0,15.141414,33.79331
2024-02-28 14:00:00+05:30,26.25,0.0,15.141414,32.87922
2024-02-28 15:00:00+05:30,25.4,0.0,11.384199,38.631027
2024-02-28 16:00:00+05:30,22.45,0.0,6.439876,62.96352
2024-02-28 17:00:00+05:30,23.65,0.0,2.52,41.484894
2024-02-28 18:00:00+05:30,23.3,0.0,6.151683,37.142387
2024-02-28 19:00:00+05:30,18.25,0.0,6.12,58.792423
2024-02-28 20:00:00+05:30,18.05,0.0,5.95906,58.351513
2024-02-28 21:00:00+05:30,17.55,0.0,6.489992,62.05841
2024-02-28 22:00:00+05:30,18.5,0.0,3.8773184,57.8783
2024-02-28 23:00:00+05:30,15.85,0.0,6.519877,70.529465
2024-02-29 00:00:00+05:30,14.7,0.0,4.896529,73.440254
2024-02-29 01:00:00+05:30,14.15,0.0,3.2599385,76.35229
2024-02-29 02:00:00+05:30,13.45,0.0,2.5455842,78.84055
2024-02-29 03:00:00+05:30,12.55,0.0,1.8,83.33641
2024-02-29 04:00:00+05:30,12.45,0.0,2.968636,81.11564
2024-02-29 05:00:00+05:30,12.1,0.0,3.319036,81.34261
2024-02-29 06:00:00+05:30,14.25,0.0,2.968636,79.74961
2024-02-29 07:00:00+05:30,17.1,0.0,3.6179552,72.181595
2024-02-29 08:00:00+05:30,19.9,0.0,5.1165614,65.31366
2024-02-29 09:00:00+05:30,22.15,0.0,6.792466,57.816475
2024-02-29 10:00:00+05:30,23.85,0.0,7.386582,52.84682
2024-02-29 11:00:00+05:30,25.2,0.0,6.638072,49.866238
2024-02-29 12:00:00+05:30,26.15,0.0,6.87779,45.47905
2024-02-29 13:00:00+05:30,26.7,0.0,8.891343,41.512623
2024-02-29 14:00:00+05:30,26.65,0.0,9.511088,38.85385
2024-02-29 15:00:00+05:30,26.0,0.0,8.766573,42.840088
2024-02-29 16:00:00+05:30,23.65,0.0,5.8048253,64.03961
2024-02-29 17:00:00+05:30,24.25,0.0,5.904439,47.85996
2024-02-29 18:00:00+05:30,22.65,0.0,3.6179552,55.721275
2024-02-29 19:00:00+05:30,21.9,0.0,3.2599385,58.895855
2024-02-29 20:00:00+05:30,19.85,0.0,3.219938,69.01535
2024-02-29 21:00:00+05:30,17.45,0.0,5.4833565,80.71584
2024-02-29 22:00:00+05:30,17.5,0.0,3.9763298,79.167625
2024-02-29 23:00:00+05:30,16.2,0.0,5.1919937,87.94413
2024-03-01 00:00:00+05:30,17.25,0.0,12.074766,80.68908
2024-03-01 01:00:00+05:30,16.9,0.0,9.904906,81.432556
2024-03-01 02:00:00+05:30,16.05,0.0,7.5942082,86.235954
2024-03-01 03:00:00+05:30,15.25,0.0,5.634891,90.76694
2024-03-01 04:00:00+05:30,15.0,0.0,5.991594,91.63964
2024-03-01 05:00:00+05:30,14.55,0.0,5.3999996,92.813835
2024-03-01 06:00:00+05:30,16.05,0.0,3.0758414,86.79775
2024-03-01 07:00:00+05:30,17.75,0.0,5.7599998,82.07005
2024-03-01 08:00:00+05:30,19.5,0.0,5.0911684,77.19445
2024-03-01 09:00:00+05:30,21.85,0.0,4.802999,68.30588
2024-03-01 10:00:00+05:30,23.85,0.0,5.692099,61.878304
2024-03-01 11:00:00+05:30,25.25,0.0,5.0911684,56.906918
2024-03-01 12:00:00+05:30,26.4,0.0,3.7585104,48.436737
2024-03-01 13:00:00+05:30,27.1,0.0,6.489992,42.308876
2024-03-01 14:00:00+05:30,27.1,0.0,7.928178,40.814518
2024-03-01 15:00:00+05:30,26.45,0.0,6.28713,44.6805
2024-03-01 16:00:00+05:30,24.25,0.0,5.3517847,58.136234
2024-03-01 17:00:00+05:30,21.55,0.0,7.754637,65.24325
2024-03-01 18:00:00+05:30,23.75,0.0,3.096837,49.806618
2024-03-01 19:00:00+05:30,22.35,0.0,2.7416782,54.209026
2024-03-01 20:00:00+05:30,19.35,0.0,5.1165614,66.05474
2024-03-01 21:00:00+05:30,18.85,0.0,5.1919937,65.9488
2024-03-01 22:00:00+05:30,17.8,0.0,6.1305785,71.367714
2024-03-01 23:00:00+05:30,17.1,0.0,5.6233797,73.13745
2024-03-02 00:00:00+05:30,16.55,0.0,6.489992,75.48557
2024-03-02 01:00:00+05:30,15.75,0.0,7.628263,79.95987
2024-03-02 02:00:00+05:30,15.4,0.0,6.6087217,80.17471
2024-03-02 03:00:00+05:30,15.2,0.0,5.8048253,80.14709
2024-03-02 04:00:00+05:30,14.95,0.0,5.3517847,80.91011
2024-03-02 05:00:00+05:30,14.45,0.0,4.6938252,84.6709
2024-03-02 06:00:00+05:30,16.75,0.0,1.609969,88.56091
2024-03-02 07:00:00+05:30,18.5,0.0,5.00128,74.82805
2024-03-02 08:00:00+05:30,21.05,0.0,3.396233,65.77126
2024-03-02 09:00:00+05:30,23.45,0.0,2.2768397,56.832294
2024-03-02 10:00:00+05:30,25.55,0.0,1.609969,50.44528
2024-03-02 11:00:00+05:30,27.05,0.0,4.0249224,46.769104
2024-03-02 12:00:00+05:30,28.05,0.0,5.0528407,43.68658
2024-03-02 13:00:00+05:30,28.55,0.0,5.0911684,40.160934
2024-03-02 14:00:00+05:30,28.9,0.0,5.8603754,37.845505
2024-03-02 15:00:00+05:30,28.35,0.0,5.0911684,42.37896
2024-03-02 16:00:00+05:30,25.85,0.0,5.8048253,54.391956
2024-03-02 17:00:00+05:30,22.6,0.0,8.350138,66.52012
2024-03-02 18:00:00+05:30,23.1,0.0,5.1544156,59.94921
2024-03-02 19:00:00+05:30,23.85,0.0,4.3498964,54.23691
2024-03-02 20:00:00+05:30,21.45,0.0,4.510787,64.593475
2024-03-02 21:00:00+05:30,21.6,0.0,10.990322,57.306446
2024-03-02 22:00:00+05:30,20.6,0.0,8.854829,56.68501
2024-03-02 23:00:00+05:30,19.85,0.0,7.10031,60.162857
2024-03-03 00:00:00+05:30,19.0,0.0,6.12,64.480995
2024-03-03 01:00:00+05:30,18.15,0.0,6.1305785,69.13062
2024-03-03 02:00:00+05:30,17.35,0.0,5.937272,73.42218
2024-03-03 03:00:00+05:30,16.55,0.0,6.162207,78.00348
2024-03-03 04:00:00+05:30,16.15,0.0,5.4119864,78.97332
2024-03-03 05:00:00+05:30,15.85,0.0,4.452954,78.92977
2024-03-03 06:00:00+05:30,17.45,0.0,3.219938,82.03247
2024-03-03 07:00:00+05:30,19.55,0.0,0.35999998,70.99887
2024-03-03 08:00:00+05:30,22.15,0.0,1.484318,62.69426
2024-03-03 09:00:00+05:30,24.5,0.0,1.9386592,54.40125
2024-03-03 10:00:00+05:30,26.5,0.0,4.8965297,48.776657
2024-03-03 11:00:00+05:30,27.6,0.0,7.6367526,46.46713
2024-03-03 12:00:00+05:30,28.25,0.0,8.435069,43.741325
2024-03-03 13:00:00+05:30,28.7,0.0,10.464797,40.85962
2024-03-03 14:00:00+05:30,28.7,0.0,10.086427,40.59567
2024-03-03 15:00:00+05:30,28.25,0.0,9.422101,42.21459
2024-03-03 16:00:00+05:30,25.95,0.0,5.3999996,56.715744
2024-03-03 17:00:00+05:30,23.2,0.0,8.587338,64.55662
2024-03-03 18:00:00+05:30,24.95,0.0,17.026896,51.942352
2024-03-03 19:00:00+05:30,24.15,0.0,16.808569,55.019222
2024-03-03 20:00:00+05:30,23.35,0.0,12.864649,58.106728
2024-03-03 21:00:00+05:30,22.65,0.0,12.324414,61.210438
2024-03-03 22:00:00+05:30,22.1,0.0,10.446206,64.733734
2024-03-03 23:00:00+05:30,21.9,0.0,9.114471,65.31783
2024-03-04 00:00:00+05:30,20.85,0.0,9.449572,68.989105
2024-03-04 01:00:00+05:30,20.0,0.0,9.387651,72.00558
2024-03-04 02:00:00+05:30,19.35,0.0,8.209263,74.00914
2024-03-04 03:00:00+05:30,18.0,0.0,4.829907,77.96713
2024-03-04 04:00:00+05:30,17.25,0.0,5.495161,79.3895
2024-03-04 05:00:00+05:30,16.3,0.0,5.4833565,78.736626
2024-03-04 06:00:00+05:30,19.8,0.0,5.634891,71.275536
2024-03-04 07:00:00+05:30,20.8,0.0,4.452954,71.68966
2024-03-04 08:00:00+05:30,22.4,0.0,5.6233797,67.76416
2024-03-04 09:00:00+05:30,22.7,0.0,7.653705,68.69218
2024-03-04 10:00:00+05:30,23.55,0.0,8.557102,65.043976
2024-03-04 11:00:00+05:30,25.75,0.0,12.261158,54.540802
2024-03-04 12:00:00+05:30,27.35,0.0,18.391735,47.000786
2024-03-04 13:00:00+05:30,28.4,0.0,22.007162,43.782356
2024-03-04 14:00:00+05:30,28.25,0.0,22.346113,44.308426
2024-03-04 15:00:00+05:30,27.9,0.0,18.129137,46.398884
2024-03-04 16:00:00+05:30,26.8,0.0,12.979984,50.287136
2024-03-04 17:00:00+05:30,25.2,0.0,11.720751,55.104702
2024-03-04 18:00:00+05:30,21.55,0.0,6.849467,66.51566
2024-03-04 19:00:00+05:30,21.1,0.0,5.991594,68.59593
2024-03-04 20:00:00+05:30,21.05,0.0,7.10031,68.80688
2024-03-04 21:00:00+05:30,20.75,0.0,9.83268,68.74768
2024-03-04 22:00:00+05:30,21.15,0.0,11.885453,63.286007
2024-03-04 23:00:00+05:30,20.7,0.0,6.792466,66.12416
2024-03-05 00:00:00+05:30,18.85,0.0,6.0347,79.359344
2024-03-05 01:00:00+05:30,16.75,0.0,5.506941,93.82729
2024-03-05 02:00:00+05:30,16.8,0.0,2.0364676,94.4312
2024-03-05 03:00:00+05:30,16.65,0.0,1.484318,94.42496
2024-03-05 04:00:00+05:30,16.05,0.0,1.9386592,94.39979
2024-03-05 05:00:00+05:30,15.3,0.0,0.5091169,95.28691
2024-03-05 06:00:00+05:30,19.75,0.0,5.8048253,81.277885
2024-03-05 07:00:00+05:30,21.6,0.0,7.5942073,74.39071
2024-03-05 08:00:00+05:30,23.4,0.0,10.383987,69.26533
2024-03-05 09:00:00+05:30,24.5,0.0,12.904882,67.33179
2024-03-05 10:00:00+05:30,26.15,0.0,18.35647,54.29393
2024-03-05 11:00:00+05:30,27.65,0.0,20.991426,34.17254
2024-03-05 12:00:00+05:30,28.25,0.0,21.611998,33.439762
2024-03-05 13:00:00+05:30,28.95,0.0,21.9718,29.334814
2024-03-05 14:00:00+05:30,28.9,0.0,20.991426,27.873657
2024-03-05 15:00:00+05:30,28.45,0.0,17.581125,27.005766
2024-03-05 16:00:00+05:30,26.15,0.0,10.787993,32.1901
2024-03-05 17:00:00+05:30,22.55,0.0,6.9899354,41.87573
2024-03-05 18:00:00+05:30,22.15,0.0,8.825508,47.605873
2024-03-05 19:00:00+05:30,21.3,0.0,10.587917,47.21492
2024-03-05 20:00:00+05:30,19.55,0.0,8.654987,46.891716
2024-03-05 21:00:00+05:30,18.6,0.0,10.30883,44.28477
2024-03-05 22:00:00+05:30,19.6,0.0,11.269782,39.368343
2024-03-05 23:00:00+05:30,19.1,0.0,8.699793,39.913048
2024-03-06 00:00:00+05:30,17.85,0.0,7.771331,42.715393
2024-03-06 01:00:00+05:30,16.7,0.0,8.669949,45.458733
2024-03-06 02:00:00+05:30,15.45,0.0,5.937272,50.798553
2024-03-06 03:00:00+05:30,14.5,0.0,4.379589,55.327595
2024-03-06 04:00:00+05:30,13.6,0.0,3.319036,58.650745
2024-03-06 05:00:00+05:30,13.0,0.0,5.0911684,58.501736
2024-03-06 06:00:00+05:30,14.3,0.0,5.4477882,59.844303
2024-03-06 07:00:00+05:30,16.95,0.0,4.1046314,57.106613
2024-03-06 08:00:00+05:30,20.3,0.0,2.1897945,46.781296
2024-03-06 09:00:00+05:30,22.7,0.0,3.0547013,41.91799
2024-03-06 10:00:00+05:30,24.25,0.0,3.96,42.777668
2024-03-06 11:00:00+05:30,25.4,0.0,5.4477882,42.113884
2024-03-06 12:00:00+05:30,26.35,0.0,6.151683,39.941124
2024-03-06 13:00:00+05:30,27.15,0.0,5.6233797,37.10937
2024-03-06 14:00:00+05:30,27.25,0.0,6.12,35.806915
2024-03-06 15:00:00+05:30,26.5,0.0,6.0347,39.198795
2024-03-06 16:00:00+05:30,24.05,0.0,5.1919937,52.215496
2024-03-06 17:00:00+05:30,21.25,0.0,6.3690495,56.659683
2024-03-06 18:00:00+05:30,20.6,0.0,6.3690495,57.06028
2024-03-06 19:00:00+05:30,19.35,0.0,6.725354,63.506386
2024-03-06 20:00:00+05:30,19.9,0.0,6.489992,58.995667
2024-03-06 21:00:00+05:30,19.85,0.0,7.172949,57.8248
2024-03-06 22:00:00+05:30,17.9,0.0,6.193674,65.09663
2024-03-06 23:00:00+05:30,17.0,0.0,4.39436,68.44709
2024-03-07 00:00:00+05:30,15.2,0.0,4.896529,78.05694
2024-03-07 01:00:00+05:30,14.85,0.0,4.2136917,78.78375
2024-03-07 02:00:00+05:30,13.6,0.0,4.829907,83.46122
2024-03-07 03:00:00+05:30,13.3,0.0,4.1046314,82.04661
2024-03-07 04:00:00+05:30,13.0,0.0,5.0911684,79.039314
2024-03-07 05:00:00+05:30,12.65,0.0,5.771239,73.82144
2024-03-07 06:00:00+05:30,15.2,0.0,4.0249224,61.511547
2024-03-07 07:00:00+05:30,17.85,0.0,1.8,60.490814
2024-03-07 08:00:00+05:30,21.0,0.0,1.2979984,51.417023
2024-03-07 09:00:00+05:30,23.0,0.0,4.39436,47.207394
2024-03-07 10:00:00+05:30,24.6,0.0,6.1094027,43.59106
2024-03-07 11:00:00+05:30,25.85,0.0,6.1094027,40.59954
2024-03-07 12:00:00+05:30,26.85,0.0,4.8433046,36.65791
2024-03-07 13:00:00+05:30,27.4,0.0,5.3999996,33.090878
2024-03-07 14:00:00+05:30,27.45,0.0,6.12,31.583853
2024-03-07 15:00:00+05:30,26.8,0.0,6.87779,33.70689
2024-03-07 16:00:00+05:30,24.2,0.0,5.495161,50.417183
2024-03-07 17:00:00+05:30,21.05,0.0,8.654986,53.343605
2024-03-07 18:00:00+05:30,21.05,0.0,6.87779,47.784145
2024-03-07 19:00:00+05:30,20.1,0.0,5.00128,51.695477
2024-03-07 20:00:00+05:30,18.35,0.0,4.6800003,56.310463
2024-03-07 21:00:00+05:30,17.15,0.0,4.0249224,61.345978
2024-03-07 22:00:00+05:30,15.95,0.0,4.829907,68.23415
2024-03-07 23:00:00+05:30,15.15,0.0,3.7585104,72.06257
2024-03-08 00:00:00+05:30,14.35,0.0,2.5455842,75.11887
2024-03-08 01:00:00+05:30,13.85,0.0,2.9024127,77.59196
2024-03-08 02:00:00+05:30,13.5,0.0,4.379589,78.8479
2024-03-08 03:00:00+05:30,13.65,0.0,4.452954,74.497536
2024-03-08 04:00:00+05:30,12.8,0.0,5.4477882,71.13767
2024-03-08 05:00:00+05:30,12.35,0.0,4.3349743,62.33297
2024-03-08 06:00:00+05:30,15.1,0.0,4.0249224,67.376335
2024-03-08 07:00:00+05:30,17.6,0.0,2.52,49.142776
2024-03-08 08:00:00+05:30,20.85,0.0,1.484318,45.9927
2024-03-08 09:00:00+05:30,22.95,0.0,3.8268526,47.350494
2024-03-08 10:00:00+05:30,24.6,0.0,6.4096174,44.025597
2024-03-08 11:00:00+05:30,26.1,0.0,8.287822,40.00318
2024-03-08 12:00:00+05:30,27.45,0.0,9.826088,34.459656
2024-03-08 13:00:00+05:30,28.3,0.0,12.641076,30.46268
2024-03-08 14:00:00+05:30,28.45,0.0,14.986553,29.09887
2024-03-08 15:00:00+05:30,27.85,0.0,14.021525,29.93077
2024-03-08 16:00:00+05:30,25.85,0.0,9.885262,35.891533
2024-03-08 17:00:00+05:30,22.95,0.0,8.209263,41.427002
2024-03-08 18:00:00+05:30,23.6,0.0,15.629971,36.600624
2024-03-08 19:00:00+05:30,22.5,0.0,10.086427,40.74497
2024-03-08 20:00:00+05:30,21.15,0.0,8.39657,45.76627
2024-03-08 21:00:00+05:30,19.75,0.0,7.289445,50.7427
2024-03-08 22:00:00+05:30,19.45,0.0,7.10031,52.045834
2024-03-08 23:00:00+05:30,19.1,0.0,7.289445,51.77837
2024-03-09 00:00:00+05:30,17.4,0.0,8.209263,56.6422
2024-03-09 01:00:00+05:30,16.15,0.0,7.42159,61.733852
2024-03-09 02:00:00+05:30,15.3,0.0,7.5685663,63.874714
2024-03-09 03:00:00+05:30,17.1,0.0,2.0991426,54.864994
2024-03-09 04:00:00+05:30,13.95,0.0,5.0142193,70.16109
2024-03-09 05:00:00+05:30,13.05,0.0,5.4477882,72.8975
2024-03-09 06:00:00+05:30,15.25,0.0,2.6208394,71.12413
2024-03-09 07:00:00+05:30,17.95,0.0,4.68,63.61381
2024-03-09 08:00:00+05:30,21.7,0.0,1.2979984,51.091366
2024-03-09 09:00:00+05:30,24.2,0.0,2.6208394,41.917973
2024-03-09 10:00:00+05:30,26.15,0.0,5.1544156,37.447285
2024-03-09 11:00:00+05:30,27.45,0.0,6.9247384,34.805893
2024-03-09 12:00:00+05:30,28.35,0.0,8.654987,29.367561
2024-03-09 13:00:00+05:30,28.7,0.0,8.913181,27.631067
2024-03-09 14:00:00+05:30,28.55,0.0,10.296251,27.872686
2024-03-09 15:00:00+05:30,27.9,0.0,9.227524,30.660473
2024-03-09 16:00:00+05:30,24.8,0.0,6.9899354,51.735794
2024-03-09 17:00:00+05:30,21.9,0.0,8.4042845,46.28292
2024-03-09 18:00:00+05:30,23.85,0.0,4.452954,41.959824
2024-03-09 19:00:00+05:30,19.6,0.0,6.3690495,53.860733
2024-03-09 20:00:00+05:30,19.7,0.0,7.5942082,49.713795
2024-03-09 21:00:00+05:30,18.35,0.0,5.154415,51.578934
2024-03-09 22:00:00+05:30,16.6,0.0,3.4152596,58.587242
2024-03-09 23:00:00+05:30,15.4,0.0,3.2599385,64.11362
2024-03-10 00:00:00+05:30,14.9,0.0,6.2145634,65.09606
2024-03-10 01:00:00+05:30,15.0,0.0,5.771239,61.88473
2024-03-10 02:00:00+05:30,14.6,0.0,4.452954,62.214638
2024-03-10 03:00:00+05:30,13.7,0.0,4.1046314,67.08254
2024-03-10 04:00:00+05:30,13.25,0.0,4.0249224,66.75867
2024-03-10 05:00:00+05:30,13.15,0.0,3.319036,65.15506
2024-03-10 06:00:00+05:30,15.35,0.0,4.6938252,63.885933
2024-03-10 07:00:00+05:30,18.2,0.0,5.0911684,58.388187
2024-03-10 08:00:00+05:30,22.4,0.0,2.16,50.939064
2024-03-10 09:00:00+05:30,25.0,0.0,4.829907,38.647293
2024-03-10 10:00:00+05:30,26.6,0.0,7.928177,35.982742
2024-03-10 11:00:00+05:30,27.7,0.0,7.653705,34.186546
2024-03-10 12:00:00+05:30,28.85,0.0,5.495161,31.761204
2024-03-10 13:00:00+05:30,29.7,0.0,6.130579,26.07935
2024-03-10 14:00:00+05:30,29.8,0.0,8.049845,25.406488
2024-03-10 15:00:00+05:30,29.15,0.0,8.0899935,27.847511
2024-03-10 16:00:00+05:30,25.6,0.0,6.792466,47.445995
2024-03-10 17:00:00+05:30,26.75,0.0,5.154415,34.1483
2024-03-10 18:00:00+05:30,21.35,0.0,7.5685663,53.59801
2024-03-10 19:00:00+05:30,20.25,0.0,6.4096174,57.731762
2024-03-10 20:00:00+05:30,19.4,0.0,5.815978,56.01106
2024-03-10 21:00:00+05:30,18.25,0.0,5.634891,59.583412
2024-03-10 22:00:00+05:30,18.15,0.0,7.2,58.180763
2024-03-10 23:00:00+05:30,18.1,0.0,6.489992,55.682182
2024-03-11 00:00:00+05:30,17.7,0.0,5.991594,56.14643
2024-03-11 01:00:00+05:30,17.2,0.0,5.6920996,57.94692
2024-03-11 02:00:00+05:30,16.85,0.0,5.8048253,59.245785
2024-03-11 03:00:00+05:30,16.1,0.0,5.4477882,62.350536
2024-03-11 04:00:00+05:30,15.4,0.0,4.6938252,65.42593
2024-03-11 05:00:00+05:30,14.8,0.0,4.0249224,67.76967
2024-03-11 06:00:00+05:30,16.85,0.0,3.319036,65.95898
2024-03-11 07:00:00+05:30,19.25,0.0,5.8048253,57.869614
2024-03-11 08:00:00+05:30,22.3,0.0,2.1897945,49.419353
2024-03-11 09:00:00+05:30,24.85,0.0,2.968636,42.6615
2024-03-11 10:00:00+05:30,26.7,0.0,4.452954,38.230343
2024-03-11 11:00:00+05:30,28.25,0.0,5.904439,35.85
2024-03-11 12:00:00+05:30,29.45,0.0,8.404285,33.663258
2024-03-11 13:00:00+05:30,30.0,0.0,9.686609,32.721695
2024-03-11 14:00:00+05:30,29.95,0.0,8.78872,33.80231
2024-03-11 15:00:00+05:30,29.55,0.0,9.178235,36.450356
2024-03-11 16:00:00+05:30,26.85,0.0,6.12,50.78521
2024-03-11 17:00:00+05:30,23.6,0.0,8.707238,56.138966
2024-03-11 18:00:00+05:30,21.95,0.0,6.489992,56.094288
2024-03-11 19:00:00+05:30,21.95,0.0,7.127636,50.31737
2024-03-11 20:00:00+05:30,22.4,0.0,8.089993,47.673977
2024-03-11 21:00:00+05:30,21.7,0.0,7.4128532,50.92226
2024-03-11 22:00:00+05:30,20.25,0.0,6.1305785,56.224434
2024-03-11 23:00:00+05:30,19.4,0.0,5.8048253,58.292194
2024-03-12 00:00:00+05:30,19.3,0.0,6.489992,56.92692
2024-03-12 01:00:00+05:30,18.7,0.0,6.989936,58.901543
2024-03-12 02:00:00+05:30,17.95,0.0,6.792466,61.532448
2024-03-12 03:00:00+05:30,17.35,0.0,6.439876,63.26792
2024-03-12 04:00:00+05:30,16.85,0.0,5.3517847,64.86776
2024-03-12 05:00:00+05:30,16.2,0.0,6.489992,68.74194
2024-03-12 06:00:00+05:30,19.7,0.0,3.9763298,66.344666
2024-03-12 07:00:00+05:30,21.15,0.0,2.4149535,59.489204
2024-03-12 08:00:00+05:30,23.35,0.0,2.0991426,53.934216
2024-03-12 09:00:00+05:30,25.65,0.0,2.7416782,47.613964
2024-03-12 10:00:00+05:30,27.6,0.0,3.8773184,43.281757
2024-03-12 11:00:00+05:30,29.25,0.0,6.638072,38.690582
2024-03-12 12:00:00+05:30,30.7,0.0,12.904882,31.538723
2024-03-12 13:00:00+05:30,31.35,0.0,16.610792,27.24015
2024-03-12 14:00:00+05:30,31.45,0.0,16.1198,26.90535
2024-03-12 15:00:00+05:30,30.95,0.0,11.246759,29.489859
2024-03-12 16:00:00+05:30,28.2,0.0,7.729527,38.523964
2024-03-12 17:00:00+05:30,25.6,0.0,7.8954163,43.724056
2024-03-12 18:00:00+05:30,24.4,0.0,7.7879906,49.979122
2024-03-12 19:00:00+05:30,23.2,0.0,5.3517847,54.78031
2024-03-12 20:00:00+05:30,21.6,0.0,4.1046314,56.74632
2024-03-12 21:00:00+05:30,20.6,0.0,2.9024127,60.53745
2024-03-12 22:00:00+05:30,19.7,0.0,2.9024127,62.549828
2024-03-12 23:00:00+05:30,19.75,0.0,4.452954,60.337852
2024-03-13 00:00:00+05:30,18.05,0.0,5.5887027,71.882996
2024-03-13 01:00:00+05:30,17.95,0.0,6.1305785,73.2878
2024-03-13 02:00:00+05:30,16.95,0.0,5.315336,80.38698
2024-03-13 03:00:00+05:30,16.65,0.0,5.3999996,83.81621
2024-03-13 04:00:00+05:30,16.0,0.0,5.00128,88.78536
2024-03-13 05:00:00+05:30,15.75,0.0,5.315336,91.39021
2024-03-13 06:00:00+05:30,17.2,0.0,2.2768397,75.84007
2024-03-13 07:00:00+05:30,19.55,0.0,2.6208394,66.52997
2024-03-13 08:00:00+05:30,22.0,0.0,4.5820518,65.33908
2024-03-13 09:00:00+05:30,24.35,0.0,8.669949,61.01311
2024-03-13 10:00:00+05:30,26.3,0.0,9.957108,53.13272
2024-03-13 11:00:00+05:30,27.95,0.0,9.957108,46.860725
2024-03-13 12:00:00+05:30,29.3,0.0,9.449572,42.367096
2024-03-13 13:00:00+05:30,30.2,0.0,6.87779,39.07992
2024-03-13 14:00:00+05:30,30.55,0.0,8.669949,36.13778
2024-03-13 15:00:00+05:30,29.9,0.0,6.12,38.123734
2024-03-13 16:00:00+05:30,26.9,0.0,5.937272,61.207832
2024-03-13 17:00:00+05:30,26.8,0.0,5.154415,47.76831
2024-03-13 18:00:00+05:30,24.2,0.0,5.8603754,54.15018
2024-03-13 19:00:00+05:30,21.6,0.0,7.9932966,69.80223
2024-03-13 20:00:00+05:30,23.25,0.0,3.096837,59.40815
2024-03-13 21:00:00+05:30,21.45,0.0,7.491114,69.10658
2024-03-13 22:00:00+05:30,19.55,0.0,6.297428,78.69956
2024-03-13 23:00:00+05:30,18.95,0.0,6.1305785,79.62853
2024-03-14 00:00:00+05:30,18.05,0.0,7.172949,83.170395
2024-03-14 01:00:00+05:30,17.5,0.0,5.00128,85.275
2024-03-14 02:00:00+05:30,16.8,0.0,4.198285,89.1369
2024-03-14 03:00:00+05:30,16.1,0.0,5.4119864,94.40186
2024-03-14 04:00:00+05:30,16.45,0.0,4.39436,92.02433
2024-03-14 05:00:00+05:30,17.15,0.0,5.4833565,87.46279
2024-03-14 06:00:00+05:30,19.6,0.0,4.6938257,75.25278
2024-03-14 07:00:00+05:30,21.15,0.0,2.2768397,74.789314
2024-03-14 08:00:00+05:30,23.3,0.0,5.315336,64.57815
2024-03-14 09:00:00+05:30,25.25,0.0,5.506941,54.06724
2024-03-14 10:00:00+05:30,27.35,0.0,5.8048253,45.364033
2024-03-14 11:00:00+05:30,28.95,0.0,5.815978,39.624264
2024-03-14 12:00:00+05:30,30.1,0.0,6.638072,35.662373
2024-03-14 13:00:00+05:30,31.25,0.0,10.464797,31.48289
2024-03-14 14:00:00+05:30,31.35,0.0,12.43434,29.795326
2024-03-14 15:00:00+05:30,31.25,0.0,9.504273,30.06451
2024-03-14 16:00:00+05:30,28.25,0.0,6.162207,43.460175
2024-03-14 17:00:00+05:30,24.6,0.0,8.209263,50.68708
2024-03-14 18:00:00+05:30,21.9,0.4,4.39436,69.19433
2024-03-14 19:00:00+05:30,20.5,2.2,11.681987,76.125114
2024-03-14 20:00:00+05:30,20.05,0.2,11.367109,81.05886
2024-03-14 21:00:00+05:30,19.6,0.0,10.464798,83.08769
2024-03-14 22:00:00+05:30,18.55,0.0,4.73506,84.8411
2024-03-14 23:00:00+05:30,17.4,0.0,5.1919937,89.470184
2024-03-15 00:00:00+05:30,17.25,0.0,5.1919937,88.88698
2024-03-15 01:00:00+05:30,16.55,0.0,6.3690495,91.441
2024-03-15 02:00:00+05:30,16.75,0.0,4.8965297,91.45362
2024-03-15 03:00:00+05:30,15.65,0.0,6.8399997,94.99304
2024-03-15 04:00:00+05:30,15.9,0.0,5.0142193,96.23079
2024-03-15 05:00:00+05:30,15.25,0.0,5.5887027,96.83453
2024-03-15 06:00:00+05:30,18.55,0.0,7.8625183,85.1124
2024-03-15 07:00:00+05:30,19.9,0.0,7.208994,79.253845
2024-03-15 08:00:00+05:30,21.55,0.0,8.766573,72.05537
2024-03-15 09:00:00+05:30,23.75,0.0,8.225035,63.05031
2024-03-15 10:00:00+05:30,25.75,0.0,9.686609,55.59499
2024-03-15 11:00:00+05:30,27.3,0.0,9.1641035,50.74032
2024-03-15 12:00:00+05:30,28.8,0.0,8.435069,45.756687
2024-03-15 13:00:00+05:30,29.7,0.0,7.4128532,43.577118
2024-03-15 14:00:00+05:30,30.1,0.0,6.28713,41.91137
2024-03-15 15:00:00+05:30,29.65,0.0,5.4119864,43.14795
2024-03-15 16:00:00+05:30,27.55,0.0,5.4119864,52.278133
2024-03-15 17:00:00+05:30,24.45,0.0,6.489992,62.40836
2024-03-15 18:00:00+05:30,27.15,0.0,3.8939953,29.939726
2024-03-15 19:00:00+05:30,21.1,0.0,6.849467,49.260696
2024-03-15 20:00:00+05:30,19.5,0.0,4.3349743,57.166367
2024-03-15 21:00:00+05:30,18.9,0.0,3.319036,57.208134
2024-03-15 22:00:00+05:30,18.3,0.0,4.3349743,58.217537
2024-03-15 23:00:00+05:30,17.95,0.0,3.396233,59.710804
2024-03-16 00:00:00+05:30,17.65,0.0,6.9899354,60.443455
2024-03-16 01:00:00+05:30,16.6,0.0,7.9036193,64.59641
2024-03-16 02:00:00+05:30,17.25,0.0,7.10031,63.881824
2024-03-16 03:00:00+05:30,15.35,0.0,7.8954163,70.90573
2024-03-16 04:00:00+05:30,15.7,0.0,5.3517847,66.37785
2024-03-16 05:00:00+05:30,15.15,0.0,4.2136917,67.16018
2024-03-16 06:00:00+05:30,18.3,0.0,3.7064266,74.79456
2024-03-16 07:00:00+05:30,20.05,0.0,4.072935,76.54147
2024-03-16 08:00:00+05:30,23.05,0.0,3.6,67.46496
2024-03-16 09:00:00+05:30,25.7,0.0,3.219938,58.853935
2024-03-16 10:00:00+05:30,27.3,0.0,7.24486,56.329838
2024-03-16 11:00:00+05:30,28.4,0.0,7.9036193,52.66047
2024-03-16 12:00:00+05:30,29.0,0.0,6.989936,48.66058
2024-03-16 13:00:00+05:30,29.85,0.0,6.763786,43.06483
2024-03-16 14:00:00+05:30,29.85,0.0,7.072878,44.31816
2024-03-16 15:00:00+05:30,29.65,0.0,5.3999996,45.83976
2024-03-16 16:00:00+05:30,28.05,0.0,5.904439,51.911438
2024-03-16 17:00:00+05:30,24.3,0.0,3.396233,66.03145
2024-03-16 18:00:00+05:30,24.0,0.0,6.830519,64.52334
2024-03-16 19:00:00+05:30,21.75,0.0,4.6800003,68.724304
2024-03-16 20:00:00+05:30,21.05,0.0,5.5887027,68.80688
2024-03-16 21:00:00+05:30,20.5,0.0,6.130579,61.91641
2024-03-16 22:00:00+05:30,20.15,0.0,5.8603754,57.51685
2024-03-16 23:00:00+05:30,19.75,0.0,7.5170207,59.15472
2024-03-17 00:00:00+05:30,19.0,0.0,6.130579,61.368195
2024-03-17 01:00:00+05:30,20.95,0.0,2.3051248,51.919666
2024-03-17 02:00:00+05:30,19.95,0.0,4.072935,56.899315
2024-03-17 03:00:00+05:30,17.3,0.0,5.5887027,69.64865
2024-03-17 04:00:00+05:30,17.65,0.0,4.3349743,69.0316
2024-03-17 05:00:00+05:30,16.35,0.0,3.6179552,76.20114
2024-03-17 06:00:00+05:30,19.7,0.0,3.319036,66.5613
2024-03-17 07:00:00+05:30,21.75,0.0,3.7585104,62.604523
2024-03-17 08:00:00+05:30,24.4,0.0,2.6208394,54.026127
2024-03-17 09:00:00+05:30,26.45,0.0,3.7064266,47.82875
2024-03-17 10:00:00+05:30,27.9,0.0,5.6233797,44.499016
2024-03-17 11:00:00+05:30,29.0,0.0,5.3999996,41.341236
2024-03-17 12:00:00+05:30,30.15,0.0,4.452954,38.8149
2024-03-17 13:00:00+05:30,31.2,0.0,5.4477882,36.671333
2024-03-17 14:00:00+05:30,31.75,0.0,15.273505,29.318844
2024-03-17 15:00:00+05:30,30.7,0.0,12.496718,34.90934
2024-03-17 16:00:00+05:30,27.8,0.0,5.815978,48.808403
2024-03-17 17:00:00+05:30,28.4,0.0,4.2136917,41.712593
2024-03-17 18:00:00+05:30,24.1,0.0,5.8603754,50.390774
2024-03-17 19:00:00+05:30,22.75,0.0,5.8603754,52.047684
2024-03-17 20:00:00+05:30,22.6,0.0,7.42159,50.656925
2024-03-17 21:00:00+05:30,21.15,0.0,4.8965297,54.08042
2024-03-17 22:00:00+05:30,19.8,0.0,5.4119864,57.05106
2024-03-17 23:00:00+05:30,18.45,0.0,4.73506,59.631348
2024-03-18 00:00:00+05:30,18.3,0.0,5.771239,56.867832
2024-03-18 01:00:00+05:30,18.2,0.0,8.669949,56.272675
2024-03-18 02:00:00+05:30,19.2,0.0,1.9386592,51.63055
2024-03-18 03:00:00+05:30,17.15,0.0,3.8773184,60.935654
2024-03-18 04:00:00+05:30,16.9,0.0,4.3349743,56.708267
2024-03-18 05:00:00+05:30,15.6,0.0,4.3349743,62.235016
2024-03-18 06:00:00+05:30,17.95,0.0,2.9024127,63.82532
2024-03-18 07:00:00+05:30,20.9,0.0,3.319036,60.607597
2024-03-18 08:00:00+05:30,24.45,0.0,3.8268526,49.344536
2024-03-18 09:00:00+05:30,26.55,0.0,4.6102495,45.44032
2024-03-18 10:00:00+05:30,28.35,0.0,5.1919937,44.335686
2024-03-18 11:00:00+05:30,29.75,0.0,5.5887027,43.59073
2024-03-18 12:00:00+05:30,30.6,0.0,6.439876,41.25134
2024-03-18 13:00:00+05:30,31.45,0.0,9.957108,29.334047
2024-03-18 14:00:00+05:30,31.4,0.0,10.948973,25.659239
2024-03-18 15:00:00+05:30,30.4,0.0,6.618519,30.940235
2024-03-18 16:00:00+05:30,27.75,0.0,6.638072,49.26438
2024-03-18 17:00:00+05:30,29.2,0.0,3.0758414,33.372276
2024-03-18 18:00:00+05:30,23.65,0.0,7.127636,48.96985
2024-03-18 19:00:00+05:30,21.5,0.0,7.342588,58.80002
2024-03-18 20:00:00+05:30,20.45,0.0,4.896529,60.700974
2024-03-18 21:00:00+05:30,19.65,0.0,4.6800003,58.353077
2024-03-18 22:00:00+05:30,18.55,0.0,6.28713,61.876453
2024-03-18 23:00:00+05:30,18.15,0.0,5.0528407,60.360096
2024-03-19 00:00:00+05:30,18.55,0.0,5.3517847,54.49875
2024-03-19 01:00:00+05:30,19.45,0.0,6.489992,52.57315
2024-03-19 02:00:00+05:30,18.4,0.0,8.209263,60.62072
2024-03-19 03:00:00+05:30,18.8,0.0,7.491114,61.525238
2024-03-19 04:00:00+05:30,19.95,0.0,0.8049845,55.777523
2024-03-19 05:00:00+05:30,16.75,0.0,4.5536795,70.00314
2024-03-19 06:00:00+05:30,19.55,0.0,2.9024127,69.85758
2024-03-19 07:00:00+05:30,22.0,0.0,2.3051248,62.05642
2024-03-19 08:00:00+05:30,23.55,0.0,4.510787,56.49067
2024-03-19 09:00:00+05:30,24.7,0.0,4.0249224,53.408848
2024-03-19 10:00:00+05:30,27.45,0.0,3.219938,45.537872
2024-03-19 11:00:00+05:30,28.8,0.0,4.39436,42.22969
2024-03-19 12:00:00+05:30,29.15,0.0,5.0911684,40.720226
2024-03-19 13:00:00+05:30,28.9,0.0,3.8939953,41.313637
2024-03-19 14:00:00+05:30,29.35,0.0,4.0249224,40.2524
2024-03-19 15:00:00+05:30,28.45,0.0,2.7416782,49.44836
2024-03-19 16:00:00+05:30,26.8,0.0,4.198285,65.117584
2024-03-19 17:00:00+05:30,26.3,0.0,3.8773184,52.963364
2024-03-19 18:00:00+05:30,23.0,0.0,6.130579,61.68564
2024-03-19 19:00:00+05:30,22.75,0.0,5.00128,64.87326
2024-03-19 20:00:00+05:30,21.65,0.0,7.5942082,69.36708
2024-03-19 21:00:00+05:30,22.6,0.0,6.87779,61.001984
2024-03-19 22:00:00+05:30,22.6,0.0,3.0547013,59.63883
2024-03-19 23:00:00+05:30,19.75,0.0,3.9763298,72.425995
2024-03-20 00:00:00+05:30,19.75,0.0,5.0911684,69.4446
2024-03-20 01:00:00+05:30,19.85,0.0,5.8603754,67.24581
2024-03-20 02:00:00+05:30,20.8,0.0,2.7416782,59.01765
2024-03-20 03:00:00+05:30,18.9,0.0,2.1897945,67.49041
2024-03-20 04:00:00+05:30,19.25,0.0,2.52,60.820354
2024-03-20 05:00:00+05:30,18.95,0.0,2.9024127,60.348625
2024-03-20 06:00:00+05:30,21.05,0.0,7.968939,62.854137
2024-03-20 07:00:00+05:30,21.15,0.2,12.074766,72.4443
2024-03-20 08:00:00+05:30,20.05,1.6,7.491114,87.17096
2024-03-20 09:00:00+05:30,19.75,3.0,7.92,90.21331
2024-03-20 10:00:00+05:30,19.75,1.7,5.8048253,91.92743
2024-03-20 11:00:00+05:30,20.0,1.0,3.319036,90.79828
2024-03-20 12:00:00+05:30,20.1,1.6,2.0991426,89.3936
2024-03-20 13:00:00+05:30,20.2,1.4,1.609969,88.28685
2024-03-20 14:00:00+05:30,20.05,1.0,4.379589,90.801636
2024-03-20 15:00:00+05:30,19.85,1.0,5.4477882,93.09112
2024-03-20 16:00:00+05:30,19.55,0.9,7.5599995,95.13722
2024-03-20 17:00:00+05:30,19.3,0.5,9.0645685,94.83073
2024-03-20 18:00:00+05:30,18.8,0.2,2.2768397,98.44867
2024-03-20 19:00:00+05:30,18.65,0.0,2.8116899,98.75586
2024-03-20 20:00:00+05:30,18.3,0.0,3.563818,97.21241
2024-03-20 21:00:00+05:30,18.25,0.0,3.096837,96.90574
2024-03-20 22:00:00+05:30,18.05,0.0,5.4833565,95.08251
2024-03-20 23:00:00+05:30,17.9,0.0,6.28713,92.40242
2024-03-21 00:00:00+05:30,16.85,0.0,4.896529,92.63924
2024-03-21 01:00:00+05:30,17.05,0.0,5.0528407,90.59796
2024-03-21 02:00:00+05:30,16.9,0.0,3.563818,96.5662
2024-03-21 03:00:00+05:30,16.35,0.0,0.8049845,98.73379
2024-03-21 04:00:00+05:30,16.4,0.0,2.8116899,97.171974
2024-03-21 05:00:00+05:30,16.35,0.0,5.00128,97.17086
2024-03-21 06:00:00+05:30,18.2,0.4,5.3517847,99.37406
2024-03-21 07:00:00+05:30,18.5,0.3,7.8625183,96.91158
2024-03-21 08:00:00+05:30,18.9,0.0,8.049845,94.51782
2024-03-21 09:00:00+05:30,20.8,0.0,6.9527545,87.786606
2024-03-21 10:00:00+05:30,22.2,0.0,3.6,81.590225
2024-03-21 11:00:00+05:30,22.45,0.0,6.8399997,79.60939
2024-03-21 12:00:00+05:30,21.35,0.0,7.928178,84.87119
2024-03-21 13:00:00+05:30,21.6,0.0,3.8939953,82.027084
2024-03-21 14:00:00+05:30,21.05,1.0,7.145796,87.80836
2024-03-21 15:00:00+05:30,20.85,0.3,5.3999996,89.73001
2024-03-21 16:00:00+05:30,20.3,0.1,6.489992,93.69576
2024-03-21 17:00:00+05:30,19.6,0.3,4.2136917,94.54621
2024-03-21 18:00:00+05:30,17.9,0.6,4.6800003,95.68048
2024-03-21 19:00:00+05:30,17.5,0.3,3.7585104,97.19545
2024-03-21 20:00:00+05:30,17.5,0.1,4.2136917,97.50364
2024-03-21 21:00:00+05:30,17.55,0.1,1.0182338,97.5046
2024-03-21 22:00:00+05:30,17.4,1.0,1.9386592,97.50176
2024-03-21 23:00:00+05:30,17.15,3.1,3.5455887,97.49701
2024-03-22 00:00:00+05:30,17.25,0.6,1.5273507,97.49889
2024-03-22 01:00:00+05:30,17.0,0.0,1.8,98.4273
2024-03-22 02:00:00+05:30,16.7,0.0,2.0991426,99.36682
2024-03-22 03:00:00+05:30,16.35,0.0,2.8116899,99.6821
2024-03-22 04:00:00+05:30,16.0,0.0,1.835647,99.363396
2024-03-22 05:00:00+05:30,16.15,0.0,2.4149535,99.36414
2024-03-22 06:00:00+05:30,17.15,0.4,1.2979984,95.04923
2024-03-22 07:00:00+05:30,17.9,0.4,3.319036,92.991005
2024-03-22 08:00:00+05:30,19.0,0.0,3.396233,86.52358
2024-03-22 09:00:00+05:30,20.65,0.0,5.8048253,79.108215
2024-03-22 10:00:00+05:30,21.95,0.0,8.287822,74.21424
2024-03-22 11:00:00+05:30,23.65,0.0,8.64,66.73628
2024-03-22 12:00:00+05:30,24.8,0.0,9.227524,62.28899
2024-03-22 13:00:00+05:30,25.15,0.0,8.707237,62.56422
2024-03-22 14:00:00+05:30,25.3,0.0,8.4042845,60.843933
2024-03-22 15:00:00+05:30,24.9,0.0,5.3999996,62.50867
2024-03-22 16:00:00+05:30,23.65,0.0,3.219938,75.66984
2024-03-22 17:00:00+05:30,22.7,0.0,4.6938257,72.49007
2024-03-22 18:00:00+05:30,20.8,0.0,4.3349743,81.66991
2024-03-22 19:00:00+05:30,19.3,0.0,5.5887027,87.10216
2024-03-22 20:00:00+05:30,18.1,0.0,4.6102495,92.70706
2024-03-22 21:00:00+05:30,17.4,0.0,4.5820518,95.66422
2024-03-22 22:00:00+05:30,17.15,0.0,3.671294,96.879906
2024-03-22 23:00:00+05:30,17.15,0.0,3.2599385,95.65605
2024-03-23 00:00:00+05:30,16.95,0.0,2.6208394,95.04177
2024-03-23 01:00:00+05:30,16.05,0.0,5.0142193,95.31355
2024-03-23 02:00:00+05:30,16.55,0.0,3.8268526,93.81807
2024-03-23 03:00:00+05:30,16.25,0.0,2.4149535,95.62645
2024-03-23 04:00:00+05:30,15.55,0.0,4.5536795,94.989235
2024-03-23 05:00:00+05:30,15.45,0.0,2.9024127,93.46443
2024-03-23 06:00:00+05:30,18.5,0.0,3.7064266,88.98724
2024-03-23 07:00:00+05:30,18.7,2.0,4.0249224,93.0323
2024-03-23 08:00:00+05:30,19.5,0.1,3.2599385,89.62947
2024-03-23 09:00:00+05:30,21.4,0.0,4.2136917,80.47096
2024-03-23 10:00:00+05:30,23.25,0.0,5.3517847,72.35958
2024-03-23 11:00:00+05:30,24.8,0.0,5.6920996,67.392204
2024-03-23 12:00:00+05:30,24.05,0.0,7.491114,70.487724
2024-03-23 13:00:00+05:30,23.7,0.1,4.1046314,72.89436
2024-03-23 14:00:00+05:30,22.15,1.3,6.989936,80.31882
2024-03-23 15:00:00+05:30,22.75,0.0,2.0991426,76.95956
2024-03-23 16:00:00+05:30,22.5,0.0,1.835647,82.65045
2024-03-23 17:00:00+05:30,20.65,0.0,5.506941,90.84159
2024-03-23 18:00:00+05:30,19.05,1.5,2.2768397,91.59689
2024-03-23 19:00:00+05:30,18.3,0.0,3.219938,95.99552
2024-03-23 20:00:00+05:30,17.35,0.0,3.7585104,97.50079
2024-03-23 21:00:00+05:30,16.7,0.0,5.0142193,97.1784
2024-03-23 22:00:00+05:30,16.65,0.0,4.8433046,96.25214
2024-03-23 23:00:00+05:30,17.15,0.0,4.379589,95.3522
2024-03-24 00:00:00+05:30,16.85,0.0,4.2136917,94.73525
2024-03-24 01:00:00+05:30,16.6,0.0,4.39436,96.250725
2024-03-24 02:00:00+05:30,16.2,0.0,6.297428,96.85734
2024-03-24 03:00:00+05:30,16.3,0.0,5.6233797,96.85976
2024-03-24 04:00:00+05:30,16.6,0.0,3.7585104,96.55835
2024-03-24 05:00:00+05:30,16.8,0.0,4.452954,97.18057
2024-03-24 06:00:00+05:30,18.8,0.3,7.2359104,97.83413
2024-03-24 07:00:00+05:30,19.35,0.8,3.319036,96.93126
2024-03-24 08:00:00+05:30,20.0,0.5,6.6185193,91.36863
2024-03-24 09:00:00+05:30,20.85,0.0,6.162207,89.4507
2024-03-24 10:00:00+05:30,22.65,0.0,4.68,82.92549
2024-03-24 11:00:00+05:30,24.0,0.0,6.151683,75.72558
2024-03-24 12:00:00+05:30,25.65,0.0,3.9763298,69.47969
2024-03-24 13:00:00+05:30,26.6,0.0,2.2768397,65.07557
2024-03-24 14:00:00+05:30,26.9,0.0,3.0758414,63.540466
2024-03-24 15:00:00+05:30,26.9,0.0,1.609969,63.936733
2024-03-24 16:00:00+05:30,25.95,0.0,1.609969,79.11371
2024-03-24 17:00:00+05:30,23.1,0.0,5.3999996,76.53332
2024-03-24 18:00:00+05:30,20.8,0.1,8.427383,93.13913
2024-03-24 19:00:00+05:30,21.2,0.0,3.6,87.82133
2024-03-24 20:00:00+05:30,20.8,0.0,1.8,90.00647
2024-03-24 21:00:00+05:30,19.05,0.0,3.8268526,96.31929
2024-03-24 22:00:00+05:30,18.4,0.0,2.5455842,97.21452
2024-03-24 23:00:00+05:30,18.7,0.0,2.6208394,95.70629
2024-03-25 00:00:00+05:30,18.4,0.1,3.2599385,95.69665
2024-03-25 01:00:00+05:30,18.2,0.0,3.2599385,96.295685
2024-03-25 02:00:00+05:30,18.3,0.0,2.6208394,94.49326
2024-03-25 03:00:00+05:30,18.55,0.0,1.2979984,92.14707
2024-03-25 04:00:00+05:30,17.55,0.0,3.7064266,96.88934
2024-03-25 05:00:00+05:30,17.35,0.0,4.8965297,96.271904
2024-03-25 06:00:00+05:30,20.65,0.2,8.942214,89.995674
2024-03-25 07:00:00+05:30,21.5,0.0,5.634891,90.61662
2024-03-25 08:00:00+05:30,21.85,0.0,9.957108,88.97361
2024-03-25 09:00:00+05:30,23.3,0.0,7.729527,81.47543
2024-03-25 10:00:00+05:30,25.4,0.0,3.0547013,73.18881
2024-03-25 11:00:00+05:30,26.4,0.1,5.95906,70.26931
2024-03-25 12:00:00+05:30,26.7,0.1,4.0249224,69.037735
2024-03-25 13:00:00+05:30,26.7,0.1,4.1046314,69.89362
2024-03-25 14:00:00+05:30,26.8,0.0,4.1046314,68.84453
2024-03-25 15:00:00+05:30,26.75,0.0,5.00128,69.26038
2024-03-25 16:00:00+05:30,25.75,0.0,4.896529,75.53671
2024-03-25 17:00:00+05:30,23.6,0.0,7.7043357,79.76689
2024-03-25 18:00:00+05:30,21.0,0.1,15.042659,83.251595
2024-03-25 19:00:00+05:30,19.6,0.8,3.6,94.84221
2024-03-25 20:00:00+05:30,19.05,0.0,4.1046314,95.41788
2024-03-25 21:00:00+05:30,18.95,0.1,11.879999,94.22327
2024-03-25 22:00:00+05:30,18.85,1.1,2.5959969,94.81336
2024-03-25 23:00:00+05:30,18.2,0.0,2.5959969,96.90457
2024-03-26 00:00:00+05:30,18.6,0.0,2.0991426,92.441536
2024-03-26 01:00:00+05:30,18.15,0.1,3.396233,95.68857
2024-03-26 02:00:00+05:30,18.15,0.4,3.219938,95.08618
2024-03-26 03:00:00+05:30,17.3,0.0,3.9763298,97.19124
2024-03-26 04:00:00+05:30,17.25,0.0,4.510787,98.11896
2024-03-26 05:00:00+05:30,17.1,0.0,5.95906,97.18694
2024-03-26 06:00:00+05:30,20.1,0.2,7.289445,94.56639
2024-03-26 07:00:00+05:30,20.95,0.0,9.3669195,94.01655
2024-03-26 08:00:00+05:30,21.4,0.0,6.4096174,90.049576
2024-03-26 09:00:00+05:30,22.6,0.0,4.5536795,83.95547
2024-03-26 10:00:00+05:30,24.25,0.0,7.5942082,74.83013
2024-03-26 11:00:00+05:30,25.9,0.0,5.4477882,69.097664
2024-03-26 12:00:00+05:30,27.1,0.0,5.7599998,65.18045
2024-03-26 13:00:00+05:30,27.45,0.2,5.3517847,63.2661
2024-03-26 14:00:00+05:30,26.4,0.7,7.5599995,68.13223
2024-03-26 15:00:00+05:30,25.05,0.0,4.1046314,76.12616
2024-03-26 16:00:00+05:30,20.95,6.8,6.6185193,87.52582
2024-03-26 17:00:00+05:30,20.15,0.0,5.8603754,92.81635
2024-03-26 18:00:00+05:30,19.35,0.0,5.3517847,90.75467
2024-03-26 19:00:00+05:30,19.5,0.0,8.557102,89.62947
2024-03-26 20:00:00+05:30,18.8,0.0,6.5693827,92.16147
2024-03-26 21:00:00+05:30,18.25,0.0,6.379216,92.71512
2024-03-26 22:00:00+05:30,17.8,0.0,7.289444,94.47269
2024-03-26 23:00:00+05:30,16.9,0.0,4.73506,96.5662
2024-03-27 00:00:00+05:30,16.95,0.0,6.130579,97.49318
2024-03-27 01:00:00+05:30,16.5,0.0,4.5536795,98.10818
2024-03-27 02:00:00+05:30,17.15,0.0,4.379589,97.80682
2024-03-27 03:00:00+05:30,17.0,0.0,5.506941,98.4273
2024-03-27 04:00:00+05:30,17.0,0.0,6.9899354,99.05375
2024-03-27 05:00:00+05:30,17.15,0.0,8.287822,99.369
2024-03-27 06:00:00+05:30,18.7,0.1,13.049689,98.447525
2024-03-27 07:00:00+05:30,19.25,0.0,13.493999,96.32476
2024-03-27 08:00:00+05:30,20.65,0.0,12.074766,89.15663
2024-03-27 09:00:00+05:30,22.2,0.0,13.527572,81.590225
2024-03-27 10:00:00+05:30,23.6,0.0,11.983188,77.56994
2024-03-27 11:00:00+05:30,24.85,0.0,10.990322,73.77717
2024-03-27 12:00:00+05:30,26.0,0.0,9.290511,70.19474
2024-03-27 13:00:00+05:30,26.55,0.0,9.339208,68.79629
2024-03-27 14:00:00+05:30,26.95,0.0,8.825508,67.19569
2024-03-27 15:00:00+05:30,26.35,0.0,8.707237,69.82782
2024-03-27 16:00:00+05:30,25.3,0.0,7.7043357,75.46497
2024-03-27 17:00:00+05:30,23.4,0.0,5.3999996,82.502144
2024-03-27 18:00:00+05:30,21.05,0.0,5.154415,83.25743
2024-03-27 19:00:00+05:30,20.35,0.0,4.896529,86.92493
2024-03-27 20:00:00+05:30,19.4,0.0,5.00128,91.04402
2024-03-27 21:00:00+05:30,18.75,0.0,5.634891,93.3286
2024-03-27 22:00:00+05:30,18.45,0.0,4.5820518,94.49939
2024-03-27 23:00:00+05:30,18.05,0.0,4.8433046,95.38349
2024-03-28 00:00:00+05:30,17.45,0.0,5.4833565,96.580414
2024-03-28 01:00:00+05:30,17.5,0.0,4.6800003,96.58172
2024-03-28 02:00:00+05:30,16.75,0.0,5.6002855,97.48938
2024-03-28 03:00:00+05:30,16.3,0.0,5.1165614,98.1053
2024-03-28 04:00:00+05:30,17.3,0.0,3.7064266,96.57658
2024-03-28 05:00:00+05:30,17.15,0.0,2.8116899,96.266266
2024-03-28 06:00:00+05:30,19.55,0.7,6.9899354,96.33305
2024-03-28 07:00:00+05:30,19.8,0.2,6.193674,96.64035
2024-03-28 08:00:00+05:30,21.1,0.1,9.449572,89.191605
2024-03-28 09:00:00+05:30,22.75,0.0,5.937272,82.16839
2024-03-28 10:00:00+05:30,25.25,0.0,4.3349743,72.26266
2024-03-28 11:00:00+05:30,26.65,0.0,7.10031,68.39216
2024-03-28 12:00:00+05:30,27.65,0.0,9.422101,64.2957
2024-03-28 13:00:00+05:30,28.25,0.0,10.233123,60.754795
2024-03-28 14:00:00+05:30,28.85,0.0,9.220499,58.674294
2024-03-28 15:00:00+05:30,28.2,0.0,8.217153,63.428574
2024-03-28 16:00:00+05:30,26.85,0.0,6.725354,71.66019
2024-03-28 17:00:00+05:30,24.75,0.0,6.162207,78.22071
2024-03-28 18:00:00+05:30,23.7,0.0,7.2359104,80.27578
2024-03-28 19:00:00+05:30,22.55,0.0,4.6938257,84.21074
2024-03-28 20:00:00+05:30,21.65,0.0,3.8268526,88.95787
2024-03-28 21:00:00+05:30,21.2,0.0,5.3999996,90.03522
2024-03-28 22:00:00+05:30,20.6,0.0,4.896529,90.5554
2024-03-28 23:00:00+05:30,19.95,0.0,3.7585104,92.22728
2024-03-29 00:00:00+05:30,19.4,0.0,3.96,93.068214
2024-03-29 01:00:00+05:30,19.25,0.0,4.68,91.034225
2024-03-29 02:00:00+05:30,18.75,0.0,3.96,91.00145
2024-03-29 03:00:00+05:30,17.85,0.0,3.8939953,94.175804
2024-03-29 04:00:00+05:30,17.75,0.0,4.0249224,93.279
2024-03-29 05:00:00+05:30,17.9,0.0,4.198285,91.23513
2024-03-29 06:00:00+05:30,20.75,0.0,4.829907,82.18036
2024-03-29 07:00:00+05:30,22.1,0.0,3.6,81.06935
2024-03-29 08:00:00+05:30,23.55,0.0,3.0758414,79.51325
2024-03-29 09:00:00+05:30,25.2,0.0,3.4152596,76.149574
2024-03-29 10:00:00+05:30,27.3,0.0,3.096837,69.57814
2024-03-29 11:00:00+05:30,28.7,0.0,1.835647,65.71384
2024-03-29 12:00:00+05:30,29.75,0.0,2.4149535,61.845165
2024-03-29 13:00:00+05:30,30.45,0.0,5.8048253,56.217495
2024-03-29 14:00:00+05:30,30.15,0.0,8.669949,58.07894
2024-03-29 15:00:00+05:30,28.95,0.1,4.198285,65.96619
2024-03-29 16:00:00+05:30,27.95,0.0,4.1046314,83.28356
2024-03-29 17:00:00+05:30,26.4,0.0,8.557102,69.837265
2024-03-29 18:00:00+05:30,24.6,0.4,8.311245,72.597885
2024-03-29 19:00:00+05:30,22.8,0.0,5.2416787,83.45899
2024-03-29 20:00:00+05:30,22.35,0.0,5.1919937,85.24052
2024-03-29 21:00:00+05:30,21.7,0.0,6.3690495,89.79259
2024-03-29 22:00:00+05:30,21.25,0.0,7.0911775,91.163635
2024-03-29 23:00:00+05:30,20.8,0.0,4.5536795,92.27544
2024-03-30 00:00:00+05:30,20.55,0.5,5.8603754,94.291306
2024-03-30 01:00:00+05:30,20.5,0.0,4.198285,93.99669
2024-03-30 02:00:00+05:30,20.3,1.0,1.835647,97.25405
2024-03-30 03:00:00+05:30,20.55,1.2,5.4477882,95.468765
2024-03-30 04:00:00+05:30,20.6,0.3,4.802999,95.17495
2024-03-30 05:00:00+05:30,20.1,0.0,2.9024127,96.34807
2024-03-30 06:00:00+05:30,22.6,0.0,6.6087217,86.59497
2024-03-30 07:00:00+05:30,23.7,0.0,2.9024127,87.230774
2024-03-30 08:00:00+05:30,24.8,0.0,2.52,82.66872
2024-03-30 09:00:00+05:30,26.7,0.0,2.9024127,74.99787
2024-03-30 10:00:00+05:30,27.2,0.0,4.510787,72.82635
2024-03-30 11:00:00+05:30,28.05,0.0,1.4399999,68.03682
2024-03-30 12:00:00+05:30,29.35,0.0,1.8,64.06592
2024-03-30 13:00:00+05:30,30.1,0.0,0.35999998,59.87597
2024-03-30 14:00:00+05:30,30.35,0.0,3.6179552,57.947826
2024-03-30 15:00:00+05:30,29.65,0.1,3.9763298,62.202343
2024-03-30 16:00:00+05:30,28.95,0.0,3.6,66.57222
2024-03-30 17:00:00+05:30,26.5,0.0,4.802999,74.28106
2024-03-30 18:00:00+05:30,24.35,0.1,5.8048253,76.25231
2024-03-30 19:00:00+05:30,23.45,0.2,5.154415,85.09111
2024-03-30 20:00:00+05:30,22.9,0.1,4.3349743,86.09059
2024-03-30 21:00:00+05:30,22.3,0.0,3.0547013,89.28405
2024-03-30 22:00:00+05:30,22.7,0.1,7.8954163,87.67968
2024-03-30 23:00:00+05:30,22.45,0.1,10.315115,85.25082
2024-03-31 00:00:00+05:30,21.85,0.1,10.464797,87.87749
2024-03-31 01:00:00+05:30,21.5,0.1,8.217153,88.946
2024-03-31 02:00:00+05:30,21.15,0.5,6.9153743,91.15721
2024-03-31 03:00:00+05:30,20.95,0.4,6.2145634,91.14438
2024-03-31 04:00:00+05:30,20.7,0.6,9.673221,93.71425
2024-03-31 05:00:00+05:30,20.65,1.1,10.137692,94.00332
2024-03-31 06:00:00+05:30,22.05,0.1,6.725354,92.0616
2024-03-31 07:00:00+05:30,22.6,0.0,3.4152596,88.48566
2024-03-31 08:00:00+05:30,22.6,0.0,3.5455887,87.13151
2024-03-31 09:00:00+05:30,23.2,0.0,8.714677,83.76288
2024-03-31 10:00:00+05:30,24.65,0.0,8.891344,77.486206
2024-03-31 11:00:00+05:30,22.7,1.8,4.0249224,90.41932
2024-03-31 12:00:00+05:30,25.65,0.0,4.5820518,78.590225
2024-03-31 13:00:00+05:30,26.85,0.0,5.771239,73.436386
2024-03-31 14:00:00+05:30,26.9,0.0,6.8399997,72.55225
2024-03-31 15:00:00+05:30,26.8,0.0,5.937272,73.65269
2024-03-31 16:00:00+05:30,26.1,0.1,4.1046314,78.41466
2024-03-31 17:00:00+05:30,23.85,1.0,3.2599385,82.55593
2024-03-31 18:00:00+05:30,22.15,0.0,2.7416782,94.35812
2024-03-31 19:00:00+05:30,21.75,0.2,12.620554,95.80265
2024-03-31 20:00:00+05:30,21.55,0.2,2.3051248,92.60315
2024-03-31 21:00:00+05:30,20.75,0.0,7.653705,95.47549
2024-03-31 22:00:00+05:30,20.7,0.0,8.4963045,96.66284
2024-03-31 23:00:00+05:30,20.6,0.0,9.028754,94.8803
2024-04-01 00:00:00+05:30,20.25,0.0,5.1919937,96.05351
2024-04-01 01:00:00+05:30,20.05,0.0,4.3498964,95.74937
2024-04-01 02:00:00+05:30,19.65,0.0,4.2136917,95.43833
2024-04-01 03:00:00+05:30,18.75,0.0,3.6179552,98.140274
2024-04-01 04:00:00+05:30,18.45,0.0,3.9763298,97.828354
2024-04-01 05:00:00+05:30,18.35,0.0,3.671294,97.82671
2024-04-01 06:00:00+05:30,20.4,0.0,2.1897945,96.95532
2024-04-01 07:00:00+05:30,21.15,0.0,7.289444,92.58154
2024-04-01 08:00:00+05:30,22.2,0.0,6.379216,85.48999
2024-04-01 09:00:00+05:30,23.85,0.0,2.7416782,79.55451
2024-04-01 10:00:00+05:30,25.7,0.0,5.4477882,74.83571
2024-04-01 11:00:00+05:30,27.25,0.0,4.0249224,71.29437
2024-04-01 12:00:00+05:30,28.3,0.0,4.452954,69.55418
2024-04-01 13:00:00+05:30,29.25,0.0,6.489992,69.10246
2024-04-01 14:00:00+05:30,29.55,0.0,8.373386,71.921
2024-04-01 15:00:00+05:30,29.65,0.0,1.835647,71.07915
2024-04-01 16:00:00+05:30,28.9,0.0,4.39436,78.34007
2024-04-01 17:00:00+05:30,25.75,0.0,4.6938257,87.94125
2024-04-01 18:00:00+05:30,25.85,0.0,3.096837,72.36847
2024-04-01 19:00:00+05:30,23.05,0.0,4.802999,84.78749
2024-04-01 20:00:00+05:30,22.25,0.0,4.32,89.28018
2024-04-01 21:00:00+05:30,21.1,0.0,6.193674,95.4872
2024-04-01 22:00:00+05:30,20.65,0.0,5.6920996,95.7683
2024-04-01 23:00:00+05:30,20.5,0.0,9.793058,96.9576
2024-04-02 00:00:00+05:30,19.6,0.0,7.42159,97.54293
2024-04-02 01:00:00+05:30,19.65,0.0,8.350138,99.69007
2024-04-02 02:00:00+05:30,18.85,0.0,4.198285,99.06701
2024-04-02 03:00:00+05:30,17.85,0.0,6.28713,99.059875
2024-04-02 04:00:00+05:30,18.7,0.0,7.42159,99.99999
2024-04-02 05:00:00+05:30,18.8,0.0,6.4799995,100.0
2024-04-02 06:00:00+05:30,20.15,0.0,3.8268526,96.05058
2024-04-02 07:00:00+05:30,21.45,0.0,6.3690495,96.9791
2024-04-02 08:00:00+05:30,22.95,0.0,4.6938257,90.714066
2024-04-02 09:00:00+05:30,24.65,0.0,4.39436,84.43839
2024-04-02 10:00:00+05:30,27.0,0.0,3.6,73.9115
2024-04-02 11:00:00+05:30,28.95,0.0,5.8048253,65.16566
2024-04-02 12:00:00+05:30,29.8,0.0,6.792466,59.991116
2024-04-02 13:00:00+05:30,30.25,0.0,6.6087217,59.00025
2024-04-02 14:00:00+05:30,30.2,0.0,6.0347,60.63576
2024-04-02 15:00:00+05:30,29.55,0.0,7.771331,62.945385
2024-04-02 16:00:00+05:30,28.2,0.0,5.4477882,71.24833
2024-04-02 17:00:00+05:30,25.95,0.0,5.8048253,75.56847
2024-04-02 18:00:00+05:30,24.75,0.0,4.8965297,79.92266
2024-04-02 19:00:00+05:30,22.45,0.0,3.96,85.51536
2024-04-02 20:00:00+05:30,22.8,0.0,0.8049845,79.906136
2024-04-02 21:00:00+05:30,20.7,0.0,1.4399999,88.052895
2024-04-02 22:00:00+05:30,19.7,0.0,2.968636,89.08227
2024-04-02 23:00:00+05:30,19.4,0.0,5.0911684,85.20159
2024-04-03 00:00:00+05:30,18.25,0.0,2.9024127,87.28292
2024-04-03 01:00:00+05:30,17.95,0.0,6.12,86.146
2024-04-03 02:00:00+05:30,18.0,0.0,5.8603754,82.63139
2024-04-03 03:00:00+05:30,18.35,0.0,6.725354,83.74068
2024-04-03 04:00:00+05:30,18.75,0.0,5.771239,91.57841
2024-04-03 05:00:00+05:30,18.75,0.0,7.2,100.0
2024-04-03 06:00:00+05:30,20.55,0.0,8.891343,92.54895
2024-04-03 07:00:00+05:30,21.7,0.0,7.5170207,88.68637
2024-04-03 08:00:00+05:30,23.5,0.0,6.924738,80.99796
2024-04-03 09:00:00+05:30,25.35,0.0,6.489992,73.86152
2024-04-03 10:00:00+05:30,26.95,0.0,8.287822,68.240005
2024-04-03 11:00:00+05:30,28.2,0.0,8.669949,62.457886
2024-04-03 12:00:00+05:30,29.05,0.0,7.8954163,58.721073
2024-04-03 13:00:00+05:30,29.55,0.0,7.145796,56.697777
2024-04-03 14:00:00+05:30,29.7,0.0,8.161764,56.20986
2024-04-03 15:00:00+05:30,29.35,0.0,7.386582,58.06954
2024-04-03 16:00:00+05:30,27.95,0.0,5.8603754,67.189
2024-04-03 17:00:00+05:30,26.05,0.0,6.725354,71.29641
2024-04-03 18:00:00+05:30,24.9,0.0,7.653705,71.97676
2024-04-03 19:00:00+05:30,23.75,0.0,8.049845,76.633804
2024-04-03 20:00:00+05:30,22.55,0.0,6.28713,82.14397
2024-04-03 21:00:00+05:30,21.7,0.0,5.95906,86.240974
2024-04-03 22:00:00+05:30,20.4,0.0,4.6938257,92.25286
2024-04-03 23:00:00+05:30,20.05,0.0,5.0911684,91.94515
2024-04-04 00:00:00+05:30,19.95,0.0,5.2416787,90.794914
2024-04-04 01:00:00+05:30,19.6,0.0,5.8048253,92.20732
2024-04-04 02:00:00+05:30,19.0,0.0,4.6938257,95.117256
2024-04-04 03:00:00+05:30,18.1,0.0,4.39436,97.51496
2024-04-04 04:00:00+05:30,17.9,0.0,4.5536795,98.43806
2024-04-04 05:00:00+05:30,18.3,0.0,5.506941,98.44279
2024-04-04 06:00:00+05:30,20.85,0.0,9.0,91.70655
2024-04-04 07:00:00+05:30,22.0,0.0,9.114471,86.27001
2024-04-04 08:00:00+05:30,23.8,0.0,9.6932955,79.30184
2024-04-04 09:00:00+05:30,26.05,0.0,10.703569,69.77129
2024-04-04 10:00:00+05:30,27.85,0.0,11.269782,63.15739
2024-04-04 11:00:00+05:30,29.1,0.0,10.514218,59.646576
2024-04-04 12:00:00+05:30,30.0,0.0,9.387651,56.80575
2024-04-04 13:00:00+05:30,30.35,0.0,9.585739,55.848114
2024-04-04 14:00:00+05:30,30.3,0.0,10.948973,56.008427
2024-04-04 15:00:00+05:30,29.7,0.0,10.948973,58.331364
2024-04-04 16:00:00+05:30,28.45,0.0,9.983106,65.06145
2024-04-04 17:00:00+05:30,26.8,0.0,11.113451,70.560104
2024-04-04 18:00:00+05:30,24.95,0.0,11.298495,77.29247
2024-04-04 19:00:00+05:30,24.2,0.1,11.384199,77.659035
2024-04-04 20:00:00+05:30,22.95,0.0,14.044615,81.43119
2024-04-04 21:00:00+05:30,22.0,0.0,10.446206,84.67588
2024-04-04 22:00:00+05:30,21.4,0.0,7.6367526,88.112404
2024-04-04 23:00:00+05:30,21.1,0.0,9.178235,90.02804
2024-04-05 00:00:00+05:30,21.05,0.1,10.105681,91.43434
2024-04-05 01:00:00+05:30,20.4,0.0,9.0645685,94.57846
2024-04-05 02:00:00+05:30,20.2,0.0,8.669949,95.16063
2024-04-05 03:00:00+05:30,20.35,0.0,8.311245,93.698044
2024-04-05 04:00:00+05:30,20.15,0.0,6.162207,96.349434
2024-04-05 05:00:00+05:30,20.5,3.5,9.9571085,96.35893
2024-04-05 06:00:00+05:30,20.75,1.6,6.28713,97.86567
2024-04-05 07:00:00+05:30,21.0,0.2,3.563818,95.483864
2024-04-05 08:00:00+05:30,21.4,0.1,5.771239,92.309166
2024-04-05 09:00:00+05:30,23.25,0.0,5.04,87.19031
2024-04-05 10:00:00+05:30,24.85,0.0,5.4119864,79.44686
2024-04-05 11:00:00+05:30,26.1,0.0,3.4152596,74.67148
2024-04-05 12:00:00+05:30,27.8,0.0,6.792466,68.61532
2024-04-05 13:00:00+05:30,28.85,0.0,7.386582,64.94596
2024-04-05 14:00:00+05:30,29.05,0.0,6.9527545,63.2231
2024-04-05 15:00:00+05:30,28.8,0.0,6.28713,63.948837
2024-04-05 16:00:00+05:30,28.05,0.0,3.319036,72.31147
2024-04-05 17:00:00+05:30,26.05,0.0,6.151683,78.168816
2024-04-05 18:00:00+05:30,25.15,0.4,9.531505,78.03847
2024-04-05 19:00:00+05:30,24.1,0.6,5.315336,83.09468
2024-04-05 20:00:00+05:30,23.4,0.0,8.557102,86.40428
2024-04-05 21:00:00+05:30,23.0,0.1,6.9153743,87.70578
2024-04-05 22:00:00+05:30,22.4,0.0,7.8625183,89.56733
2024-04-05 23:00:00+05:30,21.65,0.0,7.928178,92.60855
2024-04-06 00:00:00+05:30,20.95,0.0,6.9899354,95.48218
2024-04-06 01:00:00+05:30,20.5,0.0,6.519877,96.65787
2024-04-06 02:00:00+05:30,20.1,0.0,5.4119864,97.552155
2024-04-06 03:00:00+05:30,19.85,0.0,5.506941,97.54755
2024-04-06 04:00:00+05:30,19.65,0.0,6.28713,98.45865
2024-04-06 05:00:00+05:30,19.8,0.0,6.379216,98.766655
2024-04-06 06:00:00+05:30,22.5,0.0,3.319036,94.66168
2024-04-06 07:00:00+05:30,24.0,0.0,2.968636,81.81498
2024-04-06 08:00:00+05:30,25.0,0.0,5.8048253,80.69453
2024-04-06 09:00:00+05:30,26.55,0.0,1.8,77.294815
2024-04-06 10:00:00+05:30,28.3,0.0,7.342588,71.91787
2024-04-06 11:00:00+05:30,29.25,0.0,7.2359104,68.68534
2024-04-06 12:00:00+05:30,30.35,0.0,5.0142193,63.31028
2024-04-06 13:00:00+05:30,30.9,0.0,3.6,62.475887
2024-04-06 14:00:00+05:30,31.5,0.0,4.896529,61.48273
2024-04-06 15:00:00+05:30,30.85,0.0,7.928177,64.18859
2024-04-06 16:00:00+05:30,29.75,0.0,8.049845,68.98882
2024-04-06 17:00:00+05:30,27.8,0.0,7.928178,75.174614
2024-04-06 18:00:00+05:30,25.55,0.0,6.9899354,86.606735
2024-04-06 19:00:00+05:30,26.65,0.0,3.4152596,79.69219
2024-04-06 20:00:00+05:30,24.5,0.0,2.16,87.03694
2024-04-06 21:00:00+05:30,23.25,0.0,3.2399998,85.59608
2024-04-06 22:00:00+05:30,22.0,0.0,3.6179552,86.53821
2024-04-06 23:00:00+05:30,21.25,0.0,2.6208394,85.39308
2024-04-07 00:00:00+05:30,20.95,0.0,2.9024127,80.919945
2024-04-07 01:00:00+05:30,20.5,0.0,2.1897945,78.83633
2024-04-07 02:00:00+05:30,19.95,0.0,2.8799999,78.757286
2024-04-07 03:00:00+05:30,19.55,0.0,1.4399999,79.966866
2024-04-07 04:00:00+05:30,19.7,0.0,1.4399999,77.72101
2024-04-07 05:00:00+05:30,20.2,0.0,2.16,79.54859
2024-04-07 06:00:00+05:30,23.5,0.0,6.489992,82.00599
2024-04-07 07:00:00+05:30,25.05,0.0,1.484318,78.5048
2024-04-07 08:00:00+05:30,27.3,0.0,4.0249224,69.57814
2024-04-07 09:00:00+05:30,29.55,0.0,10.464797,62.18035
2024-04-07 10:00:00+05:30,30.65,0.0,11.592895,55.406902
2024-04-07 11:00:00+05:30,32.35,0.0,10.594036,53.486958
2024-04-07 12:00:00+05:30,33.25,0.0,11.874544,52.10075
2024-04-07 13:00:00+05:30,33.05,0.0,13.104198,53.172733
2024-04-07 14:00:00+05:30,33.9,0.0,9.904906,45.68582
2024-04-07 15:00:00+05:30,33.45,0.0,15.978484,34.65848
2024-04-07 16:00:00+05:30,32.15,0.0,17.076298,34.300568
2024-04-07 17:00:00+05:30,30.95,0.0,15.137133,35.551033
2024-04-07 18:00:00+05:30,29.85,0.0,8.825508,32.464996
2024-04-07 19:00:00+05:30,28.15,0.0,7.072878,40.180523
2024-04-07 20:00:00+05:30,26.75,0.0,5.991594,46.387276
2024-04-07 21:00:00+05:30,25.6,0.0,5.6233797,56.27092
2024-04-07 22:00:00+05:30,25.55,0.0,7.0911775,62.652878
2024-04-07 23:00:00+05:30,25.25,0.0,7.9932976,64.790276
2024-04-08 00:00:00+05:30,25.25,0.0,7.42159,63.981117
2024-04-08 01:00:00+05:30,24.5,0.0,9.449572,63.81864
2024-04-08 02:00:00+05:30,26.75,0.0,4.8965297,51.412376
2024-04-08 03:00:00+05:30,23.7,0.0,5.495161,72.66655
2024-04-08 04:00:00+05:30,22.35,0.0,4.32,79.099075
2024-04-08 05:00:00+05:30,21.95,0.0,5.6920996,81.049934
2024-04-08 06:00:00+05:30,24.35,0.0,5.937272,75.31256
2024-04-08 07:00:00+05:30,25.7,0.0,6.989936,70.35631
2024-04-08 08:00:00+05:30,26.85,0.0,6.489992,65.94043
2024-04-08 09:00:00+05:30,28.9,0.0,7.653705,59.9698
2024-04-08 10:00:00+05:30,30.2,0.0,8.557102,55.811726
2024-04-08 11:00:00+05:30,31.2,0.0,6.763786,51.582745
2024-04-08 12:00:00+05:30,30.8,0.0,8.217153,51.64092
2024-04-08 13:00:00+05:30,31.15,0.0,8.28,49.22372
2024-04-08 14:00:00+05:30,30.55,0.0,5.506941,54.031937
2024-04-08 15:00:00+05:30,30.5,0.0,4.6102495,56.750675
2024-04-08 16:00:00+05:30,29.1,0.0,4.32,67.21296
2024-04-08 17:00:00+05:30,26.9,0.0,5.991594,74.34713
2024-04-08 18:00:00+05:30,27.9,0.0,5.495161,62.585155
2024-04-08 19:00:00+05:30,27.15,0.0,5.506941,63.594536
2024-04-08 20:00:00+05:30,24.2,0.0,4.5820518,77.41908
2024-04-08 21:00:00+05:30,24.3,0.0,5.3999996,76.95631
2024-04-08 22:00:00+05:30,23.1,0.0,6.193674,83.49316
2024-04-08 23:00:00+05:30,22.6,0.0,6.638072,86.59497
2024-04-09 00:00:00+05:30,21.8,0.0,6.28713,88.146194
2024-04-09 01:00:00+05:30,20.95,0.0,7.928178,81.68881
2024-04-09 02:00:00+05:30,20.15,0.0,6.12,72.264946
2024-04-09 03:00:00+05:30,19.5,0.0,7.5599995,66.95506
2024-04-09 04:00:00+05:30,18.75,0.0,3.8939953,75.844696
2024-04-09 05:00:00+05:30,19.35,0.0,4.3349743,71.42297
2024-04-09 06:00:00+05:30,22.4,0.0,4.198285,79.35398
2024-04-09 07:00:00+05:30,23.95,0.0,5.2416787,82.56784
2024-04-09 08:00:00+05:30,26.05,0.0,4.32,77.930695
2024-04-09 09:00:00+05:30,28.2,0.0,3.396233,69.53531
2024-04-09 10:00:00+05:30,29.85,0.0,1.4399999,63.977016
2024-04-09 11:00:00+05:30,30.75,0.0,1.9386592,59.296555
2024-04-09 12:00:00+05:30,31.75,0.0,4.452954,54.32826
2024-04-09 13:00:00+05:30,32.05,0.0,5.506941,51.95783
2024-04-09 14:00:00+05:30,32.05,0.0,3.7585104,50.850548
2024-04-09 15:00:00+05:30,32.0,0.0,8.534353,47.490875
2024-04-09 16:00:00+05:30,29.75,0.0,4.6102495,61.656372
2024-04-09 17:00:00+05:30,27.35,0.0,6.2145634,72.630486
2024-04-09 18:00:00+05:30,24.85,0.0,5.315336,54.140034
2024-04-09 19:00:00+05:30,24.6,0.0,6.9247384,41.06233
2024-04-09 20:00:00+05:30,24.35,0.0,6.193674,38.72306
2024-04-09 21:00:00+05:30,22.0,0.0,5.495161,48.525402
2024-04-09 22:00:00+05:30,21.35,0.0,6.130579,47.38728
2024-04-09 23:00:00+05:30,20.15,0.0,5.771239,52.93302
2024-04-10 00:00:00+05:30,19.95,0.0,2.5959969,55.777523
2024-04-10 01:00:00+05:30,18.85,0.0,4.1046314,54.210453
2024-04-10 02:00:00+05:30,19.7,0.0,6.618519,50.388805
2024-04-10 03:00:00+05:30,19.4,0.0,6.439876,56.198093
2024-04-10 04:00:00+05:30,19.6,0.0,7.0911775,66.97576
2024-04-10 05:00:00+05:30,19.7,0.0,6.379216,80.242775
2024-04-10 06:00:00+05:30,21.6,0.0,6.4096174,72.75547
2024-04-10 07:00:00+05:30,22.95,0.0,8.913181,66.59238
2024-04-10 08:00:00+05:30,25.35,0.0,7.9526596,59.145416
2024-04-10 09:00:00+05:30,27.15,0.0,8.587338,55.93958
2024-04-10 10:00:00+05:30,28.7,0.0,10.685391,53.235516
2024-04-10 11:00:00+05:30,30.35,0.0,9.422101,50.10011
2024-04-10 12:00:00+05:30,31.65,0.0,8.557102,47.103985
2024-04-10 13:00:00+05:30,32.15,0.0,7.92,44.379265
2024-04-10 14:00:00+05:30,32.05,0.0,6.830519,43.93716
2024-04-10 15:00:00+05:30,30.75,0.0,9.449572,37.503796
2024-04-10 16:00:00+05:30,28.8,0.0,4.3349743,59.761913
2024-04-10 17:00:00+05:30,26.05,0.0,6.3690495,60.44188
2024-04-10 18:00:00+05:30,25.6,0.0,4.802999,67.342316
2024-04-10 19:00:00+05:30,24.45,0.0,6.439876,66.27099
2024-04-10 20:00:00+05:30,23.1,0.0,3.671294,70.97849
2024-04-10 21:00:00+05:30,21.5,0.0,5.991594,78.23559
2024-04-10 22:00:00+05:30,21.55,0.0,5.3999996,71.82624
2024-04-10 23:00:00+05:30,20.4,0.0,4.802999,74.66443
2024-04-11 00:00:00+05:30,19.9,0.0,4.1046314,72.45294
2024-04-11 01:00:00+05:30,19.65,0.0,5.3517847,70.10372
2024-04-11 02:00:00+05:30,18.95,0.0,4.8965297,74.18012
2024-04-11 03:00:00+05:30,19.1,0.0,5.1165614,72.77909
2024-04-11 04:00:00+05:30,18.75,0.0,5.1165614,74.86985
2024-04-11 05:00:00+05:30,18.85,0.0,4.6102495,76.59889
2024-04-11 06:00:00+05:30,22.4,0.0,9.885262,74.289955
2024-04-11 07:00:00+05:30,23.8,0.0,10.086427,68.47442
2024-04-11 08:00:00+05:30,25.5,0.0,11.885453,59.93496
2024-04-11 09:00:00+05:30,27.75,0.0,12.57426,51.018944
2024-04-11 10:00:00+05:30,29.6,0.0,13.896187,45.82631
2024-04-11 11:00:00+05:30,31.05,0.0,13.5515,42.574673
2024-04-11 12:00:00+05:30,32.3,0.0,12.245293,40.804768
2024-04-11 13:00:00+05:30,33.05,0.0,11.019764,38.502438
2024-04-11 14:00:00+05:30,32.4,0.0,12.496718,38.44597
2024-04-11 15:00:00+05:30,31.75,0.0,12.738099,39.759907
2024-04-11 16:00:00+05:30,30.15,0.0,7.127636,47.001244
2024-04-11 17:00:00+05:30,27.6,0.0,5.95906,54.31268
2024-04-11 18:00:00+05:30,24.95,0.0,4.0249224,81.43239
2024-04-11 19:00:00+05:30,24.2,0.0,11.592894,77.41908
2024-04-11 20:00:00+05:30,21.85,1.2,8.311245,83.349976
2024-04-11 21:00:00+05:30,21.4,0.0,9.0,84.08401
2024-04-11 22:00:00+05:30,21.25,0.0,5.692099,86.46682
2024-04-11 23:00:00+05:30,21.9,0.3,7.4128532,85.459526
2024-04-12 00:00:00+05:30,21.55,0.3,2.52,90.90105
2024-04-12 01:00:00+05:30,21.25,0.0,5.4119864,93.45028
2024-04-12 02:00:00+05:30,21.1,0.0,5.3517847,94.023155
2024-04-12 03:00:00+05:30,20.5,0.0,4.3349743,95.46708
2024-04-12 04:00:00+05:30,20.95,0.0,5.315336,92.570694
2024-04-12 05:00:00+05:30,20.55,0.0,7.6367526,93.416565
2024-04-12 06:00:00+05:30,23.15,0.0,10.182337,77.98761
2024-04-12 07:00:00+05:30,24.2,0.0,11.440978,72.754196
2024-04-12 08:00:00+05:30,26.4,0.0,6.638072,64.428825
2024-04-12 09:00:00+05:30,28.15,0.0,7.653705,57.605495
2024-04-12 10:00:00+05:30,30.0,0.0,8.225035,51.59758
2024-04-12 11:00:00+05:30,31.3,0.0,7.9932966,47.15858
2024-04-12 12:00:00+05:30,32.15,0.0,5.991594,42.873653
2024-04-12 13:00:00+05:30,33.15,0.0,1.9386592,35.021854
2024-04-12 14:00:00+05:30,33.15,0.0,7.10031,34.576023
2024-04-12 15:00:00+05:30,32.05,0.0,8.942214,38.718117
2024-04-12 16:00:00+05:30,30.6,0.0,8.225035,47.866173
2024-04-12 17:00:00+05:30,27.6,0.0,5.506941,62.13255
2024-04-12 18:00:00+05:30,26.15,0.0,6.1305785,58.404224
2024-04-12 19:00:00+05:30,24.6,0.0,6.1305785,64.65181
2024-04-12 20:00:00+05:30,23.75,0.0,5.8603754,69.33278
2024-04-12 21:00:00+05:30,22.65,0.0,2.9024127,70.002655
2024-04-12 22:00:00+05:30,21.95,0.0,1.835647,73.5128
2024-04-12 23:00:00+05:30,21.45,0.0,3.9763298,76.27541
2024-04-13 00:00:00+05:30,20.95,0.0,2.5455842,79.90471
2024-04-13 01:00:00+05:30,22.05,0.0,1.8,72.37452
2024-04-13 02:00:00+05:30,20.45,0.0,4.8965297,81.367905
2024-04-13 03:00:00+05:30,20.15,0.0,4.8433046,77.29388
2024-04-13 04:00:00+05:30,19.65,0.0,5.3517847,79.218506
2024-04-13 05:00:00+05:30,20.3,0.0,5.0911684,76.09332
2024-04-13 06:00:00+05:30,22.85,0.0,4.6938252,71.83385
2024-04-13 07:00:00+05:30,25.1,0.0,5.8603754,68.51448
2024-04-13 08:00:00+05:30,27.55,0.0,7.928178,58.55146
2024-04-13 09:00:00+05:30,29.9,0.0,8.891344,49.51535
2024-04-13 10:00:00+05:30,31.7,0.0,7.729527,44.11927
2024-04-13 11:00:00+05:30,33.1,0.0,5.8048253,38.760647
2024-04-13 12:00:00+05:30,34.2,0.0,8.557102,30.571331
2024-04-13 13:00:00+05:30,34.25,0.0,12.984975,27.117073
2024-04-13 14:00:00+05:30,33.45,0.0,14.113652,29.203648
2024-04-13 15:00:00+05:30,32.85,0.0,8.78872,31.612923
2024-04-13 16:00:00+05:30,31.35,0.0,4.1046314,51.78066
2024-04-13 17:00:00+05:30,29.6,0.0,7.2,47.601604
2024-04-13 18:00:00+05:30,26.85,0.0,9.178235,57.474865
2024-04-13 19:00:00+05:30,25.75,0.0,5.8603754,54.36684
2024-04-13 20:00:00+05:30,24.8,0.0,6.638072,53.95341
2024-04-13 21:00:00+05:30,23.35,0.0,5.8603754,60.200768
2024-04-13 22:00:00+05:30,22.85,0.0,5.2416787,60.667706
2024-04-13 23:00:00+05:30,22.3,0.0,4.73506,62.526115
2024-04-14 00:00:00+05:30,22.25,0.0,5.506941,61.514595
2024-04-14 01:00:00+05:30,21.3,0.0,5.8603754,67.54194
2024-04-14 02:00:00+05:30,20.9,0.0,5.0911684,68.11616
2024-04-14 03:00:00+05:30,20.5,0.0,5.506941,71.86515
2024-04-14 04:00:00+05:30,20.1,0.0,5.3517847,71.10155
2024-04-14 05:00:00+05:30,20.5,0.0,4.829907,69.59028
2024-04-14 06:00:00+05:30,23.45,0.0,6.8777895,65.64551
2024-04-14 07:00:00+05:30,26.75,0.0,4.5536795,57.450844
2024-04-14 08:00:00+05:30,29.45,0.0,5.6920996,50.338993
2024-04-14 09:00:00+05:30,31.7,0.0,6.9153743,44.81744
2024-04-14 10:00:00+05:30,33.4,0.0,5.3517847,39.335793
2024-04-14 11:00:00+05:30,34.35,0.0,6.989936,35.802193
2024-04-14 12:00:00+05:30,34.4,0.0,10.97262,35.36498
2024-04-14 13:00:00+05:30,34.5,0.0,14.039999,34.615265
2024-04-14 14:00:00+05:30,33.4,0.0,14.05845,32.910736
2024-04-14 15:00:00+05:30,32.5,0.0,10.829958,37.745884
2024-04-14 16:00:00+05:30,31.4,0.0,7.24486,44.45624
2024-04-14 17:00:00+05:30,29.05,0.0,6.489992,53.826187
2024-04-14 18:00:00+05:30,27.3,0.0,11.885453,60.350086
2024-04-14 19:00:00+05:30,25.95,0.0,9.255571,66.578804
2024-04-14 20:00:00+05:30,25.15,0.0,5.634891,68.953094
2024-04-14 21:00:00+05:30,23.9,0.0,4.8433046,73.84596
2024-04-14 22:00:00+05:30,23.05,0.0,4.896529,76.76515
2024-04-14 23:00:00+05:30,22.65,0.0,4.829907,75.985146
2024-04-15 00:00:00+05:30,22.4,0.0,5.692099,74.759705
2024-04-15 01:00:00+05:30,22.3,0.0,6.12,74.743164
2024-04-15 02:00:00+05:30,22.05,0.0,6.162207,76.6106
2024-04-15 03:00:00+05:30,21.75,0.0,5.937272,78.51886
2024-04-15 04:00:00+05:30,23.4,0.0,2.0364676,68.395645
2024-04-15 05:00:00+05:30,22.0,0.0,4.896529,79.547264
2024-04-15 06:00:00+05:30,24.3,0.0,6.725354,74.60619
2024-04-15 07:00:00+05:30,26.35,0.0,7.5685663,65.83714
2024-04-15 08:00:00+05:30,29.0,0.0,8.12197,55.51934
2024-04-15 09:00:00+05:30,31.55,0.0,7.4128532,47.2247
2024-04-15 10:00:00+05:30,33.35,0.0,5.6920996,42.662575
2024-04-15 11:00:00+05:30,33.95,0.0,8.942214,41.382984
2024-04-15 12:00:00+05:30,34.4,0.0,8.913181,40.106785
2024-04-15 13:00:00+05:30,35.0,0.0,9.826088,36.550755
2024-04-15 14:00:00+05:30,34.6,0.0,13.441071,35.419758
2024-04-15 15:00:00+05:30,32.9,0.0,14.145756,41.748196
2024-04-15 16:00:00+05:30,32.1,0.0,4.5536795,46.93004
2024-04-15 17:00:00+05:30,32.2,0.0,3.4152596,43.293266
2024-04-15 18:00:00+05:30,28.2,0.0,3.9763298,65.20916
2024-04-15 19:00:00+05:30,29.0,0.0,1.609969,57.272263
2024-04-15 20:00:00+05:30,26.6,0.0,3.096837,68.17148
2024-04-15 21:00:00+05:30,26.25,0.0,5.506941,68.73824
2024-04-15 22:00:00+05:30,25.35,0.0,3.6179552,71.16918
2024-04-15 23:00:00+05:30,25.35,0.0,1.1384199,70.94875
2024-04-16 00:00:00+05:30,24.75,0.0,6.830519,70.17877
2024-04-16 01:00:00+05:30,23.45,0.0,1.484318,78.27454
2024-04-16 02:00:00+05:30,23.1,0.0,3.8773184,78.95816
2024-04-16 03:00:00+05:30,22.7,0.0,3.6,80.89445
2024-04-16 04:00:00+05:30,22.5,0.0,3.4152596,81.120926
2024-04-16 05:00:00+05:30,22.95,0.0,3.0758414,78.201904
2024-04-16 06:00:00+05:30,25.3,0.0,2.8116899,69.41293
2024-04-16 07:00:00+05:30,25.0,1.3,15.807239,81.43869
2024-04-16 08:00:00+05:30,24.4,0.6,5.2416787,84.92922
2024-04-16 09:00:00+05:30,25.7,0.0,9.826088,80.05007
2024-04-16 10:00:00+05:30,26.25,0.1,6.3690495,76.54602
2024-04-16 11:00:00+05:30,28.55,0.0,8.587338,66.4914
2024-04-16 12:00:00+05:30,28.85,0.2,9.387651,64.7476
2024-04-16 13:00:00+05:30,28.55,0.0,11.709688,65.282
2024-04-16 14:00:00+05:30,30.05,0.0,7.653705,59.316696
2024-04-16 15:00:00+05:30,30.1,0.0,10.948973,58.42504
2024-04-16 16:00:00+05:30,29.3,0.0,11.457958,60.432068
2024-04-16 17:00:00+05:30,27.9,0.0,7.7879906,65.34739
2024-04-16 18:00:00+05:30,26.2,0.0,8.707237,68.09292
2024-04-16 19:00:00+05:30,25.45,0.9,9.0,73.42376
2024-04-16 20:00:00+05:30,23.15,4.5,8.217153,87.18129
2024-04-16 21:00:00+05:30,23.1,0.2,4.68,87.9844
2024-04-16 22:00:00+05:30,22.75,0.0,9.0645685,91.25886
2024-04-16 23:00:00+05:30,22.25,0.0,12.224107,93.785324
2024-04-17 00:00:00+05:30,21.75,0.0,12.496719,94.34149
2024-04-17 01:00:00+05:30,21.65,0.0,13.684735,94.33737
2024-04-17 02:00:00+05:30,21.5,0.0,12.682018,95.207
2024-04-17 03:00:00+05:30,21.4,0.0,11.177405,94.61833
2024-04-17 04:00:00+05:30,21.2,0.0,8.905908,95.19633
2024-04-17 05:00:00+05:30,21.25,0.0,7.208994,93.161736
2024-04-17 06:00:00+05:30,23.15,0.0,9.255571,86.11493
2024-04-17 07:00:00+05:30,24.35,0.0,13.479583,78.64685
2024-04-17 08:00:00+05:30,25.6,0.0,15.315873,71.87874
2024-04-17 09:00:00+05:30,26.85,0.0,15.379206,64.926346
2024-04-17 10:00:00+05:30,28.55,0.0,12.245293,60.26127
2024-04-17 11:00:00+05:30,29.35,0.0,10.805998,57.533474
2024-04-17 12:00:00+05:30,30.35,0.0,6.763786,54.317417
2024-04-17 13:00:00+05:30,31.6,0.0,2.9024127,50.892506
2024-04-17 14:00:00+05:30,31.5,0.0,5.3517847,51.18246
2024-04-17 15:00:00+05:30,31.65,0.0,1.9386592,50.748234
2024-04-17 16:00:00+05:30,32.2,0.0,4.6800003,46.37577
2024-04-17 17:00:00+05:30,30.0,0.0,5.1544156,53.56166
2024-04-17 18:00:00+05:30,26.5,0.0,6.12,74.054115
2024-04-17 19:00:00+05:30,25.9,0.0,6.763786,73.72684
2024-04-17 20:00:00+05:30,24.2,0.0,15.175612,83.10626
2024-04-17 21:00:00+05:30,23.25,0.0,12.074766,85.07039
2024-04-17 22:00:00+05:30,22.5,0.0,11.27553,86.318184
2024-04-17 23:00:00+05:30,22.05,0.0,9.826088,84.68125
2024-04-18 00:00:00+05:30,21.55,0.0,9.114471,86.76523
2024-04-18 01:00:00+05:30,21.0,0.0,7.208994,89.46209
2024-04-18 02:00:00+05:30,20.85,0.0,9.007196,89.73001
2024-04-18 03:00:00+05:30,20.45,0.0,8.647496,90.82827
2024-04-18 04:00:00+05:30,20.05,0.0,9.746631,91.371826
2024-04-18 05:00:00+05:30,20.1,0.0,11.252519,90.52113
2024-04-18 06:00:00+05:30,21.75,0.0,11.966954,88.96573
2024-04-18 07:00:00+05:30,23.75,0.0,12.641076,77.59226
2024-04-18 08:00:00+05:30,26.0,0.0,11.440979,67.842606
2024-04-18 09:00:00+05:30,28.05,0.0,12.7279215,61.46668
2024-04-18 10:00:00+05:30,29.75,0.0,13.397612,56.3961
2024-04-18 11:00:00+05:30,30.85,0.0,12.599998,53.1132
2024-04-18 12:00:00+05:30,31.8,0.0,9.504272,49.69943
2024-04-18 13:00:00+05:30,32.25,0.0,8.78872,47.40929
2024-04-18 14:00:00+05:30,32.45,0.0,6.9153743,46.442062
2024-04-18 15:00:00+05:30,32.0,0.0,7.24486,47.638702
2024-04-18 16:00:00+05:30,30.6,0.4,6.6087217,52.72289
2024-04-18 17:00:00+05:30,28.7,0.0,4.6938257,62.375496
2024-04-18 18:00:00+05:30,26.3,0.0,5.1165614,67.273476
2024-04-18 19:00:00+05:30,25.6,0.0,6.297428,72.32446
2024-04-18 20:00:00+05:30,24.8,0.0,5.6002855,75.15216
2024-04-18 21:00:00+05:30,23.8,0.0,5.3517847,80.041275
2024-04-18 22:00:00+05:30,23.1,0.0,4.510787,83.75168
2024-04-18 23:00:00+05:30,22.05,0.0,4.829907,89.818184
2024-04-19 00:00:00+05:30,21.75,0.0,4.6938257,90.63353
2024-04-19 01:00:00+05:30,21.25,0.0,5.0142193,92.01529
2024-04-19 02:00:00+05:30,20.95,0.0,4.896529,90.861435
2024-04-19 03:00:00+05:30,20.9,0.0,5.4119864,86.433304
2024-04-19 04:00:00+05:30,20.8,0.0,3.96,81.92786
2024-04-19 05:00:00+05:30,21.1,0.0,1.4399999,84.579285
2024-04-19 06:00:00+05:30,24.05,0.0,2.6208394,72.95537
2024-04-19 07:00:00+05:30,25.7,0.0,3.8939953,71.453514
2024-04-19 08:00:00+05:30,26.2,0.0,7.42159,71.98557
2024-04-19 09:00:00+05:30,28.2,0.0,11.542478,62.650963
2024-04-19 10:00:00+05:30,28.45,0.0,6.489992,61.55617
2024-04-19 11:00:00+05:30,30.1,0.0,9.422101,56.132984
2024-04-19 12:00:00+05:30,31.05,0.0,10.233123,51.544594
2024-04-19 13:00:00+05:30,31.45,0.0,4.896529,49.455063
2024-04-19 14:00:00+05:30,31.55,0.0,4.1046314,48.870266
2024-04-19 15:00:00+05:30,30.95,0.0,5.0528407,51.679073
2024-04-19 16:00:00+05:30,30.55,0.0,3.096837,53.367542
2024-04-19 17:00:00+05:30,29.0,0.0,4.3349743,60.550186
2024-04-19 18:00:00+05:30,27.55,0.0,15.484185,68.98862
2024-04-19 19:00:00+05:30,25.2,1.2,5.6233797,83.984856
2024-04-19 20:00:00+05:30,24.35,0.0,10.495713,88.08993
2024-04-19 21:00:00+05:30,23.35,0.0,11.440978,88.0056
2024-04-19 22:00:00+05:30,22.2,0.1,12.074766,91.50538
2024-04-19 23:00:00+05:30,21.95,0.0,9.885262,92.910255
2024-04-20 00:00:00+05:30,21.85,0.0,7.289444,92.61931
2024-04-20 01:00:00+05:30,21.55,0.0,6.162207,94.3332
2024-04-20 02:00:00+05:30,21.25,0.0,7.9932976,95.198135
2024-04-20 03:00:00+05:30,20.95,0.0,9.504272,94.89354
2024-04-20 04:00:00+05:30,21.15,0.0,9.114471,91.15721
2024-04-20 05:00:00+05:30,21.2,0.0,10.137692,91.443634
2024-04-20 06:00:00+05:30,22.4,0.0,15.226764,87.65353
2024-04-20 07:00:00+05:30,23.75,0.0,14.618837,80.28242
2024-04-20 08:00:00+05:30,25.45,0.0,12.904882,73.19737
2024-04-20 09:00:00+05:30,26.1,0.0,9.028754,71.08585
2024-04-20 10:00:00+05:30,28.1,0.0,9.346143,62.243237
2024-04-20 11:00:00+05:30,29.5,0.0,8.766573,54.44449
2024-04-20 12:00:00+05:30,29.9,0.0,13.18308,53.70333
2024-04-20 13:00:00+05:30,30.1,0.0,13.513193,52.76067
2024-04-20 14:00:00+05:30,29.75,0.0,16.575644,55.016136
2024-04-20 15:00:00+05:30,28.45,0.0,19.022177,58.21763
2024-04-20 16:00:00+05:30,27.55,0.0,15.408671,57.28234
2024-04-20 17:00:00+05:30,26.1,0.0,12.387348,68.073235
2024-04-20 18:00:00+05:30,25.95,0.4,11.659777,74.41808
2024-04-20 19:00:00+05:30,23.85,1.0,11.592895,83.0657
2024-04-20 20:00:00+05:30,22.95,0.6,5.6233797,88.514244
2024-04-20 21:00:00+05:30,21.9,2.2,7.928178,94.34776
2024-04-20 22:00:00+05:30,21.4,0.0,8.647496,96.97798
2024-04-20 23:00:00+05:30,21.2,0.0,10.587917,96.97346
2024-04-21 00:00:00+05:30,21.05,0.0,9.885262,96.37385
2024-04-21 01:00:00+05:30,21.1,0.0,11.013882,95.78238
2024-04-21 02:00:00+05:30,20.9,0.0,9.746631,97.56682
2024-04-21 03:00:00+05:30,20.65,0.0,10.538843,99.07967
2024-04-21 04:00:00+05:30,20.45,0.0,12.074766,99.6919
2024-04-21 05:00:00+05:30,20.6,0.0,11.183201,99.38537
2024-04-21 06:00:00+05:30,22.65,0.0,11.165805,96.1232
2024-04-21 07:00:00+05:30,23.75,0.0,12.7279215,88.850105
2024-04-21 08:00:00+05:30,25.95,0.0,13.684735,77.91612
2024-04-21 09:00:00+05:30,27.7,0.0,12.387348,69.4409
2024-04-21 10:00:00+05:30,29.6,0.0,12.181625,61.434624
2024-04-21 11:00:00+05:30,31.35,0.0,10.966713,54.899754
2024-04-21 12:00:00+05:30,32.3,0.0,7.24486,51.861538
2024-04-21 13:00:00+05:30,33.0,0.0,5.0528407,48.197186
2024-04-21 14:00:00+05:30,33.2,0.0,7.754637,48.54703
2024-04-21 15:00:00+05:30,32.0,0.0,13.493999,54.05805
2024-04-21 16:00:00+05:30,29.9,0.0,17.581125,61.68966
2024-04-21 17:00:00+05:30,28.6,0.0,9.227524,66.50152
2024-04-21 18:00:00+05:30,25.55,0.9,3.6,85.56514
2024-04-21 19:00:00+05:30,24.9,0.0,2.8799999,90.84276
2024-04-21 20:00:00+05:30,24.7,0.0,4.8433046,92.49072
2024-04-21 21:00:00+05:30,24.55,0.0,7.628263,93.32397
2024-04-21 22:00:00+05:30,23.95,0.0,9.255571,94.4319
2024-04-21 23:00:00+05:30,23.1,0.0,8.557102,94.685104
2024-04-22 00:00:00+05:30,22.6,0.0,7.342588,94.95527
2024-04-22 01:00:00+05:30,22.2,0.0,6.379216,96.11024
2024-04-22 02:00:00+05:30,22.0,0.0,7.491114,96.69501
2024-04-22 03:00:00+05:30,21.65,0.0,7.208994,98.18047
2024-04-22 04:00:00+05:30,21.45,0.0,6.849467,99.694214
2024-04-22 05:00:00+05:30,21.4,0.0,7.5599995,99.38907
2024-04-22 06:00:00+05:30,25.65,0.0,3.096837,81.520065
2024-04-22 07:00:00+05:30,26.6,0.0,11.269782,76.599556
2024-04-22 08:00:00+05:30,28.75,0.0,8.435069,63.352367
2024-04-22 09:00:00+05:30,30.6,0.0,8.942214,56.600475
2024-04-22 10:00:00+05:30,32.05,0.0,11.090103,51.32253
2024-04-22 11:00:00+05:30,33.15,0.0,10.703569,46.916187
2024-04-22 12:00:00+05:30,33.7,0.0,7.8954163,45.915333
2024-04-22 13:00:00+05:30,33.8,0.0,7.771331,44.82101
2024-04-22 14:00:00+05:30,33.7,0.0,10.239453,45.915333
2024-04-22 15:00:00+05:30,33.0,0.0,10.538843,48.64454
2024-04-22 16:00:00+05:30,32.4,0.0,7.771331,50.939854
2024-04-22 17:00:00+05:30,30.55,0.0,12.096214,58.709496
2024-04-22 18:00:00+05:30,27.55,0.0,7.42159,73.33151
2024-04-22 19:00:00+05:30,27.0,0.0,6.12,76.19624
2024-04-22 20:00:00+05:30,26.65,0.2,7.072878,78.49303
2024-04-22 21:00:00+05:30,25.6,0.0,8.473393,82.76292
2024-04-22 22:00:00+05:30,24.45,0.0,7.8625183,85.7159
2024-04-22 23:00:00+05:30,23.85,0.0,6.696387,88.04789
2024-04-23 00:00:00+05:30,22.85,0.0,8.587338,91.54515
2024-04-23 01:00:00+05:30,22.5,0.0,8.557102,91.52378
2024-04-23 02:00:00+05:30,22.1,0.0,8.759178,93.490906
2024-04-23 03:00:00+05:30,21.8,0.0,9.826088,94.34359
2024-04-23 04:00:00+05:30,21.9,0.0,8.707238,93.194145
2024-04-23 05:00:00+05:30,22.1,0.0,8.350138,92.06445
2024-04-23 06:00:00+05:30,25.25,0.0,1.8,84.24611
2024-04-23 07:00:00+05:30,27.15,0.0,3.6,75.29898
2024-04-23 08:00:00+05:30,28.75,0.0,6.439876,64.52869
2024-04-23 09:00:00+05:30,30.55,0.0,7.289445,54.70357
2024-04-23 10:00:00+05:30,31.9,0.0,6.725354,50.03372
2024-04-23 11:00:00+05:30,33.0,0.0,5.5887027,47.313263
2024-04-23 12:00:00+05:30,34.15,0.0,6.696387,44.914234
2024-04-23 13:00:00+05:30,34.85,0.0,8.913181,43.19944
2024-04-23 14:00:00+05:30,34.15,0.0,12.096214,45.752037
2024-04-23 15:00:00+05:30,33.2,0.0,3.8939953,48.24933
2024-04-23 16:00:00+05:30,33.95,0.0,6.5693827,43.49408
2024-04-23 17:00:00+05:30,30.7,0.0,3.0758414,67.3263
2024-04-23 18:00:00+05:30,27.25,0.0,13.979872,69.35557
2024-04-23 19:00:00+05:30,26.8,0.0,9.504273,70.77715
2024-04-23 20:00:00+05:30,26.0,0.0,5.815978,74.88453
2024-04-23 21:00:00+05:30,25.05,0.0,5.0911684,78.5048
2024-04-23 22:00:00+05:30,24.55,0.0,2.7416782,79.65033
2024-04-23 23:00:00+05:30,24.15,0.0,3.319036,75.74945
2024-04-24 00:00:00+05:30,23.8,0.0,1.08,71.33085
2024-04-24 01:00:00+05:30,24.95,0.0,2.7416782,65.958694
2024-04-24 02:00:00+05:30,23.05,0.0,5.3999996,74.86686
2024-04-24 03:00:00+05:30,22.7,0.0,5.3517847,76.231766
2024-04-24 04:00:00+05:30,22.05,0.0,6.489992,78.56216
2024-04-24 05:00:00+05:30,22.65,0.0,6.379216,81.39316
2024-04-24 06:00:00+05:30,27.75,0.0,8.913181,64.51572
2024-04-24 07:00:00+05:30,28.9,0.0,4.8433046,58.32365
2024-04-24 08:00:00+05:30,30.8,0.0,4.0249224,52.610134
2024-04-24 09:00:00+05:30,32.95,0.0,8.311245,47.008636
2024-04-24 10:00:00+05:30,33.9,0.0,5.991594,44.986404
2024-04-24 11:00:00+05:30,35.55,0.0,12.682018,34.139923
2024-04-24 12:00:00+05:30,36.05,0.0,7.628263,32.588047
2024-04-24 13:00:00+05:30,38.8,0.0,21.575987,18.455622
2024-04-24 14:00:00+05:30,38.7,0.0,25.509243,16.06083
2024-04-24 15:00:00+05:30,37.85,0.0,29.871325,15.657976
2024-04-24 16:00:00+05:30,36.5,0.0,19.559633,19.759476
2024-04-24 17:00:00+05:30,33.7,0.0,6.12,24.996466
2024-04-24 18:00:00+05:30,33.35,0.0,14.84318,22.676474
2024-04-24 19:00:00+05:30,31.7,0.0,9.904906,28.824938
2024-04-24 20:00:00+05:30,28.7,0.0,6.638072,35.155964
2024-04-24 21:00:00+05:30,26.5,0.0,5.4833565,40.51363
2024-04-24 22:00:00+05:30,25.85,0.0,5.6233797,44.08096
2024-04-24 23:00:00+05:30,24.25,0.0,12.287555,70.08474
2024-04-25 00:00:00+05:30,22.2,0.0,9.726665,90.10661
2024-04-25 01:00:00+05:30,21.75,0.0,7.4128532,91.19554
2024-04-25 02:00:00+05:30,21.1,0.0,5.0911684,93.7327
2024-04-25 03:00:00+05:30,20.65,0.0,9.178235,95.17678
2024-04-25 04:00:00+05:30,20.0,0.0,7.8625183,97.550316
2024-04-25 05:00:00+05:30,20.35,0.0,9.0,93.40687
2024-04-25 06:00:00+05:30,23.15,0.0,13.049689,75.82668
2024-04-25 07:00:00+05:30,25.0,0.0,13.661038,67.43235
2024-04-25 08:00:00+05:30,27.0,0.0,11.792404,60.092995
2024-04-25 09:00:00+05:30,29.05,0.0,12.387348,54.332897
2024-04-25 10:00:00+05:30,30.9,0.0,11.592894,48.548603
2024-04-25 11:00:00+05:30,32.3,0.0,11.720751,44.6982
2024-04-25 12:00:00+05:30,33.2,0.0,12.738099,42.62201
2024-04-25 13:00:00+05:30,33.5,0.0,12.984975,42.042118
2024-04-25 14:00:00+05:30,33.3,0.0,12.218805,42.782375
2024-04-25 15:00:00+05:30,32.25,0.0,13.044722,45.1056
2024-04-25 16:00:00+05:30,31.5,0.0,10.383987,47.50703
2024-04-25 17:00:00+05:30,29.95,0.0,9.585739,52.72286
2024-04-25 18:00:00+05:30,29.0,0.0,8.905908,55.8661
2024-04-25 19:00:00+05:30,28.15,0.0,6.0347,60.16978
2024-04-25 20:00:00+05:30,26.25,0.0,4.379589,68.95125
2024-04-25 21:00:00+05:30,25.75,0.0,6.924738,72.35085
2024-04-25 22:00:00+05:30,24.5,0.0,8.64,77.22494
2024-04-25 23:00:00+05:30,23.45,0.0,7.5599995,79.74645
2024-04-26 00:00:00+05:30,22.85,0.0,7.42159,81.16586
2024-04-26 01:00:00+05:30,22.25,0.0,7.2805495,83.136826
2024-04-26 02:00:00+05:30,21.8,0.0,7.2359104,84.65451
2024-04-26 03:00:00+05:30,21.35,0.0,7.6367526,86.746475
2024-04-26 04:00:00+05:30,21.05,0.0,7.2359104,88.08271
2024-04-26 05:00:00+05:30,21.2,0.0,9.007196,86.1924
2024-04-26 06:00:00+05:30,23.85,0.0,8.825508,75.93763
2024-04-26 07:00:00+05:30,26.05,0.0,9.449572,67.642204
2024-04-26 08:00:00+05:30,28.5,0.0,13.363711,58.229424
2024-04-26 09:00:00+05:30,30.9,0.0,12.783802,49.775314
2024-04-26 10:00:00+05:30,32.75,0.0,12.096214,43.988056
2024-04-26 11:00:00+05:30,33.85,0.0,11.090103,41.09838
2024-04-26 12:00:00+05:30,34.65,0.0,8.39657,39.306896
2024-04-26 13:00:00+05:30,35.55,0.0,8.311245,35.23343
2024-04-26 14:00:00+05:30,34.55,0.4,13.979871,39.6496
2024-04-26 15:00:00+05:30,32.5,0.0,20.620804,47.622334
2024-04-26 16:00:00+05:30,32.55,0.0,13.527572,46.03747
2024-04-26 17:00:00+05:30,30.4,0.0,15.575981,54.329784
2024-04-26 18:00:00+05:30,29.3,0.0,7.9932976,55.24812
2024-04-26 19:00:00+05:30,27.45,0.0,14.20062,64.05463
2024-04-26 20:00:00+05:30,26.6,0.0,14.759999,63.872185
2024-04-26 21:00:00+05:30,25.95,0.0,11.885453,64.13187
2024-04-26 22:00:00+05:30,25.2,0.0,10.440001,66.63362
2024-04-26 23:00:00+05:30,24.35,0.0,13.049689,70.103546
2024-04-27 00:00:00+05:30,23.35,0.0,11.298495,75.150696
2024-04-27 01:00:00+05:30,22.8,0.0,10.239453,78.18002
2024-04-27 02:00:00+05:30,22.35,0.0,9.36,81.35502
2024-04-27 03:00:00+05:30,22.25,0.0,6.9899354,81.8515
2024-04-27 04:00:00+05:30,22.0,0.0,5.8603754,83.367256
2024-04-27 05:00:00+05:30,22.35,0.0,7.2805495,81.35502
2024-04-27 06:00:00+05:30,23.9,0.0,9.659814,77.37419
2024-04-27 07:00:00+05:30,25.85,0.0,9.178235,69.08806
2024-04-27 08:00:00+05:30,28.1,0.0,8.4042845,60.90927
2024-04-27 09:00:00+05:30,30.1,0.0,8.825508,54.255558
2024-04-27 10:00:00+05:30,32.7,0.0,7.5942082,46.077297
2024-04-27 11:00:00+05:30,34.05,0.0,5.815978,42.32227
2024-04-27 12:00:00+05:30,34.4,0.0,5.506941,40.48392
2024-04-27 13:00:00+05:30,34.7,0.0,4.802999,40.063328
2024-04-27 14:00:00+05:30,34.4,0.1,5.154415,40.864174
2024-04-27 15:00:00+05:30,34.2,0.0,6.830519,41.70954
2024-04-27 16:00:00+05:30,33.35,0.0,6.9153743,43.739296
2024-04-27 17:00:00+05:30,31.5,0.0,13.896187,51.340878
2024-04-27 18:00:00+05:30,29.85,0.0,15.546833,56.945286
2024-04-27 19:00:00+05:30,28.25,0.0,9.931042,65.01964
2024-04-27 20:00:00+05:30,26.8,0.0,7.342588,73.878075
2024-04-27 21:00:00+05:30,25.3,1.3,9.107359,79.75226
2024-04-27 22:00:00+05:30,24.05,2.2,0.8049845,86.20199
2024-04-27 23:00:00+05:30,22.9,0.1,5.495161,93.81477
2024-04-28 00:00:00+05:30,22.65,0.0,7.289444,94.95712
2024-04-28 01:00:00+05:30,22.65,0.0,3.6,94.37875
2024-04-28 02:00:00+05:30,22.45,0.0,6.12,95.82433
2024-04-28 03:00:00+05:30,21.75,0.0,2.52,99.39066
2024-04-28 04:00:00+05:30,21.9,0.0,6.130579,98.183876
2024-04-28 05:00:00+05:30,22.35,0.0,5.7599998,95.82122
2024-04-28 06:00:00+05:30,25.0,0.0,10.365251,80.69453
2024-04-28 07:00:00+05:30,24.6,0.0,7.8954163,75.58647
2024-04-28 08:00:00+05:30,28.1,0.0,7.9036193,59.785892
2024-04-28 09:00:00+05:30,30.9,0.0,10.495713,49.158604
2024-04-28 10:00:00+05:30,32.55,0.0,11.183201,47.048836
2024-04-28 11:00:00+05:30,32.85,0.0,10.495713,47.127884
2024-04-28 12:00:00+05:30,33.2,0.0,11.384199,46.929367
2024-04-28 13:00:00+05:30,34.45,0.0,9.178235,44.855747
2024-04-28 14:00:00+05:30,33.9,0.0,10.464797,45.54519
2024-04-28 15:00:00+05:30,32.25,0.0,19.64228,51.531425
2024-04-28 16:00:00+05:30,29.4,0.0,18.472595,60.454777
2024-04-28 17:00:00+05:30,28.4,0.0,11.726277,64.06
2024-04-28 18:00:00+05:30,28.75,0.0,11.503113,65.925255
2024-04-28 19:00:00+05:30,27.5,0.0,12.303366,71.55746
2024-04-28 20:00:00+05:30,25.15,0.0,18.278645,79.00226
2024-04-28 21:00:00+05:30,23.7,0.0,18.844202,79.53388
2024-04-28 22:00:00+05:30,22.65,0.0,18.36353,81.64682
2024-04-28 23:00:00+05:30,22.5,0.0,14.417988,82.90782
2024-04-29 00:00:00+05:30,22.4,0.0,12.303366,83.41322
2024-04-29 01:00:00+05:30,21.95,0.0,12.0694,87.342834
2024-04-29 02:00:00+05:30,21.8,0.0,9.3876505,87.6009
2024-04-29 03:00:00+05:30,21.65,0.0,8.311245,88.13355
2024-04-29 04:00:00+05:30,21.4,0.0,8.4042845,89.49233
2024-04-29 05:00:00+05:30,21.6,0.0,10.182337,88.12929
2024-04-29 06:00:00+05:30,23.95,0.0,7.342588,80.06141
2024-04-29 07:00:00+05:30,25.65,0.0,10.137692,72.33326
2024-04-29 08:00:00+05:30,28.05,0.0,10.195057,63.006073
2024-04-29 09:00:00+05:30,30.45,0.0,8.942214,54.510334
2024-04-29 10:00:00+05:30,32.4,0.0,9.422101,48.939953
2024-04-29 11:00:00+05:30,33.2,0.0,11.885453,47.512047
2024-04-29 12:00:00+05:30,33.8,0.0,8.654986,45.518654
2024-04-29 13:00:00+05:30,34.75,0.0,7.8954163,40.327232
2024-04-29 14:00:00+05:30,34.1,0.1,10.883676,41.94273
2024-04-29 15:00:00+05:30,32.5,0.6,13.5515,50.342632
2024-04-29 16:00:00+05:30,31.05,0.0,16.263872,54.155697
2024-04-29 17:00:00+05:30,30.45,0.0,9.9571085,55.872356
2024-04-29 18:00:00+05:30,29.1,0.0,17.654688,60.57286
2024-04-29 19:00:00+05:30,27.7,0.0,11.440978,67.76009
2024-04-29 20:00:00+05:30,26.7,0.0,9.107359,72.73984
2024-04-29 21:00:00+05:30,25.5,0.0,11.119281,78.08927
2024-04-29 22:00:00+05:30,24.9,0.0,11.212135,79.69798
2024-04-29 23:00:00+05:30,24.25,0.0,12.783802,80.84514
2024-04-30 00:00:00+05:30,23.7,0.0,10.8955765,81.77778
2024-04-30 01:00:00+05:30,23.25,0.0,10.105681,82.229324
2024-04-30 02:00:00+05:30,22.8,0.0,9.449572,83.977684
2024-04-30 03:00:00+05:30,22.4,0.0,9.826088,85.24567
2024-04-30 04:00:00+05:30,22.0,0.0,9.779817,86.00249
2024-04-30 05:00:00+05:30,22.15,0.0,9.779817,84.166824
2024-04-30 06:00:00+05:30,24.65,0.0,9.957108,77.486206
2024-04-30 07:00:00+05:30,26.15,0.0,12.261157,68.50637
2024-04-30 08:00:00+05:30,28.3,0.0,13.608762,60.390945
2024-04-30 09:00:00+05:30,29.75,0.0,17.287498,56.3961
2024-04-30 10:00:00+05:30,31.5,0.0,16.1198,49.93053
2024-04-30 11:00:00+05:30,32.4,0.0,15.315873,46.718246
2024-04-30 12:00:00+05:30,33.25,0.0,11.988594,43.98532
2024-04-30 13:00:00+05:30,33.4,0.0,9.83268,43.888954
2024-04-30 14:00:00+05:30,33.6,0.0,8.587338,43.67059
2024-04-30 15:00:00+05:30,33.1,0.0,10.44,44.912315
2024-04-30 16:00:00+05:30,31.85,0.0,12.57426,48.04529
2024-04-30 17:00:00+05:30,30.5,0.0,12.413477,53.025475
2024-04-30 18:00:00+05:30,28.2,0.0,12.074766,63.428574
2024-04-30 19:00:00+05:30,26.9,0.0,11.885453,68.863785
2024-04-30 20:00:00+05:30,26.0,0.0,10.041354,73.06652
2024-04-30 21:00:00+05:30,24.95,0.0,13.584932,76.345634
2024-04-30 22:00:00+05:30,24.2,0.0,13.910169,75.99282
2024-04-30 23:00:00+05:30,23.35,0.0,14.145756,78.99341
2024-05-01 00:00:00+05:30,22.85,0.0,12.57426,82.18059
2024-05-01 01:00:00+05:30,22.3,0.0,11.252519,85.76571
2024-05-01 02:00:00+05:30,21.9,0.0,9.885262,88.42818
2024-05-01 03:00:00+05:30,21.35,0.0,10.041354,91.73664
2024-05-01 04:00:00+05:30,21.3,0.0,10.08,91.16683
2024-05-01 05:00:00+05:30,21.95,0.0,9.3876505,86.80251
2024-05-01 06:00:00+05:30,24.0,0.0,9.686609,82.828094
2024-05-01 07:00:00+05:30,25.7,0.0,10.587918,74.83571
2024-05-01 08:00:00+05:30,27.75,0.0,10.233123,66.737885
2024-05-01 09:00:00+05:30,30.05,0.0,9.422101,58.59306
2024-05-01 10:00:00+05:30,31.9,0.0,10.799999,52.886192
2024-05-01 11:00:00+05:30,33.25,0.0,11.435313,49.766872
2024-05-01 12:00:00+05:30,34.45,0.0,6.849467,46.682365
2024-05-01 13:00:00+05:30,36.55,0.0,11.885453,36.51605
2024-05-01 14:00:00+05:30,36.75,0.0,16.055353,34.03727
2024-05-01 15:00:00+05:30,37.45,0.0,30.173496,27.87701
2024-05-01 16:00:00+05:30,36.25,0.0,14.982228,27.470467
2024-05-01 17:00:00+05:30,32.05,0.0,8.12197,56.94636
2024-05-01 18:00:00+05:30,29.5,0.0,8.587338,66.48089
2024-05-01 19:00:00+05:30,28.25,0.0,9.360001,71.90901
2024-05-01 20:00:00+05:30,27.3,0.0,6.6185193,76.011765
2024-05-01 21:00:00+05:30,26.15,0.0,3.7585104,80.84322
2024-05-01 22:00:00+05:30,25.85,0.0,1.835647,79.826546
2024-05-01 23:00:00+05:30,25.0,0.0,4.0249224,77.7771
2024-05-02 00:00:00+05:30,25.15,0.0,6.849467,77.56047
2024-05-02 01:00:00+05:30,24.5,0.0,5.315336,82.38035
2024-05-02 02:00:00+05:30,23.95,0.0,3.7064266,85.40412
2024-05-02 03:00:00+05:30,23.4,0.0,2.5455842,86.9366
2024-05-02 04:00:00+05:30,23.1,0.0,2.1897945,86.11003
2024-05-02 05:00:00+05:30,24.1,0.0,4.896529,78.1264
2024-05-02 06:00:00+05:30,30.6,0.0,1.08,43.544716
2024-05-02 07:00:00+05:30,31.8,0.0,9.178235,50.007954
2024-05-02 08:00:00+05:30,32.5,0.0,11.212135,51.122044
2024-05-02 09:00:00+05:30,35.05,0.0,8.39657,41.42337
2024-05-02 10:00:00+05:30,36.2,0.0,14.021525,36.534657
2024-05-02 11:00:00+05:30,36.45,0.0,14.84318,33.32095
2024-05-02 12:00:00+05:30,39.05,0.0,23.664352,12.566654
2024-05-02 13:00:00+05:30,37.95,0.0,24.336637,14.997854
2024-05-02 14:00:00+05:30,39.45,0.0,26.072052,10.880634
2024-05-02 15:00:00+05:30,37.2,0.0,28.988384,12.684899
2024-05-02 16:00:00+05:30,35.8,0.0,21.611996,17.16004
2024-05-02 17:00:00+05:30,34.05,0.0,16.343367,20.037376
2024-05-02 18:00:00+05:30,33.0,0.0,11.043261,22.587168
2024-05-02 19:00:00+05:30,30.25,0.0,5.8603754,27.217472
2024-05-02 20:00:00+05:30,27.65,0.0,4.198285,32.61033
2024-05-02 21:00:00+05:30,26.9,0.0,6.849467,38.160114
2024-05-02 22:00:00+05:30,25.95,0.0,6.162207,42.96706
2024-05-02 23:00:00+05:30,26.3,0.0,7.4128532,44.060745
2024-05-03 00:00:00+05:30,26.4,0.0,7.6367526,47.04852
2024-05-03 01:00:00+05:30,23.4,0.0,7.7043357,59.82691
2024-05-03 02:00:00+05:30,23.4,0.0,9.511088,56.27132
2024-05-03 03:00:00+05:30,22.1,0.0,6.849467,61.083878
2024-05-03 04:00:00+05:30,21.05,0.0,5.8048253,71.27775
2024-05-03 05:00:00+05:30,21.2,0.0,7.072878,76.478065
2024-05-03 06:00:00+05:30,24.6,0.0,12.768586,69.931755
2024-05-03 07:00:00+05:30,26.45,0.0,10.787993,62.26475
2024-05-03 08:00:00+05:30,28.7,0.0,8.435069,55.100643
2024-05-03 09:00:00+05:30,30.45,0.0,10.44,50.125996
2024-05-03 10:00:00+05:30,31.95,0.0,11.480557,46.165157
2024-05-03 11:00:00+05:30,33.1,0.0,12.496718,41.28145
2024-05-03 12:00:00+05:30,33.65,0.0,12.031756,38.18212
2024-05-03 13:00:00+05:30,33.7,0.0,12.738099,37.00723
2024-05-03 14:00:00+05:30,33.45,0.0,11.966954,36.4723
2024-05-03 15:00:00+05:30,33.0,0.0,12.768586,37.286472
2024-05-03 16:00:00+05:30,31.55,0.0,12.031756,41.643345
2024-05-03 17:00:00+05:30,30.0,0.0,13.044722,46.371677
2024-05-03 18:00:00+05:30,28.1,0.0,10.990322,49.829235
2024-05-03 19:00:00+05:30,26.85,0.0,7.92,56.754856
2024-05-03 20:00:00+05:30,25.45,0.0,4.3498964,62.63073
2024-05-03 21:00:00+05:30,24.95,0.0,4.6938252,64.72646
2024-05-03 22:00:00+05:30,24.3,0.0,4.0249224,69.22107
2024-05-03 23:00:00+05:30,23.6,0.0,3.8268526,70.84772
2024-05-04 00:00:00+05:30,23.4,0.0,4.379589,69.04699
2024-05-04 01:00:00+05:30,22.35,0.0,4.0249224,77.62585
2024-05-04 02:00:00+05:30,22.05,0.0,4.2136917,79.55422
2024-05-04 03:00:00+05:30,21.65,0.0,4.3498964,79.74912
2024-05-04 04:00:00+05:30,21.2,0.0,4.510787,79.43618
2024-05-04 05:00:00+05:30,21.9,0.0,5.815978,75.62676
2024-05-04 06:00:00+05:30,24.5,0.0,8.905908,69.47671
2024-05-04 07:00:00+05:30,26.9,0.0,7.6367526,62.170464
2024-05-04 08:00:00+05:30,29.55,0.0,6.489992,52.951374
2024-05-04 09:00:00+05:30,32.15,0.0,6.638072,43.415867
2024-05-04 10:00:00+05:30,34.1,0.0,6.924738,35.059204
2024-05-04 11:00:00+05:30,35.35,0.0,7.289444,28.77385
2024-05-04 12:00:00+05:30,36.35,0.0,9.178235,24.30301
2024-05-04 13:00:00+05:30,36.45,0.0,12.904882,23.084463
2024-05-04 14:00:00+05:30,36.05,0.0,14.799459,23.909641
2024-05-04 15:00:00+05:30,35.45,0.0,14.081478,25.370794
2024-05-04 16:00:00+05:30,35.25,0.0,10.028439,24.906193
2024-05-04 17:00:00+05:30,33.6,0.0,8.435069,28.11943
2024-05-04 18:00:00+05:30,30.65,0.0,9.028754,34.895473
2024-05-04 19:00:00+05:30,31.4,0.0,4.6938257,30.909126
2024-05-04 20:00:00+05:30,28.65,0.0,7.5170207,41.916813
2024-05-04 21:00:00+05:30,27.55,0.0,4.2136917,51.455326
2024-05-04 22:00:00+05:30,26.2,0.0,8.049845,59.158005
2024-05-04 23:00:00+05:30,25.0,0.9,11.753877,66.80178
2024-05-05 00:00:00+05:30,22.5,3.6,5.315336,84.99222
2024-05-05 01:00:00+05:30,22.8,0.0,10.739833,85.815445
2024-05-05 02:00:00+05:30,22.95,0.0,9.422101,82.96067
2024-05-05 03:00:00+05:30,21.95,0.0,5.3999996,87.07231
2024-05-05 04:00:00+05:30,21.8,0.0,4.68,88.69444
2024-05-05 05:00:00+05:30,22.25,0.1,15.0038395,90.110146
2024-05-05 06:00:00+05:30,24.95,0.0,12.413477,83.44695
2024-05-05 07:00:00+05:30,24.4,3.6,8.311245,79.38491
2024-05-05 08:00:00+05:30,23.4,0.6,9.931042,84.30347
2024-05-05 09:00:00+05:30,26.1,2.1,3.4152596,73.08372
2024-05-05 10:00:00+05:30,27.25,0.1,2.968636,67.879745
2024-05-05 11:00:00+05:30,28.55,0.1,2.4149535,60.447914
2024-05-05 12:00:00+05:30,28.0,0.1,1.0182338,61.6461
2024-05-05 13:00:00+05:30,28.5,0.0,9.983106,60.249825
2024-05-05 14:00:00+05:30,27.7,0.0,10.823973,63.320366
2024-05-05 15:00:00+05:30,25.25,0.0,18.79255,72.48683
2024-05-05 16:00:00+05:30,23.9,1.3,11.542478,82.81636
2024-05-05 17:00:00+05:30,23.3,0.2,6.2145634,86.660736
2024-05-05 18:00:00+05:30,23.65,1.9,10.1887,79.281
2024-05-05 19:00:00+05:30,23.2,0.0,11.503113,84.02194
2024-05-05 20:00:00+05:30,22.35,0.7,14.277983,90.39522
2024-05-05 21:00:00+05:30,21.75,0.4,13.202726,94.92359
2024-05-05 22:00:00+05:30,21.35,0.8,14.336861,95.49556
2024-05-05 23:00:00+05:30,21.1,0.0,13.441071,94.89921
2024-05-06 00:00:00+05:30,20.8,0.0,14.081478,94.3018
2024-05-06 01:00:00+05:30,20.65,0.0,13.276144,94.88221
2024-05-06 02:00:00+05:30,20.7,0.0,5.154415,93.423805
2024-05-06 03:00:00+05:30,20.55,0.0,10.829958,94.291306
2024-05-06 04:00:00+05:30,20.35,2.8,12.287555,93.698044
2024-05-06 05:00:00+05:30,20.75,2.5,8.161764,94.88598
2024-05-06 06:00:00+05:30,20.65,6.6,12.738099,96.36302
2024-05-06 07:00:00+05:30,21.1,0.8,9.107359,94.60639
2024-05-06 08:00:00+05:30,22.35,0.3,11.874544,89.56356
2024-05-06 09:00:00+05:30,22.8,0.2,14.799459,83.977684
2024-05-06 10:00:00+05:30,23.6,0.0,15.596767,78.296295
2024-05-06 11:00:00+05:30,24.6,0.0,15.716793,74.65561
2024-05-06 12:00:00+05:30,25.85,0.0,18.193361,71.04027
2024-05-06 13:00:00+05:30,27.3,0.0,15.990646,64.02253
2024-05-06 14:00:00+05:30,27.05,0.0,16.323528,65.16999
2024-05-06 15:00:00+05:30,26.8,0.0,14.658676,65.726166
2024-05-06 16:00:00+05:30,26.65,0.0,13.708391,65.899185
2024-05-06 17:00:00+05:30,25.5,0.0,13.324863,70.101166
2024-05-06 18:00:00+05:30,23.1,0.0,9.605998,85.31754
2024-05-06 19:00:00+05:30,21.85,3.0,6.4096174,93.19166
2024-05-06 20:00:00+05:30,22.1,0.2,10.661107,90.65714
2024-05-06 21:00:00+05:30,21.7,2.0,3.096837,93.18418
2024-05-06 22:00:00+05:30,21.2,4.9,10.390226,94.610344
2024-05-06 23:00:00+05:30,21.05,0.2,9.255571,94.3123
2024-05-07 00:00:00+05:30,20.75,1.8,9.028754,96.068184
2024-05-07 01:00:00+05:30,20.35,3.8,13.281023,98.162575
2024-05-07 02:00:00+05:30,20.65,0.1,7.0911775,94.88221
2024-05-07 03:00:00+05:30,20.1,0.0,4.73506,97.552155
2024-05-07 04:00:00+05:30,20.45,1.4,3.7585104,96.95647
2024-05-07 05:00:00+05:30,20.35,1.1,7.928178,98.162575
2024-05-07 06:00:00+05:30,20.95,1.9,9.511088,97.26736
2024-05-07 07:00:00+05:30,21.8,0.1,9.726665,91.763565
2024-05-07 08:00:00+05:30,23.2,0.0,8.699793,86.11975
2024-05-07 09:00:00+05:30,24.45,0.0,13.084402,79.636665
2024-05-07 10:00:00+05:30,26.25,0.0,9.346143,73.78578
2024-05-07 11:00:00+05:30,27.9,0.0,10.805998,68.424995
2024-05-07 12:00:00+05:30,28.8,0.0,10.636766,62.975338
2024-05-07 13:00:00+05:30,29.3,0.0,10.587917,60.432068
2024-05-07 14:00:00+05:30,29.9,0.0,7.69592,60.568024
2024-05-07 15:00:00+05:30,29.75,0.0,9.387651,61.280262
2024-05-07 16:00:00+05:30,28.65,0.0,7.2805495,65.5029
2024-05-07 17:00:00+05:30,27.0,0.0,4.452954,77.36164
2024-05-07 18:00:00+05:30,23.55,0.0,4.6938257,79.76011
2024-05-07 19:00:00+05:30,23.05,0.0,6.1094027,85.04959
2024-05-07 20:00:00+05:30,22.55,0.0,4.8965297,84.997444
2024-05-07 21:00:00+05:30,22.35,0.0,5.154415,85.77068
2024-05-07 22:00:00+05:30,22.5,0.0,2.4149535,84.205246
2024-05-07 23:00:00+05:30,21.2,0.0,3.2599385,91.443634
2024-05-08 00:00:00+05:30,20.8,0.0,3.2399998,94.00994
2024-05-08 01:00:00+05:30,20.25,0.0,4.39436,96.35213
2024-05-08 02:00:00+05:30,20.5,0.0,4.6938257,95.17139
2024-05-08 03:00:00+05:30,20.5,0.0,5.1919937,94.58245
2024-05-08 04:00:00+05:30,20.4,0.0,5.1544156,94.872734
2024-05-08 05:00:00+05:30,21.2,0.0,6.489992,93.44787
2024-05-08 06:00:00+05:30,22.95,0.0,7.5685663,90.15965
2024-05-08 07:00:00+05:30,24.6,0.0,4.379589,85.46984
2024-05-08 08:00:00+05:30,26.5,0.0,5.3517847,78.71044
2024-05-08 09:00:00+05:30,28.45,0.0,2.9024127,71.07742
2024-05-08 10:00:00+05:30,29.65,0.0,5.00128,65.31085
2024-05-08 11:00:00+05:30,28.35,1.2,9.511088,69.14127
2024-05-08 12:00:00+05:30,26.65,0.0,11.165805,74.53326
2024-05-08 13:00:00+05:30,26.6,0.0,5.8048253,74.75308
2024-05-08 14:00:00+05:30,28.1,0.0,4.6938252,71.01409
2024-05-08 15:00:00+05:30,28.25,0.0,4.829907,70.610825
2024-05-08 16:00:00+05:30,27.75,0.0,6.0347,73.8121
2024-05-08 17:00:00+05:30,26.6,0.0,3.319036,83.12988
2024-05-08 18:00:00+05:30,24.9,0.0,4.802999,86.546005
2024-05-08 19:00:00+05:30,25.7,0.0,8.473393,81.03159
2024-05-08 20:00:00+05:30,25.3,0.0,8.905908,82.72768
2024-05-08 21:00:00+05:30,24.9,0.0,7.9036193,82.680565
2024-05-08 22:00:00+05:30,24.7,0.0,7.172949,81.901306
2024-05-08 23:00:00+05:30,24.1,0.0,6.28713,82.33223
2024-05-09 00:00:00+05:30,23.4,0.2,3.319036,86.67007
2024-05-09 01:00:00+05:30,22.5,0.0,2.6208394,93.22386
2024-05-09 02:00:00+05:30,22.05,0.0,2.7416782,95.5188
2024-05-09 03:00:00+05:30,22.65,0.0,1.609969,90.69403
2024-05-09 04:00:00+05:30,22.4,0.0,1.0182338,92.64877
2024-05-09 05:00:00+05:30,22.7,0.0,2.1897945,90.69738
2024-05-09 06:00:00+05:30,23.45,1.6,5.904439,87.74474
2024-05-09 07:00:00+05:30,24.6,0.0,6.638072,83.66262
2024-05-09 08:00:00+05:30,26.85,0.0,2.0991426,70.786316
2024-05-09 09:00:00+05:30,28.4,0.0,2.4149535,64.85173
2024-05-09 10:00:00+05:30,28.65,0.0,3.9763298,64.50761
2024-05-09 11:00:00+05:30,29.15,0.1,8.0899935,60.02705
2024-05-09 12:00:00+05:30,29.25,0.6,6.4096174,57.509705
2024-05-09 13:00:00+05:30,28.7,0.4,5.95906,59.003742
2024-05-09 14:00:00+05:30,29.45,0.1,5.1919937,56.849483
2024-05-09 15:00:00+05:30,29.3,0.0,5.4477882,55.93911
2024-05-09 16:00:00+05:30,28.7,0.0,7.4128532,58.27657
2024-05-09 17:00:00+05:30,27.2,0.0,7.5942082,64.59879
2024-05-09 18:00:00+05:30,24.8,0.8,2.9024127,83.68506
2024-05-09 19:00:00+05:30,24.0,0.1,3.5455887,88.86982
2024-05-09 20:00:00+05:30,23.75,0.0,3.2599385,86.173004
2024-05-09 21:00:00+05:30,23.55,0.0,3.6,86.95034
2024-05-09 22:00:00+05:30,22.35,0.0,4.510787,92.36207
2024-05-09 23:00:00+05:30,22.35,0.0,4.2136917,90.67392
2024-05-10 00:00:00+05:30,21.9,0.0,4.73506,92.3371
2024-05-10 01:00:00+05:30,21.55,0.0,4.6800003,93.7534
2024-05-10 02:00:00+05:30,21.7,0.0,3.319036,92.61124
2024-05-10 03:00:00+05:30,21.05,0.0,3.319036,95.780846
2024-05-10 04:00:00+05:30,20.9,0.0,4.198285,96.36979
2024-05-10 05:00:00+05:30,21.95,0.0,2.3051248,92.62467
2024-05-10 06:00:00+05:30,24.35,0.0,5.3999996,85.44462
2024-05-10 07:00:00+05:30,25.7,0.0,3.7585104,76.93171
2024-05-10 08:00:00+05:30,26.0,0.0,3.7585104,74.19817
2024-05-10 09:00:00+05:30,28.45,0.0,7.653705,64.26772
2024-05-10 10:00:00+05:30,28.5,0.0,10.931203,66.481255
2024-05-10 11:00:00+05:30,29.55,0.0,9.021574,61.048103
2024-05-10 12:00:00+05:30,30.55,0.0,8.39657,55.89659
2024-05-10 13:00:00+05:30,30.55,0.0,9.220499,56.241615
2024-05-10 14:00:00+05:30,30.35,0.0,8.39657,57.416527
2024-05-10 15:00:00+05:30,29.8,0.0,4.198285,58.17546
2024-05-10 16:00:00+05:30,29.45,0.0,1.484318,62.3489
2024-05-10 17:00:00+05:30,26.7,0.6,5.8048253,74.99787
2024-05-10 18:00:00+05:30,24.15,0.0,4.1046314,85.163414
2024-05-10 19:00:00+05:30,23.75,0.2,4.0249224,84.600945
2024-05-10 20:00:00+05:30,23.05,0.0,3.8939953,90.443344
2024-05-10 21:00:00+05:30,23.0,0.0,4.198285,91.5543
2024-05-10 22:00:00+05:30,22.65,0.0,4.379589,93.80349
2024-05-10 23:00:00+05:30,22.4,4.7,10.703569,92.64877
2024-05-11 00:00:00+05:30,21.55,6.4,5.4833565,94.3332
2024-05-11 01:00:00+05:30,21.6,1.9,6.151683,96.38864
2024-05-11 02:00:00+05:30,21.6,1.2,3.396233,95.79799
2024-05-11 03:00:00+05:30,21.65,0.5,1.1384199,96.68642
2024-05-11 04:00:00+05:30,21.75,0.3,0.35999998,94.34149
2024-05-11 05:00:00+05:30,21.8,0.2,3.6179552,96.39402
2024-05-11 06:00:00+05:30,24.4,0.0,3.4152596,88.362495
2024-05-11 07:00:00+05:30,25.8,0.0,4.896529,80.55259
2024-05-11 08:00:00+05:30,27.2,0.0,6.8777895,74.85051
2024-05-11 09:00:00+05:30,29.15,0.0,4.3349743,64.0234
2024-05-11 10:00:00+05:30,30.6,0.0,5.904439,55.565567
2024-05-11 11:00:00+05:30,30.45,0.0,6.9527545,55.358147
2024-05-11 12:00:00+05:30,30.65,0.0,5.3517847,56.093006
2024-05-11 13:00:00+05:30,31.0,0.0,3.7064266,55.66269
2024-05-11 14:00:00+05:30,31.25,0.0,2.9024127,55.043953
2024-05-11 15:00:00+05:30,31.05,0.0,5.0142193,55.845898
2024-05-11 16:00:00+05:30,29.95,0.2,4.6800003,62.840298
2024-05-11 17:00:00+05:30,28.4,0.0,4.5536795,76.4115
2024-05-11 18:00:00+05:30,26.65,0.0,5.1165614,74.079094
2024-05-11 19:00:00+05:30,25.45,0.0,5.00128,78.561806
2024-05-11 20:00:00+05:30,24.85,0.0,6.6185193,81.17088
2024-05-11 21:00:00+05:30,24.55,0.0,6.439876,80.88395
2024-05-11 22:00:00+05:30,24.85,0.0,3.319036,77.75504
2024-05-11 23:00:00+05:30,22.85,0.0,2.6208394,89.32602
2024-05-12 00:00:00+05:30,22.5,0.0,3.2599385,90.68398
2024-05-12 01:00:00+05:30,22.15,0.0,4.0249224,92.635414
2024-05-12 02:00:00+05:30,21.9,0.0,2.9024127,93.194145
2024-05-12 03:00:00+05:30,21.6,0.0,2.5455842,95.210526
2024-05-12 04:00:00+05:30,21.75,0.0,2.5959969,92.328705
2024-05-12 05:00:00+05:30,22.65,0.0,1.08,88.21756
2024-05-12 06:00:00+05:30,25.9,0.0,2.1897945,78.38611
2024-05-12 07:00:00+05:30,27.1,0.0,6.1094027,75.75013
2024-05-12 08:00:00+05:30,28.5,0.0,7.386582,72.17124
2024-05-12 09:00:00+05:30,29.35,0.0,8.089993,68.70452
2024-05-12 10:00:00+05:30,30.2,0.0,7.5685663,66.220474
2024-05-12 11:00:00+05:30,31.25,0.0,5.937272,59.955383
2024-05-12 12:00:00+05:30,31.7,0.0,4.510787,58.264015
2024-05-12 13:00:00+05:30,31.5,0.0,1.8,57.864117
2024-05-12 14:00:00+05:30,31.75,0.0,1.9386592,57.74694
2024-05-12 15:00:00+05:30,31.4,0.0,2.1897945,58.549286
2024-05-12 16:00:00+05:30,30.85,0.0,2.52,62.65447
2024-05-12 17:00:00+05:30,29.4,0.0,3.396233,79.821625
2024-05-12 18:00:00+05:30,27.8,0.0,6.6185193,75.85977
2024-05-12 19:00:00+05:30,26.35,0.0,4.510787,78.68931
2024-05-12 20:00:00+05:30,25.8,0.0,6.638072,76.94686
2024-05-12 21:00:00+05:30,25.65,0.1,7.6367526,75.75311
2024-05-12 22:00:00+05:30,25.3,0.0,7.386582,78.781525
2024-05-12 23:00:00+05:30,24.75,0.0,5.8048253,81.657005
2024-05-13 00:00:00+05:30,24.15,0.0,4.3498964,84.126396
2024-05-13 01:00:00+05:30,23.65,0.0,3.9763298,85.11184
2024-05-13 02:00:00+05:30,23.1,0.0,3.96,86.64196
2024-05-13 03:00:00+05:30,22.8,0.0,4.452954,86.61381
2024-05-13 04:00:00+05:30,22.55,0.0,3.96,87.126976
2024-05-13 05:00:00+05:30,23.9,0.0,2.5455842,81.04946
2024-05-13 06:00:00+05:30,23.95,13.3,5.00128,88.865906
2024-05-13 07:00:00+05:30,23.6,1.5,4.0249224,91.312164
2024-05-13 08:00:00+05:30,25.25,1.7,4.32,87.36876
2024-05-13 09:00:00+05:30,27.15,0.1,7.2359104,75.9884
2024-05-13 10:00:00+05:30,28.6,0.0,5.95906,68.769264
2024-05-13 11:00:00+05:30,30.15,0.0,3.6179552,64.23531
2024-05-13 12:00:00+05:30,30.65,0.0,1.835647,64.14643
2024-05-13 13:00:00+05:30,31.05,0.0,3.319036,62.131367
2024-05-13 14:00:00+05:30,31.1,0.0,5.0911684,62.8985
2024-05-13 15:00:00+05:30,30.85,0.0,5.0142193,63.417477
2024-05-13 16:00:00+05:30,30.45,0.0,1.835647,67.68308
2024-05-13 17:00:00+05:30,29.1,0.0,4.1046314,75.155556
2024-05-13 18:00:00+05:30,30.35,0.0,2.2768397,62.926975
2024-05-13 19:00:00+05:30,28.95,0.0,1.4399999,68.21224
2024-05-13 20:00:00+05:30,26.1,0.0,3.6179552,84.33773
2024-05-13 21:00:00+05:30,25.25,0.0,2.16,85.53511
2024-05-13 22:00:00+05:30,24.5,0.0,2.9024127,88.90914
2024-05-13 23:00:00+05:30,24.25,0.0,4.0249224,89.43178
2024-05-14 00:00:00+05:30,24.25,0.0,4.32,87.01423
2024-05-14 01:00:00+05:30,24.0,0.0,3.96,85.67114
2024-05-14 02:00:00+05:30,23.7,0.0,5.0528407,84.85596
2024-05-14 03:00:00+05:30,23.2,0.0,3.319036,89.07918
2024-05-14 04:00:00+05:30,22.8,0.1,5.8603754,91.54214
2024-05-14 05:00:00+05:30,23.7,0.0,7.208994,86.69806
2024-05-14 06:00:00+05:30,26.45,0.0,8.12197,79.90714
2024-05-14 07:00:00+05:30,28.55,0.0,6.151683,72.83765
2024-05-14 08:00:00+05:30,30.9,0.0,0.35999998,64.19916
2024-05-14 09:00:00+05:30,32.05,0.0,4.829907,58.699966
2024-05-14 10:00:00+05:30,32.7,0.0,5.1919937,55.733517
2024-05-14 11:00:00+05:30,33.5,0.0,4.8433046,51.6895
2024-05-14 12:00:00+05:30,33.9,0.0,4.6938257,48.877815
2024-05-14 13:00:00+05:30,33.95,0.0,6.618519,47.708225
2024-05-14 14:00:00+05:30,33.65,0.0,7.386582,48.51493
2024-05-14 15:00:00+05:30,33.3,0.0,7.145796,49.627476
2024-05-14 16:00:00+05:30,32.5,0.0,4.1046314,56.024517
2024-05-14 17:00:00+05:30,31.45,0.0,4.452954,69.931076
2024-05-14 18:00:00+05:30,32.75,0.0,2.0364676,45.239216
2024-05-14 19:00:00+05:30,29.15,0.0,6.830519,58.02235
2024-05-14 20:00:00+05:30,28.9,0.0,8.707237,64.75812
2024-05-14 21:00:00+05:30,27.75,0.0,5.154415,72.92106
2024-05-14 22:00:00+05:30,27.1,0.0,4.3349743,75.52025
2024-05-14 23:00:00+05:30,26.95,0.0,6.696387,74.12895
2024-05-15 00:00:00+05:30,26.8,0.0,5.8603754,73.20376
2024-05-15 01:00:00+05:30,26.6,0.0,7.145796,73.16951
2024-05-15 02:00:00+05:30,26.1,0.0,6.696387,75.130646
2024-05-15 03:00:00+05:30,25.5,0.4,6.6185193,78.80969
2024-05-15 04:00:00+05:30,25.05,0.1,6.12,82.19493
2024-05-15 05:00:00+05:30,25.5,0.0,5.815978,81.999275
2024-05-15 06:00:00+05:30,28.3,0.0,6.28713,75.25434
2024-05-15 07:00:00+05:30,29.9,0.0,3.0547013,70.69828
2024-05-15 08:00:00+05:30,30.95,0.0,5.506941,69.21565
2024-05-15 09:00:00+05:30,31.6,0.0,5.8048253,68.10976
2024-05-15 10:00:00+05:30,33.05,0.0,5.2416787,60.18128
2024-05-15 11:00:00+05:30,34.05,0.0,6.8777895,53.743736
2024-05-15 12:00:00+05:30,34.55,0.0,9.0,50.864872
2024-05-15 13:00:00+05:30,34.3,0.0,10.1376915,51.57735
2024-05-15 14:00:00+05:30,34.35,0.0,10.948973,51.278408
2024-05-15 15:00:00+05:30,33.65,0.0,11.720751,54.134453
2024-05-15 16:00:00+05:30,32.9,0.0,8.905908,58.542534
2024-05-15 17:00:00+05:30,31.45,0.0,5.1544156,67.877884
2024-05-15 18:00:00+05:30,29.45,0.0,6.130579,67.282425
2024-05-15 19:00:00+05:30,27.9,0.0,3.8268526,72.7257
2024-05-15 20:00:00+05:30,27.3,0.0,3.8268526,74.6395
2024-05-15 21:00:00+05:30,27.0,0.0,5.8048253,74.81807
2024-05-15 22:00:00+05:30,26.8,0.0,6.9247384,75.702934
2024-05-15 23:00:00+05:30,26.6,0.0,7.5170207,76.599556
2024-05-16 00:00:00+05:30,26.35,0.0,6.725354,77.50079
2024-05-16 01:00:00+05:30,25.8,0.0,5.0911684,79.0929
2024-05-16 02:00:00+05:30,24.8,0.0,4.896529,85.49
2024-05-16 03:00:00+05:30,24.45,0.0,3.0547013,83.39016
2024-05-16 04:00:00+05:30,24.0,0.0,4.072935,84.36842
2024-05-16 05:00:00+05:30,24.65,0.0,8.766573,88.38297
2024-05-16 06:00:00+05:30,29.75,0.0,5.634891,71.95609
2024-05-16 07:00:00+05:30,30.55,0.3,13.896187,73.17806
2024-05-16 08:00:00+05:30,30.3,0.1,11.183201,72.05238
2024-05-16 09:00:00+05:30,30.05,0.1,8.217153,73.09351
2024-05-16 10:00:00+05:30,31.7,0.0,1.609969,68.53599
2024-05-16 11:00:00+05:30,32.65,0.0,3.7064266,64.5653
2024-05-16 12:00:00+05:30,33.45,0.0,5.154415,59.733006
2024-05-16 13:00:00+05:30,33.95,0.0,7.42159,55.03098
2024-05-16 14:00:00+05:30,33.85,0.0,8.209263,55.506092
2024-05-16 15:00:00+05:30,33.5,0.0,9.726665,56.945255
2024-05-16 16:00:00+05:30,32.65,0.0,6.162207,63.042576
2024-05-16 17:00:00+05:30,31.5,0.0,3.671294,72.47508
2024-05-16 18:00:00+05:30,26.0,17.0,2.1897945,94.232925
2024-05-16 19:00:00+05:30,25.95,0.4,3.396233,93.950165
2024-05-16 20:00:00+05:30,25.95,0.0,5.8603754,95.64512
2024-05-16 21:00:00+05:30,25.85,0.0,3.7064266,96.50002
2024-05-16 22:00:00+05:30,25.3,0.0,4.379589,97.35415
2024-05-16 23:00:00+05:30,25.25,0.0,3.6,97.64419
2024-05-17 00:00:00+05:30,25.0,0.0,4.1046314,97.05749
2024-05-17 01:00:00+05:30,25.2,0.0,3.5455887,96.19518
2024-05-17 02:00:00+05:30,24.9,0.0,3.319036,96.47558
2024-05-17 03:00:00+05:30,25.0,0.0,1.609969,94.75831
2024-05-17 04:00:00+05:30,24.25,0.0,4.73506,97.626724
2024-05-17 05:00:00+05:30,25.0,0.0,3.2599385,97.05749
2024-05-17 06:00:00+05:30,27.65,0.0,5.0528407,90.750946
2024-05-17 07:00:00+05:30,28.65,0.0,7.928177,83.11529
2024-05-17 08:00:00+05:30,30.05,0.0,6.1305785,72.875404
2024-05-17 09:00:00+05:30,31.25,0.0,7.24486,67.232925
2024-05-17 10:00:00+05:30,32.3,0.0,10.182337,63.345795
2024-05-17 11:00:00+05:30,33.1,0.0,11.27553,61.65027
2024-05-17 12:00:00+05:30,33.9,0.0,13.363711,59.834713
2024-05-17 13:00:00+05:30,35.2,0.0,17.28,48.32585
2024-05-17 14:00:00+05:30,34.6,0.0,17.015474,52.28033
2024-05-17 15:00:00+05:30,34.65,0.0,14.404499,50.430008
2024-05-17 16:00:00+05:30,34.15,0.0,9.693296,52.484623
2024-05-17 17:00:00+05:30,32.15,0.0,5.0911684,64.65418
2024-05-17 18:00:00+05:30,29.65,0.7,22.148046,69.59679
2024-05-17 19:00:00+05:30,27.15,0.1,10.483357,78.801735
2024-05-17 20:00:00+05:30,26.4,0.0,4.0249224,84.11598
2024-05-17 21:00:00+05:30,26.35,0.0,9.028754,86.680954
2024-05-17 22:00:00+05:30,25.3,0.1,11.592895,92.5231
2024-05-17 23:00:00+05:30,25.0,0.0,10.464797,94.474266
2024-05-18 00:00:00+05:30,24.65,0.0,7.386582,95.030396
2024-05-18 01:00:00+05:30,24.6,0.0,7.10031,93.60821
2024-05-18 02:00:00+05:30,24.45,0.0,6.28713,93.60127
2024-05-18 03:00:00+05:30,24.4,0.0,6.28713,93.316734
2024-05-18 04:00:00+05:30,24.4,0.2,4.072935,92.195244
2024-05-18 05:00:00+05:30,23.9,1.4,7.2,96.44956
2024-05-18 06:00:00+05:30,25.55,1.1,9.339208,92.81427
2024-05-18 07:00:00+05:30,25.75,0.4,8.089993,89.00654
2024-05-18 08:00:00+05:30,26.3,0.1,9.726664,84.86936
2024-05-18 09:00:00+05:30,27.7,0.7,12.783802,76.76672
2024-05-18 10:00:00+05:30,28.35,0.3,15.077082,74.80985
2024-05-18 11:00:00+05:30,29.45,0.3,13.479583,71.04312
2024-05-18 12:00:00+05:30,30.0,0.3,12.864649,69.03627
2024-05-18 13:00:00+05:30,29.75,0.0,12.24,69.19715
2024-05-18 14:00:00+05:30,30.35,0.0,9.19939,66.05111
2024-05-18 15:00:00+05:30,30.1,0.0,9.673221,67.00517
2024-05-18 16:00:00+05:30,29.2,0.0,9.178235,70.57073
2024-05-18 17:00:00+05:30,28.35,0.0,6.5693827,73.4668
2024-05-18 18:00:00+05:30,26.05,3.1,9.36,87.439125
2024-05-18 19:00:00+05:30,25.4,0.2,4.1046314,91.69865
2024-05-18 20:00:00+05:30,24.75,0.5,3.9763298,93.615135
2024-05-18 21:00:00+05:30,24.9,0.0,2.9024127,92.78058
2024-05-18 22:00:00+05:30,24.5,0.0,4.6938257,95.598785
2024-05-18 23:00:00+05:30,23.95,0.0,3.4152596,97.327644
2024-05-19 00:00:00+05:30,23.55,0.0,2.0991426,98.80093
2024-05-19 01:00:00+05:30,23.45,0.0,1.835647,98.50197
2024-05-19 02:00:00+05:30,23.8,0.0,0.71999997,94.99947
2024-05-19 03:00:00+05:30,23.4,0.0,2.5455842,97.02255
2024-05-19 04:00:00+05:30,23.2,0.2,5.7599998,97.31276
2024-05-19 05:00:00+05:30,23.15,0.6,2.6208394,96.42987
2024-05-19 06:00:00+05:30,24.75,2.8,9.085988,93.615135
2024-05-19 07:00:00+05:30,24.8,0.4,11.753877,90.5621
2024-05-19 08:00:00+05:30,25.95,0.3,6.4096174,84.06696
2024-05-19 09:00:00+05:30,27.45,0.3,4.802999,77.897545
2024-05-19 10:00:00+05:30,29.15,0.1,3.7585104,71.63433
2024-05-19 11:00:00+05:30,31.0,0.0,3.4152596,64.02676
2024-05-19 12:00:00+05:30,31.45,0.1,5.0528407,63.354515
2024-05-19 13:00:00+05:30,31.35,0.0,3.0758414,65.26712
2024-05-19 14:00:00+05:30,31.45,0.0,5.0911684,65.28769
2024-05-19 15:00:00+05:30,28.3,2.1,1.609969,78.02034
2024-05-19 16:00:00+05:30,27.85,0.1,6.2145634,78.1905
2024-05-19 17:00:00+05:30,25.55,3.0,7.729527,87.924355
2024-05-19 18:00:00+05:30,24.7,8.3,1.9386592,93.89521
2024-05-19 19:00:00+05:30,24.05,0.0,10.948973,95.87326
2024-05-19 20:00:00+05:30,23.85,0.0,2.4149535,96.73994
2024-05-19 21:00:00+05:30,23.6,0.0,3.8773184,97.91062
2024-05-19 22:00:00+05:30,23.7,0.0,2.8116899,97.02914
2024-05-19 23:00:00+05:30,23.2,0.0,3.96,98.79775
2024-05-20 00:00:00+05:30,22.85,0.0,3.6,99.3957
2024-05-20 01:00:00+05:30,23.0,0.0,4.0249224,98.49694
2024-05-20 02:00:00+05:30,23.05,0.0,6.0347,97.90207
2024-05-20 03:00:00+05:30,23.3,0.0,4.73506,97.02033
2024-05-20 04:00:00+05:30,23.05,0.2,7.729527,98.4975
2024-05-20 05:00:00+05:30,23.2,0.1,3.8939953,96.431175
2024-05-20 06:00:00+05:30,24.45,0.0,3.6179552,88.09832
2024-05-20 07:00:00+05:30,24.8,0.0,4.829907,87.06412
2024-05-20 08:00:00+05:30,26.05,0.0,1.9386592,83.0667
2024-05-20 09:00:00+05:30,27.0,0.0,7.289445,81.44162
2024-05-20 10:00:00+05:30,28.35,0.0,6.924738,77.79372
2024-05-20 11:00:00+05:30,29.85,0.0,6.5693827,70.689186
2024-05-20 12:00:00+05:30,31.0,0.0,3.8773184,64.22021
2024-05-20 13:00:00+05:30,31.45,0.0,3.8268526,62.406857
2024-05-20 14:00:00+05:30,31.6,0.0,2.9024127,60.58244
2024-05-20 15:00:00+05:30,31.35,0.0,3.6179552,60.894073
2024-05-20 16:00:00+05:30,30.8,0.0,4.510787,63.598846
2024-05-20 17:00:00+05:30,29.3,0.0,5.315336,72.31087
2024-05-20 18:00:00+05:30,25.05,2.8,1.08,89.221504
2024-05-20 19:00:00+05:30,24.95,0.5,5.315336,95.04126
2024-05-20 20:00:00+05:30,24.05,0.0,4.2136917,97.036804
2024-05-20 21:00:00+05:30,24.25,0.0,4.5536795,94.72959
2024-05-20 22:00:00+05:30,23.95,0.0,4.5536795,93.86188
2024-05-20 23:00:00+05:30,23.3,0.0,4.452954,94.11871
2024-05-21 00:00:00+05:30,23.25,0.0,3.7585104,94.69094
2024-05-21 01:00:00+05:30,22.5,0.0,4.0249224,97.00262
2024-05-21 02:00:00+05:30,22.6,0.0,3.4152596,97.00482
2024-05-21 03:00:00+05:30,22.55,0.0,3.8939953,95.82743
2024-05-21 04:00:00+05:30,22.2,0.0,4.8965297,95.52376
2024-05-21 05:00:00+05:30,23.55,0.0,5.815978,92.14731
2024-05-21 06:00:00+05:30,25.7,0.6,7.2359104,87.408424
2024-05-21 07:00:00+05:30,26.45,0.1,5.771239,85.1408
2024-05-21 08:00:00+05:30,28.8,0.0,2.4149535,72.88053
2024-05-21 09:00:00+05:30,30.15,0.0,6.830519,69.69017
2024-05-21 10:00:00+05:30,30.0,0.7,9.504272,72.215805
2024-05-21 11:00:00+05:30,31.2,0.0,7.24486,67.42463
2024-05-21 12:00:00+05:30,32.25,0.0,7.2805495,63.71542
2024-05-21 13:00:00+05:30,32.65,0.0,6.379216,61.000183
2024-05-21 14:00:00+05:30,31.65,0.0,8.891344,65.13335
2024-05-21 15:00:00+05:30,30.55,0.0,6.989936,70.18351
2024-05-21 16:00:00+05:30,29.9,0.0,7.8954163,73.506325
2024-05-21 17:00:00+05:30,29.2,0.0,3.4152596,79.321724
2024-05-21 18:00:00+05:30,28.9,0.0,6.763786,80.47079
2024-05-21 19:00:00+05:30,28.15,0.0,4.3498964,78.46866
2024-05-21 20:00:00+05:30,27.15,0.4,12.964998,78.563866
2024-05-21 21:00:00+05:30,24.65,7.8,10.703569,85.47487
2024-05-21 22:00:00+05:30,25.1,0.6,6.6087217,86.041016
2024-05-21 23:00:00+05:30,24.7,0.5,3.8773184,91.104675
2024-05-22 00:00:00+05:30,24.45,0.0,5.8603754,90.2645
2024-05-22 01:00:00+05:30,24.0,0.0,3.7064266,94.14864
2024-05-22 02:00:00+05:30,23.95,0.0,4.6800003,94.146515
2024-05-22 03:00:00+05:30,24.25,0.0,7.7879906,90.52502
2024-05-22 04:00:00+05:30,24.55,0.0,3.396233,88.10671
2024-05-22 05:00:00+05:30,24.7,0.0,4.452954,89.46548
2024-05-22 06:00:00+05:30,26.1,0.1,5.937272,80.83676
2024-05-22 07:00:00+05:30,27.65,0.0,6.379216,76.06612
2024-05-22 08:00:00+05:30,29.4,0.0,7.928178,71.03413
2024-05-22 09:00:00+05:30,31.5,0.0,8.766573,66.0854
2024-05-22 10:00:00+05:30,32.95,0.0,9.504273,59.798885
2024-05-22 11:00:00+05:30,33.95,0.0,8.0899935,54.535793
2024-05-22 12:00:00+05:30,34.75,0.1,5.6920996,51.69038
2024-05-22 13:00:00+05:30,32.85,0.7,6.8777895,61.964966
2024-05-22 14:00:00+05:30,32.05,0.2,9.565437,64.05569
2024-05-22 15:00:00+05:30,31.75,0.0,6.12,65.93847
2024-05-22 16:00:00+05:30,31.75,0.0,4.0249224,66.930725
2024-05-22 17:00:00+05:30,30.7,0.0,2.3051248,82.13502
2024-05-22 18:00:00+05:30,29.1,0.0,5.495161,72.71267
2024-05-22 19:00:00+05:30,28.1,0.0,5.495161,73.202576
2024-05-22 20:00:00+05:30,27.15,0.0,4.8433046,76.91626
2024-05-22 21:00:00+05:30,26.9,0.0,5.495161,76.180786
2024-05-22 22:00:00+05:30,26.85,0.0,5.634891,75.71081
2024-05-22 23:00:00+05:30,26.3,0.0,4.39436,78.68225
2024-05-23 00:00:00+05:30,25.9,0.0,4.510787,79.833275
2024-05-23 01:00:00+05:30,25.95,0.0,4.5536795,78.393234
2024-05-23 02:00:00+05:30,25.3,0.0,4.1046314,81.72526
2024-05-23 03:00:00+05:30,24.75,0.0,3.9763298,83.93531
2024-05-23 04:00:00+05:30,24.35,0.0,2.8799999,84.406136
2024-05-23 05:00:00+05:30,24.9,0.0,4.6938252,83.69626
2024-05-23 06:00:00+05:30,28.55,0.0,3.8268526,74.39255
2024-05-23 07:00:00+05:30,30.45,0.0,1.1384199,64.884834
2024-05-23 08:00:00+05:30,31.65,0.0,3.6,66.31374
2024-05-23 09:00:00+05:30,32.85,0.0,4.3349743,62.897427
2024-05-23 10:00:00+05:30,33.8,0.0,6.297428,59.456196
2024-05-23 11:00:00+05:30,33.8,0.0,12.783802,56.674706
2024-05-23 12:00:00+05:30,34.0,0.0,7.072878,56.382694
2024-05-23 13:00:00+05:30,33.7,0.1,4.8965297,56.480957
2024-05-23 14:00:00+05:30,33.85,0.0,6.725354,56.686523
2024-05-23 15:00:00+05:30,33.0,0.0,8.891344,61.26085
2024-05-23 16:00:00+05:30,32.75,0.0,5.1165614,62.6884
2024-05-23 17:00:00+05:30,31.45,0.0,3.319036,74.64031
2024-05-23 18:00:00+05:30,29.75,0.0,5.8048253,69.82546
2024-05-23 19:00:00+05:30,29.35,0.0,9.931042,68.289795
2024-05-23 20:00:00+05:30,29.0,0.0,9.686609,68.84588
2024-05-23 21:00:00+05:30,28.5,0.0,5.5887027,71.518654
2024-05-23 22:00:00+05:30,28.0,0.0,5.8603754,73.85385
2024-05-23 23:00:00+05:30,27.55,0.0,6.2145634,75.82071
2024-05-24 00:00:00+05:30,27.2,0.0,5.7599998,76.690956
2024-05-24 01:00:00+05:30,26.25,0.0,5.5887027,85.377205
2024-05-24 02:00:00+05:30,25.95,0.0,3.4152596,82.803856
2024-05-24 03:00:00+05:30,25.55,0.0,3.5455887,84.27856
2024-05-24 04:00:00+05:30,25.25,0.0,4.6102495,83.48091
2024-05-24 05:00:00+05:30,26.3,0.0,7.928177,80.373474
2024-05-24 06:00:00+05:30,29.05,0.9,9.983106,66.79541
2024-05-24 07:00:00+05:30,26.65,3.5,10.383987,78.73157
2024-05-24 08:00:00+05:30,28.15,0.0,7.628263,76.37327
2024-05-24 09:00:00+05:30,30.35,0.0,10.105681,67.66352
2024-05-24 10:00:00+05:30,32.3,0.0,10.105681,63.156406
2024-05-24 11:00:00+05:30,33.65,0.0,10.703569,61.03953
2024-05-24 12:00:00+05:30,34.45,0.0,10.1887,58.54915
2024-05-24 13:00:00+05:30,34.95,0.0,10.182337,55.936386
2024-05-24 14:00:00+05:30,35.05,0.0,6.696387,55.461502
2024-05-24 15:00:00+05:30,34.45,0.2,7.653705,55.48354
2024-05-24 16:00:00+05:30,33.8,0.0,4.8965297,60.71018
2024-05-24 17:00:00+05:30,32.45,0.0,4.1046314,71.366356
2024-05-24 18:00:00+05:30,28.1,0.0,9.422101,79.409195
2024-05-24 19:00:00+05:30,27.8,0.0,7.5685663,82.77034
2024-05-24 20:00:00+05:30,27.7,0.0,6.2145634,85.52221
2024-05-24 21:00:00+05:30,27.25,0.0,5.2416787,87.54361
2024-05-24 22:00:00+05:30,26.85,0.0,3.2599385,89.8917
2024-05-24 23:00:00+05:30,26.95,0.0,2.5455842,87.779434
2024-05-25 00:00:00+05:30,26.05,0.0,5.2416787,91.73711
2024-05-25 01:00:00+05:30,25.65,0.0,5.0911684,91.43877
2024-05-25 02:00:00+05:30,25.35,0.0,3.319036,92.52574
2024-05-25 03:00:00+05:30,25.1,0.0,3.7585104,93.07031
2024-05-25 04:00:00+05:30,25.0,0.0,3.7064266,91.95147
2024-05-25 05:00:00+05:30,26.05,0.0,7.10031,86.9145
2024-05-25 06:00:00+05:30,29.35,0.0,1.2979984,77.24438
2024-05-25 07:00:00+05:30,31.0,0.0,8.905908,70.89712
2024-05-25 08:00:00+05:30,32.45,0.0,9.931042,62.249603
2024-05-25 09:00:00+05:30,34.35,0.0,13.779114,55.960655
2024-05-25 10:00:00+05:30,35.4,0.0,14.658676,51.853092
2024-05-25 11:00:00+05:30,36.2,0.0,14.707222,48.437584
2024-05-25 12:00:00+05:30,36.65,0.0,14.512064,46.831333
2024-05-25 13:00:00+05:30,36.85,0.0,13.684735,46.321617
2024-05-25 14:00:00+05:30,37.0,0.0,12.904882,44.575993
2024-05-25 15:00:00+05:30,36.3,0.0,13.104198,46.88165
2024-05-25 16:00:00+05:30,35.2,0.0,9.957108,53.381977
2024-05-25 17:00:00+05:30,33.6,0.0,7.145796,61.028454
2024-05-25 18:00:00+05:30,32.55,0.0,4.6800003,55.5285
2024-05-25 19:00:00+05:30,32.2,0.0,13.979872,62.94605
2024-05-25 20:00:00+05:30,30.05,0.0,5.315336,71.15099
2024-05-25 21:00:00+05:30,29.7,0.0,8.707237,68.56417
2024-05-25 22:00:00+05:30,29.0,0.0,4.6800003,70.961876
2024-05-25 23:00:00+05:30,28.55,0.0,5.0528407,74.61705
2024-05-26 00:00:00+05:30,28.3,0.0,6.5693827,79.67458
2024-05-26 01:00:00+05:30,29.15,0.0,2.968636,71.20354
2024-05-26 02:00:00+05:30,28.55,0.0,3.7064266,74.84212
2024-05-26 03:00:00+05:30,26.95,0.0,4.2136917,86.7362
2024-05-26 04:00:00+05:30,26.65,0.0,4.829907,88.81012
2024-05-26 05:00:00+05:30,27.05,0.0,5.937272,87.00503
2024-05-26 06:00:00+05:30,30.2,0.0,1.0182338,73.55648
2024-05-26 07:00:00+05:30,31.45,0.0,5.1919937,66.67146
2024-05-26 08:00:00+05:30,32.65,0.0,4.6102495,62.4797
2024-05-26 09:00:00+05:30,33.85,0.0,3.319036,59.11353
2024-05-26 10:00:00+05:30,34.6,0.0,5.1919937,57.204018
2024-05-26 11:00:00+05:30,35.85,0.0,6.830519,51.655087
2024-05-26 12:00:00+05:30,35.8,0.0,9.19939,50.115124
2024-05-26 13:00:00+05:30,36.2,0.0,7.5942082,47.85697
2024-05-26 14:00:00+05:30,36.7,0.0,7.928177,45.726414
2024-05-26 15:00:00+05:30,36.2,0.0,9.793059,47.139793
2024-05-26 16:00:00+05:30,35.2,0.0,7.9932966,50.722336
2024-05-26 17:00:00+05:30,33.8,0.0,7.145796,57.53142
2024-05-26 18:00:00+05:30,32.5,0.0,3.8268526,63.199158
2024-05-26 19:00:00+05:30,31.95,0.0,4.5536795,64.03463
2024-05-26 20:00:00+05:30,31.1,0.0,6.696387,67.20332
2024-05-26 21:00:00+05:30,30.9,0.0,7.729527,68.58791
2024-05-26 22:00:00+05:30,30.2,0.1,5.04,70.96499
2024-05-26 23:00:00+05:30,29.15,0.1,2.968636,81.464836
2024-05-27 00:00:00+05:30,29.45,0.2,8.209263,75.66213
2024-05-27 01:00:00+05:30,27.1,6.2,3.2599385,90.71493
2024-05-27 02:00:00+05:30,26.65,0.8,9.9571085,93.702095
2024-05-27 03:00:00+05:30,26.25,1.4,12.287555,93.40534
2024-05-27 04:00:00+05:30,25.6,4.6,9.83268,95.91978
2024-05-27 05:00:00+05:30,25.5,1.7,10.483357,96.7793
2024-05-27 06:00:00+05:30,26.45,0.5,14.869351,92.860535
2024-05-27 07:00:00+05:30,26.15,1.4,15.978486,93.122536
2024-05-27 08:00:00+05:30,26.3,0.4,17.782688,92.57654
2024-05-27 09:00:00+05:30,26.6,0.7,18.388212,93.69983
2024-05-27 10:00:00+05:30,27.6,0.3,18.792551,88.6208
2024-05-27 11:00:00+05:30,28.65,0.0,19.64558,81.160866
2024-05-27 12:00:00+05:30,28.9,0.4,20.265795,79.04474
2024-05-27 13:00:00+05:30,27.8,0.5,18.331741,85.27782
2024-05-27 14:00:00+05:30,27.85,0.3,16.279802,87.85565
2024-05-27 15:00:00+05:30,26.9,1.4,17.462782,93.43607
2024-05-27 16:00:00+05:30,26.6,1.6,15.39184,94.25785
2024-05-27 17:00:00+05:30,26.55,1.0,17.902534,94.25578
2024-05-27 18:00:00+05:30,25.25,3.3,21.647945,93.35765
2024-05-27 19:00:00+05:30,25.15,2.0,23.157824,95.619644
2024-05-27 20:00:00+05:30,25.4,0.6,24.884306,94.20783
2024-05-27 21:00:00+05:30,25.35,0.5,25.099514,95.91232
2024-05-27 22:00:00+05:30,25.35,3.1,26.999998,95.62604
2024-05-27 23:00:00+05:30,25.05,5.9,26.459389,94.19312
2024-05-28 00:00:00+05:30,24.95,3.8,32.619255,93.343216
2024-05-28 01:00:00+05:30,24.85,5.5,34.68166,91.66586
2024-05-28 02:00:00+05:30,24.8,2.2,30.855171,92.217674
2024-05-28 03:00:00+05:30,24.85,5.7,30.652895,92.49883
2024-05-28 04:00:00+05:30,24.95,6.7,30.735231,91.395836
2024-05-28 05:00:00+05:30,24.85,7.1,33.91269,90.292175
2024-05-28 06:00:00+05:30,25.0,0.7,32.048088,90.84926
2024-05-28 07:00:00+05:30,24.9,1.5,26.944744,91.117424
2024-05-28 08:00:00+05:30,25.2,4.5,21.67487,91.41122
2024-05-28 09:00:00+05:30,25.2,6.2,20.620804,91.96298
2024-05-28 10:00:00+05:30,25.35,4.7,24.192429,92.248344
2024-05-28 11:00:00+05:30,25.45,6.0,16.92383,92.8091
2024-05-28 12:00:00+05:30,25.8,4.0,7.342588,91.72235
2024-05-28 13:00:00+05:30,25.9,3.6,6.3690495,88.48464
2024-05-28 14:00:00+05:30,25.4,0.8,10.97262,90.330086
2024-05-28 15:00:00+05:30,26.05,1.7,5.937272,90.374565
2024-05-28 16:00:00+05:30,26.35,0.1,5.4119864,90.125145
2024-05-28 17:00:00+05:30,26.0,0.1,2.1897945,93.11508
2024-05-28 18:00:00+05:30,26.3,0.1,7.8954163,90.933556
2024-05-28 19:00:00+05:30,25.6,0.2,8.049845,91.986
2024-05-28 20:00:00+05:30,25.15,0.1,6.9247384,94.48032
2024-05-28 21:00:00+05:30,24.6,0.0,3.7585104,97.048805
2024-05-28 22:00:00+05:30,24.3,0.0,4.072935,98.807594
2024-05-28 23:00:00+05:30,24.55,0.0,4.6938252,99.10618
2024-05-29 00:00:00+05:30,24.45,0.0,3.2599385,99.4029
2024-05-29 01:00:00+05:30,24.2,0.0,6.439876,99.40178
2024-05-29 02:00:00+05:30,24.0,0.0,8.473393,98.80488
2024-05-29 03:00:00+05:30,24.05,0.0,7.42159,97.62322
2024-05-29 04:00:00+05:30,24.0,0.2,9.3876505,96.45215
2024-05-29 05:00:00+05:30,24.45,0.0,8.654986,94.45213
2024-05-29 06:00:00+05:30,26.8,0.0,1.609969,91.23678
2024-05-29 07:00:00+05:30,27.5,0.0,5.1919937,83.9832
2024-05-29 08:00:00+05:30,28.25,0.0,2.968636,81.110535
2024-05-29 09:00:00+05:30,29.75,0.1,7.2805495,74.1434
2024-05-29 10:00:00+05:30,28.95,0.3,13.089354,78.34714
2024-05-29 11:00:00+05:30,29.6,1.1,3.8268526,77.7425
2024-05-29 12:00:00+05:30,30.6,0.1,8.049845,74.94686
2024-05-29 13:00:00+05:30,31.15,0.0,9.255571,72.84583
2024-05-29 14:00:00+05:30,30.75,0.0,9.422101,74.527596
2024-05-29 15:00:00+05:30,30.8,0.0,6.12,74.97875
2024-05-29 16:00:00+05:30,30.15,0.0,2.2768397,77.36206
2024-05-29 17:00:00+05:30,29.8,0.0,1.4399999,81.304436
2024-05-29 18:00:00+05:30,28.0,0.1,4.6938252,79.63417
2024-05-29 19:00:00+05:30,27.15,0.7,4.3349743,88.32146
2024-05-29 20:00:00+05:30,26.7,0.1,6.696387,90.41871
2024-05-29 21:00:00+05:30,25.9,0.0,10.739832,94.51026
2024-05-29 22:00:00+05:30,25.55,0.0,7.2805495,95.34729
2024-05-29 23:00:00+05:30,25.2,0.0,7.928177,97.061806
2024-05-30 00:00:00+05:30,24.9,0.1,8.435069,97.34636
2024-05-30 01:00:00+05:30,24.5,1.5,9.0,98.513626
2024-05-30 02:00:00+05:30,24.2,0.5,8.14587,99.10381
2024-05-30 03:00:00+05:30,24.05,2.9,5.8048253,98.50865
2024-05-30 04:00:00+05:30,23.95,2.4,7.9526596,97.91604
2024-05-30 05:00:00+05:30,23.95,1.2,11.770403,97.91604
2024-05-30 06:00:00+05:30,26.05,0.0,5.991594,92.287125
2024-05-30 07:00:00+05:30,26.4,0.1,10.383987,89.59126
2024-05-30 08:00:00+05:30,27.85,0.0,10.823973,83.02386
2024-05-30 09:00:00+05:30,28.95,0.0,11.119281,78.58136
2024-05-30 10:00:00+05:30,29.4,0.0,7.628263,77.25176
2024-05-30 11:00:00+05:30,30.3,0.1,8.225035,74.23351
2024-05-30 12:00:00+05:30,30.2,1.4,6.1305785,76.00436
2024-05-30 13:00:00+05:30,31.0,0.1,6.9153743,72.38902
2024-05-30 14:00:00+05:30,30.65,0.0,6.6185193,72.977486
2024-05-30 15:00:00+05:30,30.8,0.1,3.319036,71.925026
2024-05-30 16:00:00+05:30,29.65,0.1,5.4477882,77.28862
2024-05-30 17:00:00+05:30,28.45,0.0,10.163227,83.83685
2024-05-30 18:00:00+05:30,26.9,0.2,7.24486,85.95614
2024-05-30 19:00:00+05:30,25.8,0.0,10.464797,89.27842
2024-05-30 20:00:00+05:30,24.75,0.0,4.2136917,95.320045
2024-05-30 21:00:00+05:30,25.0,0.0,2.5959969,92.78578
2024-05-30 22:00:00+05:30,24.8,0.0,2.0991426,95.03585
2024-05-30 23:00:00+05:30,24.2,0.0,3.319036,97.33259
2024-05-31 00:00:00+05:30,24.55,0.4,4.5820518,95.600395
2024-05-31 01:00:00+05:30,24.05,2.2,4.3498964,97.62322
2024-05-31 02:00:00+05:30,24.0,1.9,1.08,97.62233
2024-05-31 03:00:00+05:30,23.85,5.3,2.2768397,99.10151
2024-05-31 04:00:00+05:30,24.1,1.4,7.5170207,98.50919
2024-05-31 05:00:00+05:30,24.25,0.6,6.193674,98.21538
2024-05-31 06:00:00+05:30,25.5,0.1,0.8049845,89.25571
2024-05-31 07:00:00+05:30,26.25,0.0,1.9386592,86.6717
2024-05-31 08:00:00+05:30,27.05,0.1,5.4477882,83.43161
2024-05-31 09:00:00+05:30,27.9,0.1,10.464797,80.10007
2024-05-31 10:00:00+05:30,29.15,0.0,11.119281,75.16352
2024-05-31 11:00:00+05:30,29.45,0.0,10.739832,75.21119
2024-05-31 12:00:00+05:30,29.35,0.0,10.009036,75.87297
2024-05-31 13:00:00+05:30,29.45,0.1,10.829959,76.34299
2024-05-31 14:00:00+05:30,29.15,0.1,6.489992,78.6094
2024-05-31 15:00:00+05:30,28.0,0.4,9.693296,81.56564
2024-05-31 16:00:00+05:30,27.5,0.2,3.319036,83.9832
2024-05-31 17:00:00+05:30,27.2,0.0,1.9386592,85.472435
2024-05-31 18:00:00+05:30,26.95,0.0,4.6102495,84.6823
2024-05-31 19:00:00+05:30,26.55,0.0,4.1046314,86.439674
2024-05-31 20:00:00+05:30,25.9,0.0,4.73506,89.285995
2024-05-31 21:00:00+05:30,25.75,0.1,6.6185193,90.08314
2024-05-31 22:00:00+05:30,24.65,0.0,4.072935,95.891365
2024-05-31 23:00:00+05:30,24.45,0.0,3.6,97.04553
2024-06-01 00:00:00+05:30,24.25,0.0,3.6,97.626724
2024-06-01 01:00:00+05:30,24.5,0.0,3.6,97.04663
2024-06-01 02:00:00+05:30,24.15,0.0,3.319036,98.21406
2024-06-01 03:00:00+05:30,24.15,0.0,3.7064266,97.91912
2024-06-01 04:00:00+05:30,24.05,0.0,4.452954,97.91761
2024-06-01 05:00:00+05:30,24.3,0.0,5.00128,96.17001
2024-06-01 06:00:00+05:30,26.85,0.0,10.685391,85.69403
2024-06-01 07:00:00+05:30,29.25,0.0,7.5942073,78.389595
2024-06-01 08:00:00+05:30,30.1,0.0,9.0645685,76.2151
2024-06-01 09:00:00+05:30,30.8,0.0,4.896529,72.139496
2024-06-01 10:00:00+05:30,30.55,0.0,7.491114,72.31128
2024-06-01 11:00:00+05:30,28.4,2.5,3.6,81.85867
2024-06-01 12:00:00+05:30,30.35,0.0,6.725354,74.46284
2024-06-01 13:00:00+05:30,30.65,0.1,6.379216,74.511444
2024-06-01 14:00:00+05:30,30.6,0.0,8.161764,76.06583
2024-06-01 15:00:00+05:30,30.45,0.0,5.692099,75.369156
2024-06-01 16:00:00+05:30,29.95,0.0,6.130579,77.332695
2024-06-01 17:00:00+05:30,29.2,0.0,2.5455842,83.17769
2024-06-01 18:00:00+05:30,26.8,1.2,5.815978,92.60304
2024-06-01 19:00:00+05:30,26.3,0.1,6.193674,93.68624
2024-06-01 20:00:00+05:30,25.9,0.0,4.5820518,93.38872
2024-06-01 21:00:00+05:30,25.2,0.0,3.4152596,96.19518
2024-06-01 22:00:00+05:30,24.9,0.0,3.9763298,97.05532
2024-06-01 23:00:00+05:30,24.65,0.0,3.6179552,95.891365
2024-06-02 00:00:00+05:30,24.7,0.0,3.2599385,95.89287
2024-06-02 01:00:00+05:30,24.5,0.0,4.3349743,97.338455
2024-06-02 02:00:00+05:30,24.15,0.4,9.885262,98.80626
2024-06-02 03:00:00+05:30,24.15,0.4,2.0364676,97.33162
2024-06-02 04:00:00+05:30,23.8,0.0,8.669949,97.03133
2024-06-02 05:00:00+05:30,23.85,0.0,4.39436,93.29003
2024-06-02 06:00:00+05:30,24.15,4.1,9.0645685,93.87082
2024-06-02 07:00:00+05:30,24.7,0.9,5.8603754,90.82967
2024-06-02 08:00:00+05:30,25.85,0.0,7.208994,85.07931
2024-06-02 09:00:00+05:30,27.95,0.0,6.638072,76.112595
2024-06-02 10:00:00+05:30,29.6,0.0,5.5887027,70.43132
2024-06-02 11:00:00+05:30,30.65,0.0,4.072935,68.13007
2024-06-02 12:00:00+05:30,30.85,0.0,2.52,69.82021
2024-06-02 13:00:00+05:30,31.2,0.1,4.6938252,69.88494
2024-06-02 14:00:00+05:30,30.85,0.0,3.7064266,71.93377
2024-06-02 15:00:00+05:30,29.8,0.1,7.208994,77.08119
2024-06-02 16:00:00+05:30,28.9,0.1,6.12,81.433914
2024-06-02 17:00:00+05:30,27.6,1.1,6.379216,85.25758
2024-06-02 18:00:00+05:30,25.7,0.1,3.7585104,84.80682
2024-06-02 19:00:00+05:30,25.1,0.0,4.5536795,92.23441
2024-06-02 20:00:00+05:30,24.8,0.0,5.0528407,94.18256
2024-06-02 21:00:00+05:30,24.55,0.0,6.6087217,94.74111
2024-06-02 22:00:00+05:30,24.1,0.0,5.1919937,95.87472
2024-06-02 23:00:00+05:30,23.6,0.0,5.1544156,96.44171
2024-06-03 00:00:00+05:30,23.7,0.0,4.198285,96.73632
2024-06-03 01:00:00+05:30,23.55,0.0,4.072935,97.02584
2024-06-03 02:00:00+05:30,24.2,0.1,1.9386592,95.30118
2024-06-03 03:00:00+05:30,24.25,0.4,3.096837,96.1686
2024-06-03 04:00:00+05:30,24.25,0.6,1.835647,96.1686
2024-06-03 05:00:00+05:30,24.5,0.2,1.5273507,95.598785
2024-06-03 06:00:00+05:30,25.2,5.2,10.636766,93.91729
2024-06-03 07:00:00+05:30,25.5,1.2,6.6185193,93.09027
2024-06-03 08:00:00+05:30,26.35,0.0,5.1544156,87.203186
2024-06-03 09:00:00+05:30,27.0,0.0,7.5942082,82.67692
2024-06-03 10:00:00+05:30,29.1,0.0,7.42159,75.60736
2024-06-03 11:00:00+05:30,30.3,0.0,5.95906,70.137535
2024-06-03 12:00:00+05:30,31.4,0.0,4.0249224,64.88664
2024-06-03 13:00:00+05:30,31.1,0.2,3.6,67.8099
2024-06-03 14:00:00+05:30,31.2,0.0,5.3999996,68.64515
2024-06-03 15:00:00+05:30,30.75,0.0,7.289444,69.80169
2024-06-03 16:00:00+05:30,30.35,0.0,3.8773184,70.99198
2024-06-03 17:00:00+05:30,29.7,0.0,1.484318,75.02651
2024-06-03 18:00:00+05:30,25.1,13.2,12.313893,93.63131
2024-06-03 19:00:00+05:30,25.15,0.1,1.609969,92.51503
2024-06-03 20:00:00+05:30,24.65,0.0,3.219938,97.04989
2024-06-03 21:00:00+05:30,24.8,0.0,4.8965297,96.473
2024-06-03 22:00:00+05:30,25.0,0.0,4.8965297,95.32858
2024-06-03 23:00:00+05:30,24.85,0.0,4.39436,95.03766
2024-06-04 00:00:00+05:30,24.55,0.0,5.506941,95.0268
2024-06-04 01:00:00+05:30,24.25,0.0,7.10031,95.59071
2024-06-04 02:00:00+05:30,24.2,0.0,6.1305785,97.040085
2024-06-04 03:00:00+05:30,24.35,0.0,7.7879906,96.75192
2024-06-04 04:00:00+05:30,24.3,0.0,7.10031,97.04227
2024-06-04 05:00:00+05:30,24.45,0.0,8.766573,95.597176
2024-06-04 06:00:00+05:30,24.2,2.7,5.771239,94.442024
2024-06-04 07:00:00+05:30,24.65,1.9,5.0142193,93.328804
2024-06-04 08:00:00+05:30,25.45,0.0,5.3999996,91.42653
2024-06-04 09:00:00+05:30,27.5,0.0,8.209263,79.80656
2024-06-04 10:00:00+05:30,29.0,0.0,6.924738,75.591675
2024-06-04 11:00:00+05:30,29.85,0.1,7.5170207,73.71799
2024-06-04 12:00:00+05:30,29.6,0.1,5.6920996,75.23497
2024-06-04 13:00:00+05:30,30.5,0.0,6.193674,72.95201
2024-06-04 14:00:00+05:30,30.2,0.0,6.989936,73.77612
2024-06-04 15:00:00+05:30,30.15,0.1,7.69592,72.67503
2024-06-04 16:00:00+05:30,28.9,0.4,3.7064266,76.030655
2024-06-04 17:00:00+05:30,28.2,0.2,1.1384199,87.36636
2024-06-04 18:00:00+05:30,24.9,6.3,5.0142193,98.51804
2024-06-04 19:00:00+05:30,25.05,1.7,3.096837,96.76866
2024-06-04 20:00:00+05:30,24.6,0.2,10.948973,98.8102
2024-06-04 21:00:00+05:30,23.6,0.5,5.506941,97.61529
2024-06-04 22:00:00+05:30,24.0,0.8,2.8799999,95.58263
2024-06-04 23:00:00+05:30,23.9,0.2,6.0347,96.74118
2024-06-05 00:00:00+05:30,23.4,0.4,3.6179552,97.61176
2024-06-05 01:00:00+05:30,23.15,0.5,5.692099,97.90362
2024-06-05 02:00:00+05:30,23.25,0.5,3.7064266,95.26837
2024-06-05 03:00:00+05:30,22.9,3.0,5.4477882,97.306786
2024-06-05 04:00:00+05:30,23.0,0.4,2.3051248,95.84121
2024-06-05 05:00:00+05:30,23.2,1.8,5.1919937,96.431175
2024-06-05 06:00:00+05:30,27.0,0.0,3.219938,88.83751
2024-06-05 07:00:00+05:30,27.05,0.0,6.162207,89.37229
2024-06-05 08:00:00+05:30,27.4,0.0,6.1305785,87.81766
2024-06-05 09:00:00+05:30,28.0,0.0,4.379589,85.806656
2024-06-05 10:00:00+05:30,29.2,0.0,2.3051248,81.22969
2024-06-05 11:00:00+05:30,30.5,0.0,3.319036,75.60092
2024-06-05 12:00:00+05:30,31.25,0.0,5.154415,72.64717
2024-06-05 13:00:00+05:30,31.15,0.1,6.379216,71.55967
2024-06-05 14:00:00+05:30,31.35,0.0,4.8965297,69.91266
2024-06-05 15:00:00+05:30,31.1,0.0,7.5170207,70.704254
2024-06-05 16:00:00+05:30,30.4,0.0,6.9527545,72.93502
2024-06-05 17:00:00+05:30,29.45,0.0,4.1046314,80.30335
2024-06-05 18:00:00+05:30,27.75,0.0,5.5887027,79.84001
2024-06-05 19:00:00+05:30,27.4,0.0,5.1544156,80.275185
2024-06-05 20:00:00+05:30,26.6,0.0,5.1165614,86.44433
2024-06-05 21:00:00+05:30,26.0,0.4,4.829907,88.22716
2024-06-05 22:00:00+05:30,25.6,0.0,2.9024127,90.88832
2024-06-05 23:00:00+05:30,24.85,0.0,2.5959969,94.75259
2024-06-06 00:00:00+05:30,24.7,0.3,5.8048253,95.31833
2024-06-06 01:00:00+05:30,24.5,0.3,1.8,95.598785
2024-06-06 02:00:00+05:30,24.2,0.0,4.2136917,97.33259
2024-06-06 03:00:00+05:30,23.6,0.0,4.510787,98.206726
2024-06-06 04:00:00+05:30,23.55,0.0,4.3498964,97.90987
2024-06-06 05:00:00+05:30,24.75,0.0,5.1165614,94.74875
2024-06-06 06:00:00+05:30,26.5,0.7,9.0,90.40514
2024-06-06 07:00:00+05:30,25.8,3.1,5.1544156,91.44792
2024-06-06 08:00:00+05:30,25.95,0.8,5.815978,92.55786
2024-06-06 09:00:00+05:30,26.9,0.5,4.1046314,88.037796
2024-06-06 10:00:00+05:30,28.0,0.2,3.671294,83.538025
2024-06-06 11:00:00+05:30,30.0,0.1,3.319036,77.34004
2024-06-06 12:00:00+05:30,31.25,0.0,3.4152596,70.10266
2024-06-06 13:00:00+05:30,32.0,0.0,4.3349743,65.989044
2024-06-06 14:00:00+05:30,32.05,0.0,4.39436,65.02107
2024-06-06 15:00:00+05:30,31.55,0.0,6.162207,67.69501
2024-06-06 16:00:00+05:30,31.0,0.0,3.6179552,71.10856
2024-06-06 17:00:00+05:30,30.55,0.0,3.219938,73.8341
2024-06-06 18:00:00+05:30,28.9,0.0,6.519877,80.231544
2024-06-06 19:00:00+05:30,27.65,0.0,9.449572,80.54959
2024-06-06 20:00:00+05:30,26.65,0.0,5.5887027,79.93393
2024-06-06 21:00:00+05:30,25.95,0.0,4.2136917,85.34692
2024-06-06 22:00:00+05:30,25.55,0.0,4.072935,90.06907
2024-06-06 23:00:00+05:30,25.2,0.1,3.6179552,90.0444
2024-06-07 00:00:00+05:30,25.2,0.1,7.386582,89.2329
2024-06-07 01:00:00+05:30,25.2,0.4,10.829958,86.31205
2024-06-07 02:00:00+05:30,24.85,0.1,4.68,89.747765
2024-06-07 03:00:00+05:30,24.45,0.0,4.3349743,93.319115
2024-06-07 04:00:00+05:30,24.35,0.0,4.68,94.448074
2024-06-07 05:00:00+05:30,24.9,0.0,5.506941,92.78058
2024-06-07 06:00:00+05:30,27.05,0.0,2.8116899,87.78795
2024-06-07 07:00:00+05:30,28.75,0.0,4.198285,79.49734
2024-06-07 08:00:00+05:30,29.65,0.0,5.315336,77.28862
2024-06-07 09:00:00+05:30,30.7,0.0,6.830519,72.98594
2024-06-07 10:00:00+05:30,31.6,0.0,7.2805495,69.5441
2024-06-07 11:00:00+05:30,32.55,0.0,9.0,66.493935
2024-06-07 12:00:00+05:30,32.4,0.1,10.538843,65.28747
2024-06-07 13:00:00+05:30,32.4,0.0,12.24,64.32101
2024-06-07 14:00:00+05:30,32.35,0.0,11.304229,63.546265
2024-06-07 15:00:00+05:30,31.75,0.1,12.599999,65.54519
2024-06-07 16:00:00+05:30,31.25,0.3,10.086427,69.47887
2024-06-07 17:00:00+05:30,30.1,0.0,4.5536795,78.5092
2024-06-07 18:00:00+05:30,28.15,0.0,4.68,82.81097
2024-06-07 19:00:00+05:30,27.3,0.0,3.9763298,86.7683
2024-06-07 20:00:00+05:30,26.8,0.0,4.3349743,89.62057
2024-06-07 21:00:00+05:30,26.5,0.0,5.0528407,90.1356
2024-06-07 22:00:00+05:30,25.9,0.0,3.6,91.72825
2024-06-07 23:00:00+05:30,25.7,0.0,3.6179552,91.16794
2024-06-08 00:00:00+05:30,25.4,0.4,3.5455887,90.60236
2024-06-08 01:00:00+05:30,24.65,0.2,2.5959969,95.891365
2024-06-08 02:00:00+05:30,24.65,0.0,2.1897945,95.316635
2024-06-08 03:00:00+05:30,24.25,0.4,2.9024127,97.04118
2024-06-08 04:00:00+05:30,24.75,0.1,2.2768397,94.74875
2024-06-08 05:00:00+05:30,24.6,0.2,2.9024127,96.17844
2024-06-08 06:00:00+05:30,25.6,1.5,8.217153,91.16163
2024-06-08 07:00:00+05:30,25.3,0.5,3.319036,93.640526
2024-06-08 08:00:00+05:30,27.35,0.1,7.289445,81.48516
2024-06-08 09:00:00+05:30,28.65,0.1,5.0911684,78.53919
2024-06-08 10:00:00+05:30,29.9,0.4,4.68,74.389755
2024-06-08 11:00:00+05:30,30.95,0.0,3.8939953,71.95124
2024-06-08 12:00:00+05:30,31.75,0.0,4.3349743,71.45355
2024-06-08 13:00:00+05:30,30.45,0.7,6.725354,72.50991
2024-06-08 14:00:00+05:30,30.15,0.1,2.5455842,74.875015
2024-06-08 15:00:00+05:30,30.25,0.0,2.968636,75.337654
2024-06-08 16:00:00+05:30,29.55,0.0,0.35999998,77.96689
2024-06-08 17:00:00+05:30,27.15,0.4,1.0182338,85.72353
2024-06-08 18:00:00+05:30,27.85,0.0,3.0758414,88.11665
2024-06-08 19:00:00+05:30,26.75,0.7,10.514218,86.97793
2024-06-08 20:00:00+05:30,26.35,0.1,6.87779,89.855995
2024-06-08 21:00:00+05:30,25.75,0.1,2.968636,93.66112
2024-06-08 22:00:00+05:30,26.0,0.0,1.2979984,92.28434
2024-06-08 23:00:00+05:30,25.4,0.0,3.4152596,96.77694
2024-06-09 00:00:00+05:30,25.25,0.0,3.5455887,97.06288
2024-06-09 01:00:00+05:30,25.35,0.0,4.8965297,97.06504
2024-06-09 02:00:00+05:30,25.0,0.0,6.0347,96.76745
2024-06-09 03:00:00+05:30,24.65,0.0,6.162207,95.60361
2024-06-09 04:00:00+05:30,24.4,0.0,6.489992,95.883835
2024-06-09 05:00:00+05:30,24.6,0.0,7.8954163,95.314896
2024-06-09 06:00:00+05:30,25.35,4.6,6.0347,97.06504
2024-06-09 07:00:00+05:30,25.55,1.4,7.6367526,93.93271
2024-06-09 08:00:00+05:30,26.65,0.4,8.891343,86.70866
2024-06-09 09:00:00+05:30,27.8,0.1,12.397806,82.276665
2024-06-09 10:00:00+05:30,28.4,0.0,11.923557,80.16596
2024-06-09 11:00:00+05:30,29.55,0.0,8.891344,77.273865
2024-06-09 12:00:00+05:30,30.3,0.0,7.754637,74.89901
2024-06-09 13:00:00+05:30,30.55,0.0,7.491114,74.0539
2024-06-09 14:00:00+05:30,31.15,0.0,3.219938,71.986176
2024-06-09 15:00:00+05:30,30.85,0.0,2.0991426,73.011375
2024-06-09 16:00:00+05:30,30.15,0.1,5.6233797,76.22277
2024-06-09 17:00:00+05:30,28.75,0.0,5.3517847,83.37366
2024-06-09 18:00:00+05:30,26.55,0.0,2.4149535,88.27243
2024-06-09 19:00:00+05:30,25.9,0.0,2.3051248,92.83231
2024-06-09 20:00:00+05:30,25.75,0.0,1.484318,91.9946
2024-06-09 21:00:00+05:30,25.35,0.0,3.319036,94.48828
2024-06-09 22:00:00+05:30,24.9,0.0,1.835647,97.05532
2024-06-09 23:00:00+05:30,24.55,0.0,1.4399999,97.632
2024-06-10 00:00:00+05:30,25.1,0.0,2.2768397,93.63131
2024-06-10 01:00:00+05:30,24.75,0.0,3.0758414,95.034004
2024-06-10 02:00:00+05:30,24.75,0.0,2.5959969,93.89744
2024-06-10 03:00:00+05:30,25.05,0.0,3.0758414,93.62903
2024-06-10 04:00:00+05:30,25.05,0.0,3.671294,96.19103
2024-06-10 05:00:00+05:30,25.35,0.0,3.319036,96.48718
2024-06-10 06:00:00+05:30,27.6,0.0,4.802999,86.79572
2024-06-10 07:00:00+05:30,27.9,0.2,6.792466,87.85992
2024-06-10 08:00:00+05:30,28.5,0.0,1.8,85.095505
2024-06-10 09:00:00+05:30,29.3,0.0,6.725354,82.94348
2024-06-10 10:00:00+05:30,29.0,0.1,7.127636,84.14546
2024-06-10 11:00:00+05:30,28.9,0.0,5.634891,83.14371
2024-06-10 12:00:00+05:30,29.45,0.1,2.7416782,81.74339
2024-06-10 13:00:00+05:30,29.75,1.2,8.209263,79.39631
2024-06-10 14:00:00+05:30,29.3,0.1,6.8777895,83.92953
2024-06-10 15:00:00+05:30,29.75,0.1,4.8433046,80.58037
2024-06-10 16:00:00+05:30,29.8,0.0,3.319036,79.63861
2024-06-10 17:00:00+05:30,29.3,0.0,2.2768397,82.698524
2024-06-10 18:00:00+05:30,27.5,0.0,3.6,89.4058
2024-06-10 19:00:00+05:30,26.8,0.0,2.1897945,93.98717
2024-06-10 20:00:00+05:30,26.5,0.0,2.1897945,94.53398
2024-06-10 21:00:00+05:30,26.4,0.0,2.16,95.94354
2024-06-10 22:00:00+05:30,26.2,0.0,2.6208394,96.222885
2024-06-10 23:00:00+05:30,26.0,0.5,4.379589,96.50384
2024-06-11 00:00:00+05:30,25.9,0.1,3.6179552,97.36579
2024-06-11 01:00:00+05:30,25.85,3.6,2.8799999,96.21326
2024-06-11 02:00:00+05:30,25.5,1.3,5.0142193,97.06828
2024-06-11 03:00:00+05:30,25.2,0.1,5.2416787,96.77217
2024-06-11 04:00:00+05:30,24.9,0.0,2.3051248,98.22398
2024-06-11 05:00:00+05:30,25.0,0.0,6.1305785,97.639854
2024-06-11 06:00:00+05:30,25.9,1.4,5.1544156,95.0754
2024-06-11 07:00:00+05:30,27.35,0.1,6.8399997,88.07523
2024-06-11 08:00:00+05:30,28.8,0.2,8.435069,81.907166
2024-06-11 09:00:00+05:30,29.7,0.1,8.287822,79.38956
2024-06-11 10:00:00+05:30,31.2,0.0,5.00128,74.16028
2024-06-11 11:00:00+05:30,31.95,0.0,6.130579,72.1252
2024-06-11 12:00:00+05:30,32.55,0.0,5.3999996,69.10504
2024-06-11 13:00:00+05:30,32.4,0.1,4.2136917,70.5207
2024-06-11 14:00:00+05:30,32.0,0.0,5.0528407,72.560745
2024-06-11 15:00:00+05:30,31.9,0.1,5.4119864,72.116554
2024-06-11 16:00:00+05:30,31.8,0.0,2.2768397,72.95606
2024-06-11 17:00:00+05:30,29.8,1.3,5.1919937,82.0276
2024-06-11 18:00:00+05:30,27.45,0.0,4.379589,91.27703
2024-06-11 19:00:00+05:30,27.8,0.0,1.0182338,87.85148
2024-06-11 20:00:00+05:30,26.45,0.0,4.379589,95.09502
2024-06-11 21:00:00+05:30,26.95,0.0,2.9024127,91.51763
2024-06-11 22:00:00+05:30,26.75,0.0,1.609969,92.875854
2024-06-11 23:00:00+05:30,26.3,0.0,2.5455842,94.52613
2024-06-12 00:00:00+05:30,25.65,0.1,3.8773184,95.9213
2024-06-12 01:00:00+05:30,25.5,0.0,2.16,95.63083
2024-06-12 02:00:00+05:30,25.35,0.1,2.9024127,95.05569
2024-06-12 03:00:00+05:30,24.75,0.1,4.072935,97.05206
2024-06-12 04:00:00+05:30,24.9,0.4,7.24486,94.754524
2024-06-12 05:00:00+05:30,25.4,0.3,2.0991426,93.926125
2024-06-12 06:00:00+05:30,25.85,4.5,5.904439,95.92721
2024-06-12 07:00:00+05:30,27.3,0.1,4.452954,89.923706
2024-06-12 08:00:00+05:30,29.25,0.0,3.6,80.75537
2024-06-12 09:00:00+05:30,30.7,0.0,5.95906,75.18532
2024-06-12 10:00:00+05:30,31.6,0.0,6.1305785,73.13801
2024-06-12 11:00:00+05:30,32.2,0.1,5.5887027,69.44953
2024-06-12 12:00:00+05:30,32.85,0.1,1.609969,65.379524
2024-06-12 13:00:00+05:30,32.9,0.1,5.692099,64.42531
2024-06-12 14:00:00+05:30,32.55,0.0,5.506941,66.88994
2024-06-12 15:00:00+05:30,29.55,2.5,4.896529,79.13399
2024-06-12 16:00:00+05:30,29.65,0.2,5.7599998,78.91319
2024-06-12 17:00:00+05:30,29.25,0.0,1.5273507,81.9615
2024-06-12 18:00:00+05:30,27.45,0.0,2.2768397,93.46186
2024-06-12 19:00:00+05:30,27.1,0.0,3.2599385,94.557625
2024-06-12 20:00:00+05:30,26.95,0.0,4.3498964,94.55174
2024-06-12 21:00:00+05:30,27.7,0.0,1.1384199,88.628746
2024-06-12 22:00:00+05:30,27.55,0.0,3.319036,89.14463
2024-06-12 23:00:00+05:30,27.05,0.0,1.835647,91.52365
2024-06-13 00:00:00+05:30,26.8,0.4,1.835647,92.32836
2024-06-13 01:00:00+05:30,25.6,5.0,3.8773184,97.07044
2024-06-13 02:00:00+05:30,25.2,6.5,2.6208394,97.93523
2024-06-13 03:00:00+05:30,24.8,1.1,3.319036,97.63635
2024-06-13 04:00:00+05:30,24.7,0.3,2.6208394,96.470406
2024-06-13 05:00:00+05:30,24.8,0.0,0.0,95.895874
2024-06-13 06:00:00+05:30,25.65,0.2,7.69592,94.5003
2024-06-13 07:00:00+05:30,25.4,0.5,11.177405,96.2008
2024-06-13 08:00:00+05:30,25.4,0.9,3.2399998,95.05747
2024-06-13 09:00:00+05:30,26.15,1.8,3.396233,91.74299
2024-06-13 10:00:00+05:30,27.25,1.0,3.219938,88.59298
2024-06-13 11:00:00+05:30,28.4,0.3,4.2136917,83.58255
2024-06-13 12:00:00+05:30,29.35,0.2,5.3999996,81.24841
2024-06-13 13:00:00+05:30,30.45,0.2,3.6,77.63522
2024-06-13 14:00:00+05:30,30.8,0.1,4.0249224,74.31501
2024-06-13 15:00:00+05:30,29.25,1.1,7.7879906,79.80165
2024-06-13 16:00:00+05:30,28.3,0.2,7.289444,87.116936
2024-06-13 17:00:00+05:30,27.6,0.1,6.12,89.41322
2024-06-13 18:00:00+05:30,26.85,0.0,3.396233,93.71114
2024-06-13 19:00:00+05:30,26.35,0.0,3.9763298,95.37423
2024-06-13 20:00:00+05:30,26.15,0.0,4.3349743,95.936134
2024-06-13 21:00:00+05:30,26.3,0.0,3.7585104,95.656204
2024-06-13 22:00:00+05:30,26.05,0.0,3.319036,96.50515
2024-06-13 23:00:00+05:30,25.6,0.0,3.8773184,97.65027
2024-06-14 00:00:00+05:30,25.5,0.0,3.319036,96.7793
2024-06-14 01:00:00+05:30,25.15,0.1,3.096837,98.22726
2024-06-14 02:00:00+05:30,25.4,0.1,4.452954,98.230545
2024-06-14 03:00:00+05:30,25.45,0.1,4.1046314,96.778076
2024-06-14 04:00:00+05:30,25.5,0.1,5.8048253,96.20355
2024-06-14 05:00:00+05:30,25.55,0.0,9.255571,94.49632
2024-06-14 06:00:00+05:30,26.05,0.1,8.4963045,92.563225
2024-06-14 07:00:00+05:30,26.35,0.1,7.42159,90.39496
2024-06-14 08:00:00+05:30,27.35,0.2,5.506941,85.743164
2024-06-14 09:00:00+05:30,27.9,0.2,6.489992,83.77647
2024-06-14 10:00:00+05:30,28.95,0.2,8.473393,80.47725
2024-06-14 11:00:00+05:30,28.45,0.1,8.64,83.339966
2024-06-14 12:00:00+05:30,29.0,0.9,3.6179552,81.688484
2024-06-14 13:00:00+05:30,29.6,0.1,4.0249224,78.90624
2024-06-14 14:00:00+05:30,29.2,0.0,3.8268526,79.086006
2024-06-14 15:00:00+05:30,29.05,0.0,1.484318,80.72982
2024-06-14 16:00:00+05:30,28.9,0.0,2.5455842,82.162865
2024-06-14 17:00:00+05:30,28.15,0.0,2.9024127,85.821266
2024-06-14 18:00:00+05:30,27.15,0.0,2.9024127,87.79646
2024-06-14 19:00:00+05:30,26.15,0.0,2.968636,93.4006
2024-06-14 20:00:00+05:30,25.8,0.0,3.2599385,95.07186
2024-06-14 21:00:00+05:30,25.65,0.0,1.835647,96.49488
2024-06-14 22:00:00+05:30,25.55,1.0,3.2599385,95.63242
2024-06-14 23:00:00+05:30,24.9,4.0,2.0991426,97.93064
2024-06-15 00:00:00+05:30,24.85,0.6,3.563818,97.92989
2024-06-15 01:00:00+05:30,24.25,2.7,3.7585104,98.8071
2024-06-15 02:00:00+05:30,23.85,2.0,1.2979984,100.0
2024-06-15 03:00:00+05:30,23.8,7.8,1.1384199,99.69963
2024-06-15 04:00:00+05:30,24.05,0.3,3.7064266,98.50865
2024-06-15 05:00:00+05:30,24.4,1.6,2.16,98.80849
2024-06-15 06:00:00+05:30,24.65,3.0,2.968636,96.75913
2024-06-15 07:00:00+05:30,25.05,5.2,2.8799999,97.34929
2024-06-15 08:00:00+05:30,24.85,16.9,4.1046314,98.223274
2024-06-15 09:00:00+05:30,25.35,16.5,2.6208394,96.19938
2024-06-15 10:00:00+05:30,24.9,7.2,6.9153743,97.93064
2024-06-15 11:00:00+05:30,25.85,3.4,5.937272,92.55252
2024-06-15 12:00:00+05:30,26.8,0.9,1.835647,90.42552
2024-06-15 13:00:00+05:30,27.9,0.2,3.219938,85.28788
2024-06-15 14:00:00+05:30,28.9,0.0,2.2768397,81.676285
2024-06-15 15:00:00+05:30,28.65,0.0,2.1897945,81.64566
2024-06-15 16:00:00+05:30,28.4,0.1,3.96,82.593605
2024-06-15 17:00:00+05:30,28.0,0.1,3.8773184,86.31808
2024-06-15 18:00:00+05:30,26.25,0.1,3.6179552,93.683914
2024-06-15 19:00:00+05:30,25.8,0.9,5.6920996,94.50627
2024-06-15 20:00:00+05:30,25.15,4.2,6.849467,95.90638
2024-06-15 21:00:00+05:30,24.9,3.8,3.671294,97.34636
2024-06-15 22:00:00+05:30,24.95,2.3,3.7585104,96.76622
2024-06-15 23:00:00+05:30,24.8,6.3,7.968939,97.34439
2024-06-16 00:00:00+05:30,24.75,2.1,7.5685663,99.107506
2024-06-16 01:00:00+05:30,24.75,3.0,7.9526596,98.81152
2024-06-16 02:00:00+05:30,24.7,4.9,8.350138,98.81113
2024-06-16 03:00:00+05:30,24.8,5.8,4.39436,98.516914
2024-06-16 04:00:00+05:30,24.8,2.9,5.8048253,98.81201
2024-06-16 05:00:00+05:30,24.6,2.5,11.720751,98.51474
2024-06-16 06:00:00+05:30,24.75,5.4,5.4833565,96.7615
2024-06-16 07:00:00+05:30,25.05,4.1,6.8777895,95.9034
2024-06-16 08:00:00+05:30,25.2,2.7,7.9526596,95.621254
2024-06-16 09:00:00+05:30,25.6,2.3,8.759178,93.93485
2024-06-16 10:00:00+05:30,26.05,2.6,7.928178,92.287125
2024-06-16 11:00:00+05:30,26.15,2.2,7.8625183,91.74299
2024-06-16 12:00:00+05:30,26.55,1.7,2.0991426,91.76652
2024-06-16 13:00:00+05:30,26.65,1.0,1.4399999,92.045906
2024-06-16 14:00:00+05:30,27.05,0.4,2.16,88.841415
2024-06-16 15:00:00+05:30,26.95,0.0,5.2416787,89.09888
2024-06-16 16:00:00+05:30,26.85,0.0,7.10031,88.296974
2024-06-16 17:00:00+05:30,26.65,0.0,5.815978,87.49153
2024-06-16 18:00:00+05:30,26.2,0.0,2.8116899,91.745926
2024-06-16 19:00:00+05:30,25.95,0.0,4.6102495,91.731186
2024-06-16 20:00:00+05:30,25.9,0.1,3.8268526,90.63567
2024-06-16 21:00:00+05:30,25.75,1.2,3.096837,93.102684
2024-06-16 22:00:00+05:30,25.35,0.6,3.319036,96.19938
2024-06-16 23:00:00+05:30,25.05,0.1,2.1897945,97.93296
2024-06-17 00:00:00+05:30,25.0,0.0,3.6179552,97.93216
2024-06-17 01:00:00+05:30,24.95,0.0,5.506941,97.347305
2024-06-17 02:00:00+05:30,24.8,1.6,7.754637,97.92913
2024-06-17 03:00:00+05:30,24.5,1.9,6.725354,99.40308
2024-06-17 04:00:00+05:30,24.5,3.0,4.1046314,99.10584
2024-06-17 05:00:00+05:30,24.75,1.6,5.4477882,98.22198
2024-06-17 06:00:00+05:30,25.5,10.8,5.0142193,95.061066
2024-06-17 07:00:00+05:30,25.75,10.2,3.096837,93.38156
2024-06-17 08:00:00+05:30,25.75,2.8,2.8116899,93.941444
2024-06-17 09:00:00+05:30,25.75,1.6,1.484318,95.07002
2024-06-17 10:00:00+05:30,25.7,6.0,2.3051248,94.78488
2024-06-17 11:00:00+05:30,25.0,8.5,6.151683,97.34826
2024-06-17 12:00:00+05:30,25.35,4.2,3.0758414,97.64594
2024-06-17 13:00:00+05:30,27.45,0.1,3.0758414,86.782005
2024-06-17 14:00:00+05:30,28.25,0.0,4.1046314,82.08497
2024-06-17 15:00:00+05:30,28.75,0.0,3.8939953,80.93205
2024-06-17 16:00:00+05:30,28.05,0.2,7.0911775,84.29367
2024-06-17 17:00:00+05:30,26.85,0.3,6.638072,90.42885
2024-06-17 18:00:00+05:30,25.7,0.1,3.0547013,95.06825
2024-06-17 19:00:00+05:30,25.4,0.6,1.9386592,97.35611
2024-06-17 20:00:00+05:30,25.1,0.3,1.1384199,97.9337
2024-06-17 21:00:00+05:30,24.9,0.6,3.563818,97.63814
2024-06-17 22:00:00+05:30,24.9,0.7,1.835647,97.63814
2024-06-17 23:00:00+05:30,24.6,3.5,1.835647,98.8102
2024-06-18 00:00:00+05:30,24.4,4.2,0.35999998,99.1052
2024-06-18 01:00:00+05:30,24.35,1.4,2.5455842,98.808
2024-06-18 02:00:00+05:30,24.25,1.3,3.563818,99.70061
2024-06-18 03:00:00+05:30,24.2,0.4,4.6938252,99.40178
2024-06-18 04:00:00+05:30,24.25,0.3,10.105681,99.10417
2024-06-18 05:00:00+05:30,24.35,0.2,10.594036,98.808
2024-06-18 06:00:00+05:30,24.6,9.2,9.339208,94.17412
2024-06-18 07:00:00+05:30,25.0,7.6,2.52,93.62668
2024-06-18 08:00:00+05:30,25.0,3.1,7.6367526,93.34564
2024-06-18 09:00:00+05:30,25.15,2.3,12.074766,94.197334
2024-06-18 10:00:00+05:30,25.8,1.5,3.7585104,93.94365
2024-06-18 11:00:00+05:30,25.85,4.7,4.6938252,92.27607
2024-06-18 12:00:00+05:30,26.4,0.9,2.8116899,90.398384
2024-06-18 13:00:00+05:30,26.75,1.1,1.8,87.50023
2024-06-18 14:00:00+05:30,27.0,0.4,2.6208394,85.96579
2024-06-18 15:00:00+05:30,26.75,0.0,4.2136917,88.02525
2024-06-18 16:00:00+05:30,26.75,0.0,7.2359104,86.19965
2024-06-18 17:00:00+05:30,26.0,0.0,7.628263,88.22716
2024-06-18 18:00:00+05:30,24.2,0.8,5.937272,93.87301
2024-06-18 19:00:00+05:30,24.3,4.2,4.39436,93.877495
2024-06-18 20:00:00+05:30,24.35,3.1,2.5455842,94.448074
2024-06-18 21:00:00+05:30,24.2,4.4,2.8116899,96.167175
2024-06-18 22:00:00+05:30,24.1,7.7,3.2599385,97.62409
2024-06-18 23:00:00+05:30,24.0,7.3,1.484318,98.21206
2024-06-19 00:00:00+05:30,24.0,3.4,2.0364676,98.508095
2024-06-19 01:00:00+05:30,23.95,0.9,4.1046314,98.507545
2024-06-19 02:00:00+05:30,23.75,2.0,7.729527,98.20873
2024-06-19 03:00:00+05:30,23.55,3.6,5.634891,97.31975
2024-06-19 04:00:00+05:30,23.35,4.5,9.983106,97.61085
2024-06-19 05:00:00+05:30,23.5,6.0,12.287555,93.84176
2024-06-19 06:00:00+05:30,23.05,7.0,13.849476,97.30979
2024-06-19 07:00:00+05:30,23.4,4.1,14.404499,97.02255
2024-06-19 08:00:00+05:30,24.05,1.2,13.207634,93.86637
2024-06-19 09:00:00+05:30,24.75,0.8,17.163355,90.01253
2024-06-19 10:00:00+05:30,26.35,0.8,13.004921,88.520905
2024-06-19 11:00:00+05:30,26.5,1.1,9.0,89.59858
2024-06-19 12:00:00+05:30,25.7,1.4,9.290511,95.922775
2024-06-19 13:00:00+05:30,26.45,0.6,10.703569,88.264206
2024-06-19 14:00:00+05:30,26.3,0.0,6.5693827,90.391594
2024-06-19 15:00:00+05:30,26.35,0.2,5.95906,90.125145
2024-06-19 16:00:00+05:30,26.65,0.0,5.771239,87.49153
2024-06-19 17:00:00+05:30,26.1,0.0,5.3999996,92.01459
2024-06-19 18:00:00+05:30,25.35,0.0,5.692099,91.971634
2024-06-19 19:00:00+05:30,24.95,0.0,3.5455887,95.04126
2024-06-19 20:00:00+05:30,24.95,0.0,5.4477882,95.32686
2024-06-19 21:00:00+05:30,24.9,0.0,5.04,95.89889
2024-06-19 22:00:00+05:30,24.65,0.7,3.0547013,97.341446
2024-06-19 23:00:00+05:30,24.6,0.7,6.638072,98.51474
2024-06-20 00:00:00+05:30,24.35,0.5,5.1544156,99.104836
2024-06-20 01:00:00+05:30,24.3,0.9,4.0249224,98.807594
2024-06-20 02:00:00+05:30,24.35,5.4,2.6208394,98.51197
2024-06-20 03:00:00+05:30,24.3,0.6,4.3349743,98.51141
2024-06-20 04:00:00+05:30,24.25,0.3,5.2416787,98.51087
2024-06-20 05:00:00+05:30,24.45,0.2,5.8603754,97.63021
2024-06-20 06:00:00+05:30,24.8,5.3,2.8116899,94.75066
2024-06-20 07:00:00+05:30,24.75,3.9,6.638072,95.894325
2024-06-20 08:00:00+05:30,25.55,1.3,5.4477882,91.98313
2024-06-20 09:00:00+05:30,25.5,0.6,6.4096174,92.53382
2024-06-20 10:00:00+05:30,25.75,0.1,7.10031,91.44487
2024-06-20 11:00:00+05:30,27.35,0.1,10.948973,81.976326
2024-06-20 12:00:00+05:30,28.15,0.0,9.904906,78.941086
2024-06-20 13:00:00+05:30,28.95,0.0,6.0347,75.58383
2024-06-20 14:00:00+05:30,29.3,0.0,5.0911684,72.965996
2024-06-20 15:00:00+05:30,29.5,0.0,3.8773184,73.21937
2024-06-20 16:00:00+05:30,28.9,0.0,7.4128532,76.030655
2024-06-20 17:00:00+05:30,27.7,0.0,6.151683,83.00662
2024-06-20 18:00:00+05:30,26.4,0.0,7.072878,85.907585
2024-06-20 19:00:00+05:30,25.65,0.6,6.519877,89.53603
2024-06-20 20:00:00+05:30,25.4,0.6,2.6208394,91.97453
2024-06-20 21:00:00+05:30,25.05,2.8,4.32,93.91072
2024-06-20 22:00:00+05:30,24.75,0.5,2.5455842,95.894325
2024-06-20 23:00:00+05:30,24.55,0.1,1.9386592,97.3395
2024-06-21 00:00:00+05:30,24.55,0.0,1.0182338,97.3395
2024-06-21 01:00:00+05:30,24.45,0.0,2.2768397,97.63021
2024-06-21 02:00:00+05:30,24.45,0.0,2.4149535,97.92375
2024-06-21 03:00:00+05:30,24.55,0.0,1.484318,96.46652
2024-06-21 04:00:00+05:30,23.95,0.0,1.8,99.10214
2024-06-21 05:00:00+05:30,24.5,0.0,2.16,98.21868
2024-06-21 06:00:00+05:30,26.0,0.0,3.8268526,89.83092
2024-06-21 07:00:00+05:30,27.2,0.0,3.6,83.448456
2024-06-21 08:00:00+05:30,28.25,0.0,5.315336,79.429596
2024-06-21 09:00:00+05:30,28.8,0.1,5.4833565,77.85888
2024-06-21 10:00:00+05:30,29.55,0.1,3.671294,76.81486
2024-06-21 11:00:00+05:30,30.75,0.1,1.8,73.86709
2024-06-21 12:00:00+05:30,31.25,0.1,2.8116899,71.79016
2024-06-21 13:00:00+05:30,31.2,0.0,5.6233797,73.287384
2024-06-21 14:00:00+05:30,31.15,0.0,3.396233,74.37183
2024-06-21 15:00:00+05:30,31.5,0.0,2.1897945,72.68988
2024-06-21 16:00:00+05:30,30.8,0.0,3.219938,75.647675
2024-06-21 17:00:00+05:30,30.4,0.0,2.0991426,78.783485
2024-06-21 18:00:00+05:30,28.3,0.0,4.8965297,84.070076
2024-06-21 19:00:00+05:30,27.7,0.0,5.634891,87.58246
2024-06-21 20:00:00+05:30,27.3,0.0,4.6800003,88.333694
2024-06-21 21:00:00+05:30,27.35,0.0,4.8965297,86.77289
2024-06-21 22:00:00+05:30,26.75,0.1,3.9763298,89.61687
2024-06-21 23:00:00+05:30,25.95,0.2,4.2136917,94.79432
2024-06-22 00:00:00+05:30,25.6,0.0,2.8116899,96.493614
2024-06-22 01:00:00+05:30,25.35,0.0,2.9024127,97.64594
2024-06-22 02:00:00+05:30,25.55,0.1,2.16,96.20494
2024-06-22 03:00:00+05:30,25.1,0.1,3.6,98.22656
2024-06-22 04:00:00+05:30,25.0,0.0,2.0991426,97.639854
2024-06-22 05:00:00+05:30,25.8,0.0,2.0364676,95.64036
2024-06-22 06:00:00+05:30,27.4,0.0,2.3051248,89.66422
2024-06-22 07:00:00+05:30,28.4,0.0,3.096837,86.61174
2024-06-22 08:00:00+05:30,29.4,0.1,2.0991426,84.18836
2024-06-22 09:00:00+05:30,30.55,0.2,3.319036,79.73866
2024-06-22 10:00:00+05:30,31.55,0.2,2.16,74.4366
2024-06-22 11:00:00+05:30,31.5,0.1,5.904439,74.42848
2024-06-22 12:00:00+05:30,32.0,0.3,6.9247384,74.94829
2024-06-22 13:00:00+05:30,32.1,0.1,5.771239,74.08858
2024-06-22 14:00:00+05:30,31.2,1.2,7.9932976,77.74349
2024-06-22 15:00:00+05:30,29.95,3.1,1.8,82.04556
2024-06-22 16:00:00+05:30,29.05,0.1,0.71999997,87.183395
2024-06-22 17:00:00+05:30,28.95,0.0,0.5091169,88.20703
2024-06-22 18:00:00+05:30,28.25,0.0,4.8965297,91.8653
2024-06-22 19:00:00+05:30,28.95,0.0,2.7416782,86.407104
2024-06-22 20:00:00+05:30,28.6,0.0,2.5455842,87.65964
2024-06-22 21:00:00+05:30,27.3,0.0,4.829907,94.00874
2024-06-22 22:00:00+05:30,26.9,0.0,4.802999,95.11098
2024-06-22 23:00:00+05:30,26.9,0.0,3.7064266,94.27027
2024-06-23 00:00:00+05:30,26.65,0.0,3.563818,93.702095
2024-06-23 01:00:00+05:30,26.45,0.5,6.439876,92.58445
2024-06-23 02:00:00+05:30,25.75,6.7,5.0911684,96.210495
2024-06-23 03:00:00+05:30,25.45,2.1,8.557102,98.81771
2024-06-23 04:00:00+05:30,25.45,1.3,4.6938257,98.23114
2024-06-23 05:00:00+05:30,25.75,0.2,3.4152596,96.49744
2024-06-23 06:00:00+05:30,27.8,0.0,5.634891,87.85148
2024-06-23 07:00:00+05:30,29.25,0.0,4.6938252,83.18337
2024-06-23 08:00:00+05:30,30.35,0.0,7.729527,77.391335
2024-06-23 09:00:00+05:30,31.05,0.0,8.654986,73.697876
2024-06-23 10:00:00+05:30,31.95,0.0,8.225035,70.23084
2024-06-23 11:00:00+05:30,32.4,0.0,7.342588,69.69247
2024-06-23 12:00:00+05:30,32.5,0.0,7.69592,71.16527
2024-06-23 13:00:00+05:30,32.75,0.0,6.12,70.58391
2024-06-23 14:00:00+05:30,31.5,0.1,8.373386,76.42781
2024-06-23 15:00:00+05:30,30.1,1.6,5.3999996,80.62524
2024-06-23 16:00:00+05:30,30.3,0.1,7.2359104,79.94086
2024-06-23 17:00:00+05:30,30.1,0.0,7.8954163,80.62524
2024-06-23 18:00:00+05:30,28.9,0.0,4.2136917,86.40242
2024-06-23 19:00:00+05:30,28.1,0.2,4.6938257,91.04831
2024-06-23 20:00:00+05:30,27.7,0.8,3.671294,92.10509
2024-06-23 21:00:00+05:30,27.35,0.1,5.0911684,91.813194
2024-06-23 22:00:00+05:30,26.65,0.0,3.2599385,95.10213
2024-06-23 23:00:00+05:30,26.45,0.1,6.489992,95.09502
2024-06-24 00:00:00+05:30,26.2,0.5,2.0364676,95.08612
2024-06-24 01:00:00+05:30,25.85,1.8,1.8,95.07362
2024-06-24 02:00:00+05:30,25.75,0.1,4.6102495,96.210495
2024-06-24 03:00:00+05:30,25.35,1.9,6.9247384,96.77572
2024-06-24 04:00:00+05:30,25.25,2.7,7.8954163,96.48459
2024-06-24 05:00:00+05:30,25.7,0.1,6.1094027,94.2204
2024-06-24 06:00:00+05:30,27.5,0.0,10.703569,89.140785
2024-06-24 07:00:00+05:30,28.55,0.1,9.746631,84.84874
2024-06-24 08:00:00+05:30,29.0,0.0,10.853866,82.90902
2024-06-24 09:00:00+05:30,30.45,0.0,9.36,76.949234
2024-06-24 10:00:00+05:30,31.65,0.0,9.72,71.860214
2024-06-24 11:00:00+05:30,31.9,0.0,7.9932976,73.18844
2024-06-24 12:00:00+05:30,31.95,0.0,7.5942073,74.5011
2024-06-24 13:00:00+05:30,32.2,0.0,5.2416787,73.67066
2024-06-24 14:00:00+05:30,29.7,1.6,11.165805,82.50113
2024-06-24 15:00:00+05:30,28.8,0.3,10.00256,85.37811
2024-06-24 16:00:00+05:30,28.5,0.5,7.208994,86.365036
2024-06-24 17:00:00+05:30,28.25,0.0,4.802999,88.67228
2024-06-24 18:00:00+05:30,27.8,0.0,2.1897945,91.56863
2024-06-24 19:00:00+05:30,28.05,0.0,1.2979984,90.242744
2024-06-24 20:00:00+05:30,26.85,0.0,4.2136917,95.956764
2024-06-24 21:00:00+05:30,26.65,0.0,3.8773184,95.667244
2024-06-24 22:00:00+05:30,26.4,0.0,4.379589,95.09324
2024-06-24 23:00:00+05:30,26.35,0.0,3.7585104,93.68849
2024-06-25 00:00:00+05:30,26.05,0.0,3.096837,95.08079
2024-06-25 01:00:00+05:30,26.4,0.1,3.219938,92.58186
2024-06-25 02:00:00+05:30,26.0,0.1,6.379216,96.50384
2024-06-25 03:00:00+05:30,25.65,2.6,5.815978,98.81947
2024-06-25 04:00:00+05:30,25.6,0.1,3.2399998,99.11312
2024-06-25 05:00:00+05:30,25.65,0.5,2.9024127,98.23379
2024-06-25 06:00:00+05:30,26.0,0.2,5.4119864,92.28434
2024-06-25 07:00:00+05:30,27.75,0.0,0.8049845,86.29451
2024-06-25 08:00:00+05:30,29.1,0.0,2.6208394,80.976395
2024-06-25 09:00:00+05:30,30.4,0.0,3.6179552,77.39865
2024-06-25 10:00:00+05:30,30.95,0.3,3.5455887,75.2248
2024-06-25 11:00:00+05:30,31.6,0.1,6.193674,75.77166
2024-06-25 12:00:00+05:30,31.3,0.0,5.0528407,78.216
2024-06-25 13:00:00+05:30,31.65,0.1,6.151683,76.67527
2024-06-25 14:00:00+05:30,30.1,2.6,11.901798,78.0456
2024-06-25 15:00:00+05:30,27.3,1.4,13.217443,88.86092
2024-06-25 16:00:00+05:30,28.45,0.3,4.0249224,85.343094
2024-06-25 17:00:00+05:30,28.55,0.0,3.8268526,86.62554
2024-06-25 18:00:00+05:30,27.3,0.0,3.0547013,93.73145
2024-06-25 19:00:00+05:30,26.85,0.0,3.6,95.67353
2024-06-25 20:00:00+05:30,26.7,0.0,2.9024127,96.521675
2024-06-25 21:00:00+05:30,26.7,0.0,3.563818,95.95235
2024-06-25 22:00:00+05:30,26.6,0.0,3.4152596,95.66566
2024-06-25 23:00:00+05:30,26.3,0.5,3.671294,96.51154
2024-06-26 00:00:00+05:30,26.25,1.7,2.9024127,97.08435
2024-06-26 01:00:00+05:30,26.2,1.6,3.6,97.66059
2024-06-26 02:00:00+05:30,25.9,0.2,7.172949,98.821655
2024-06-26 03:00:00+05:30,25.7,0.1,5.4119864,98.52678
2024-06-26 04:00:00+05:30,25.2,2.5,10.233123,99.7027
2024-06-26 05:00:00+05:30,25.35,0.2,8.28,97.93751
2024-06-26 06:00:00+05:30,25.75,1.5,8.942214,97.652855
2024-06-26 07:00:00+05:30,26.6,1.0,7.5685663,93.69983
2024-06-26 08:00:00+05:30,27.7,0.6,11.440979,89.95198
2024-06-26 09:00:00+05:30,28.75,0.2,11.592895,84.86935
2024-06-26 10:00:00+05:30,28.7,0.1,10.636766,83.61579
2024-06-26 11:00:00+05:30,30.05,0.0,12.0694,78.5022
2024-06-26 12:00:00+05:30,30.6,0.0,11.966954,77.65692
2024-06-26 13:00:00+05:30,30.95,0.0,7.771331,76.34455
2024-06-26 14:00:00+05:30,31.7,0.0,8.089993,75.34272
2024-06-26 15:00:00+05:30,31.95,0.0,6.28713,74.72043
2024-06-26 16:00:00+05:30,31.55,0.7,5.1919937,74.4366
2024-06-26 17:00:00+05:30,28.85,6.1,7.289444,86.65305
2024-06-26 18:00:00+05:30,28.15,0.2,4.5536795,89.19008
2024-06-26 19:00:00+05:30,27.65,0.0,1.609969,93.74714
2024-06-26 20:00:00+05:30,28.0,0.0,0.0,88.65253
2024-06-26 21:00:00+05:30,26.75,0.0,3.319036,95.10565
2024-06-26 22:00:00+05:30,26.8,0.0,3.8773184,95.38934
2024-06-26 23:00:00+05:30,26.6,0.0,3.8939953,95.38262
2024-06-27 00:00:00+05:30,25.9,0.0,4.0249224,96.78872
2024-06-27 01:00:00+05:30,26.05,0.0,3.319036,95.93318
2024-06-27 02:00:00+05:30,25.8,0.0,4.0249224,96.78638
2024-06-27 03:00:00+05:30,25.8,1.0,9.007196,96.49876
2024-06-27 04:00:00+05:30,25.15,3.7,7.10031,98.22726
2024-06-27 05:00:00+05:30,25.5,3.9,4.2136917,96.20355
2024-06-27 06:00:00+05:30,26.85,0.0,9.227524,87.770905
2024-06-27 07:00:00+05:30,27.8,0.1,8.287822,84.771065
2024-06-27 08:00:00+05:30,28.6,0.0,4.0249224,79.71483
2024-06-27 09:00:00+05:30,28.95,0.0,8.161764,80.2381
2024-06-27 10:00:00+05:30,29.5,0.1,5.4833565,78.65833
2024-06-27 11:00:00+05:30,30.3,0.2,6.6087217,78.07414
2024-06-27 12:00:00+05:30,31.15,0.1,5.937272,74.37183
2024-06-27 13:00:00+05:30,29.3,4.0,9.36,80.76175
2024-06-27 14:00:00+05:30,29.1,1.8,3.8773184,84.156204
2024-06-27 15:00:00+05:30,29.75,0.1,1.8,80.10493
2024-06-27 16:00:00+05:30,29.3,0.0,3.96,82.698524
2024-06-27 17:00:00+05:30,29.25,0.4,3.096837,82.69272
2024-06-27 18:00:00+05:30,27.55,0.0,4.379589,88.35402
2024-06-27 19:00:00+05:30,26.8,0.0,5.0142193,92.32836
2024-06-27 20:00:00+05:30,26.75,0.0,3.319036,91.77818
2024-06-27 21:00:00+05:30,26.55,0.0,4.1046314,92.865654
2024-06-27 22:00:00+05:30,26.5,0.1,3.4152596,93.97414
2024-06-27 23:00:00+05:30,26.1,0.1,3.5455887,94.51815
2024-06-28 00:00:00+05:30,25.9,0.0,3.6,95.643524
2024-06-28 01:00:00+05:30,26.0,0.1,2.52,93.11508
2024-06-28 02:00:00+05:30,25.5,3.7,5.904439,94.77733
2024-06-28 03:00:00+05:30,25.05,1.5,5.315336,97.05856
2024-06-28 04:00:00+05:30,24.85,4.7,3.96,97.34534
2024-06-28 05:00:00+05:30,25.1,0.9,3.6,96.480736
2024-06-28 06:00:00+05:30,27.1,0.0,4.3498964,90.44574
2024-06-28 07:00:00+05:30,27.2,2.8,1.8,90.72147
2024-06-28 08:00:00+05:30,27.0,4.8,0.8049845,91.520645
2024-06-28 09:00:00+05:30,27.35,0.8,3.219938,91.00074
2024-06-28 10:00:00+05:30,28.1,0.4,7.8954163,86.84123
2024-06-28 11:00:00+05:30,27.8,0.5,5.8603754,88.37429
2024-06-28 12:00:00+05:30,27.95,0.1,4.39436,87.085724
2024-06-28 13:00:00+05:30,29.05,0.2,4.198285,84.900215
2024-06-28 14:00:00+05:30,29.1,0.2,4.802999,83.659996
2024-06-28 15:00:00+05:30,28.7,0.1,4.1046314,85.36809
2024-06-28 16:00:00+05:30,28.55,0.1,1.2979984,85.60627
2024-06-28 17:00:00+05:30,28.25,0.0,2.0991426,86.59786
2024-06-28 18:00:00+05:30,27.25,0.0,0.8049845,88.32958
2024-06-28 19:00:00+05:30,26.5,0.1,1.2979984,94.25371
2024-06-28 20:00:00+05:30,26.15,1.3,3.319036,96.22154
2024-06-28 21:00:00+05:30,26.1,0.1,3.2399998,96.5064
2024-06-28 22:00:00+05:30,25.85,0.4,2.4149535,97.65458
2024-06-28 23:00:00+05:30,25.7,0.2,3.6179552,97.072586
2024-06-29 00:00:00+05:30,25.55,0.0,3.396233,95.06289
2024-06-29 01:00:00+05:30,25.4,1.1,4.452954,94.77355
2024-06-29 02:00:00+05:30,25.15,5.4,6.924738,95.90638
2024-06-29 03:00:00+05:30,24.95,2.7,6.0347,97.05639
2024-06-29 04:00:00+05:30,24.95,2.1,5.3517847,97.63894
2024-06-29 05:00:00+05:30,24.8,3.1,5.1165614,99.107834
2024-06-29 06:00:00+05:30,25.35,7.9,5.937272,96.19938
2024-06-29 07:00:00+05:30,25.25,11.9,7.5942082,96.48459
2024-06-29 08:00:00+05:30,25.55,1.2,7.42159,94.49632
2024-06-29 09:00:00+05:30,26.35,0.4,8.12197,89.5876
2024-06-29 10:00:00+05:30,27.4,0.2,8.825508,87.03648
2024-06-29 11:00:00+05:30,27.45,0.9,8.4042845,88.34587
2024-06-29 12:00:00+05:30,28.05,1.4,7.9526596,85.30297
2024-06-29 13:00:00+05:30,29.2,0.4,6.638072,81.22969
2024-06-29 14:00:00+05:30,28.7,0.4,4.1046314,83.12094
2024-06-29 15:00:00+05:30,28.35,0.5,3.096837,85.08023
2024-06-29 16:00:00+05:30,27.75,0.9,6.379216,89.68957
2024-06-29 17:00:00+05:30,26.5,4.0,4.2136917,93.97414
2024-06-29 18:00:00+05:30,27.45,0.1,0.8049845,90.73785
2024-06-29 19:00:00+05:30,26.8,0.9,1.484318,95.95534
2024-06-29 20:00:00+05:30,26.5,0.4,4.3498964,95.09678
2024-06-29 21:00:00+05:30,26.15,0.1,5.4119864,95.936134
2024-06-29 22:00:00+05:30,25.8,0.1,5.3517847,96.21186
2024-06-29 23:00:00+05:30,25.5,0.0,3.8268526,96.20355
2024-06-30 00:00:00+05:30,25.5,0.1,2.3051248,96.49103
2024-06-30 01:00:00+05:30,25.4,0.7,4.6938257,97.35611
2024-06-30 02:00:00+05:30,25.35,1.1,2.4149535,97.35509
2024-06-30 03:00:00+05:30,25.15,1.4,4.802999,98.520775
2024-06-30 04:00:00+05:30,25.05,1.5,5.904439,99.1095
2024-06-30 05:00:00+05:30,25.35,1.4,4.6938257,97.64594
2024-06-30 06:00:00+05:30,26.7,0.5,5.815978,92.04869
2024-06-30 07:00:00+05:30,27.5,0.0,5.937272,88.087685
2024-06-30 08:00:00+05:30,28.2,0.0,4.1046314,85.31802
2024-06-30 09:00:00+05:30,29.5,0.1,4.3349743,78.65833
2024-06-30 10:00:00+05:30,29.15,1.8,6.297428,80.26424
2024-06-30 11:00:00+05:30,27.55,6.0,2.5455842,89.40952
2024-06-30 12:00:00+05:30,27.1,2.1,4.802999,91.526665
2024-06-30 13:00:00+05:30,27.65,0.4,5.2416787,88.3621
2024-06-30 14:00:00+05:30,28.1,0.1,5.00128,86.58401
2024-06-30 15:00:00+05:30,27.2,2.7,6.725354,88.062744
2024-06-30 16:00:00+05:30,26.25,5.6,4.8965297,93.683914
2024-06-30 17:00:00+05:30,25.85,0.1,4.73506,95.07362
2024-06-30 18:00:00+05:30,26.1,2.2,4.6102495,97.36962
2024-06-30 19:00:00+05:30,25.75,5.5,4.8965297,97.652855
2024-06-30 20:00:00+05:30,25.65,8.4,5.1544156,96.49488
2024-06-30 21:00:00+05:30,25.5,6.6,4.6800003,96.7793
2024-06-30 22:00:00+05:30,25.5,2.2,4.6938257,96.49103
2024-06-30 23:00:00+05:30,25.5,0.9,3.2599385,95.9168
2024-07-01 00:00:00+05:30,25.5,1.2,2.6208394,96.20355
2024-07-01 01:00:00+05:30,25.3,1.0,1.4399999,97.64506
2024-07-01 02:00:00+05:30,25.2,0.8,2.6208394,97.35219
2024-07-01 03:00:00+05:30,25.1,1.0,2.8799999,96.19242
2024-07-01 04:00:00+05:30,25.15,2.5,3.0758414,95.619644
2024-07-01 05:00:00+05:30,25.1,2.3,4.896529,96.480736
2024-07-01 06:00:00+05:30,25.4,3.3,4.39436,97.066124
2024-07-01 07:00:00+05:30,25.5,5.5,6.830519,98.23182
2024-07-01 08:00:00+05:30,25.5,5.3,11.609651,98.81813
2024-07-01 09:00:00+05:30,25.5,4.9,11.183201,95.63083
2024-07-01 10:00:00+05:30,25.55,2.9,10.08,96.78048
2024-07-01 11:00:00+05:30,26.25,2.8,12.324414,94.80564
2024-07-01 12:00:00+05:30,26.25,2.9,10.365251,94.80564
2024-07-01 13:00:00+05:30,26.3,3.7,9.107359,95.08971
2024-07-01 14:00:00+05:30,26.15,2.9,7.9932976,95.936134
2024-07-01 15:00:00+05:30,26.1,1.8,5.506941,95.64987
2024-07-01 16:00:00+05:30,26.2,0.9,7.42159,95.08612
2024-07-01 17:00:00+05:30,25.65,0.2,8.557102,97.65114
2024-07-01 18:00:00+05:30,25.45,0.9,8.4042845,96.778076
2024-07-01 19:00:00+05:30,25.15,3.8,8.905908,98.520775
2024-07-01 20:00:00+05:30,25.1,1.4,10.739833,98.52022
2024-07-01 21:00:00+05:30,25.15,2.2,11.304229,98.22726
2024-07-01 22:00:00+05:30,25.0,2.2,9.746631,98.519135
2024-07-01 23:00:00+05:30,24.85,0.8,9.585739,98.517494
2024-07-02 00:00:00+05:30,24.6,0.8,11.592895,98.51474
2024-07-02 01:00:00+05:30,24.4,0.6,9.6932955,98.512535
2024-07-02 02:00:00+05:30,24.35,1.3,10.08,98.21667
2024-07-02 03:00:00+05:30,24.3,2.7,8.825508,98.21607
2024-07-02 04:00:00+05:30,24.25,2.7,8.473393,98.51087
2024-07-02 05:00:00+05:30,24.4,3.3,6.830519,98.21739
2024-07-02 06:00:00+05:30,25.2,3.7,4.0249224,96.19518
2024-07-02 07:00:00+05:30,25.4,3.7,5.6920996,96.48848
2024-07-02 08:00:00+05:30,25.4,3.2,5.4833565,95.91385
2024-07-02 09:00:00+05:30,25.8,1.8,3.6,92.827156
2024-07-02 10:00:00+05:30,26.5,0.3,2.6208394,88.79833
2024-07-02 11:00:00+05:30,27.4,0.9,3.6,86.51913
2024-07-02 12:00:00+05:30,28.75,0.3,2.9024127,80.93205
2024-07-02 13:00:00+05:30,28.75,0.1,2.52,81.173386
2024-07-02 14:00:00+05:30,28.6,0.1,2.968636,81.63949
2024-07-02 15:00:00+05:30,28.85,0.0,5.3999996,82.4012
2024-07-02 16:00:00+05:30,28.7,0.1,6.162207,82.628685
2024-07-02 17:00:00+05:30,28.35,0.0,5.0528407,84.57654
2024-07-02 18:00:00+05:30,25.45,0.2,7.5685663,94.49231
2024-07-02 19:00:00+05:30,25.25,0.9,5.771239,96.48459
2024-07-02 20:00:00+05:30,25.25,0.1,4.3349743,96.48459
2024-07-02 21:00:00+05:30,25.15,0.5,3.4152596,96.77103
2024-07-02 22:00:00+05:30,25.05,0.1,2.2768397,97.34929
2024-07-02 23:00:00+05:30,24.95,0.3,4.198285,98.51857
2024-07-03 00:00:00+05:30,24.85,0.1,4.1046314,98.81243
2024-07-03 01:00:00+05:30,24.85,0.1,2.5959969,97.92989
2024-07-03 02:00:00+05:30,24.8,0.2,2.4149535,98.22266
2024-07-03 03:00:00+05:30,24.8,0.1,3.4152596,98.22266
2024-07-03 04:00:00+05:30,24.8,0.1,3.2599385,98.22266
2024-07-03 05:00:00+05:30,24.9,0.1,2.2768397,97.93064
2024-07-03 06:00:00+05:30,26.2,0.2,8.654986,94.24126
2024-07-03 07:00:00+05:30,27.6,0.1,7.491114,89.148384
2024-07-03 08:00:00+05:30,28.4,0.0,6.696387,84.331024
2024-07-03 09:00:00+05:30,29.6,0.0,6.1305785,77.281235
2024-07-03 10:00:00+05:30,30.75,0.0,4.6102495,72.777664
2024-07-03 11:00:00+05:30,30.75,0.1,4.829907,74.970764
2024-07-03 12:00:00+05:30,31.25,0.2,4.73506,74.168465
2024-07-03 13:00:00+05:30,27.9,3.3,7.6367526,89.17118
2024-07-03 14:00:00+05:30,28.3,0.3,4.68,89.2014
2024-07-03 15:00:00+05:30,29.7,0.0,2.6208394,84.96671
2024-07-03 16:00:00+05:30,28.15,0.1,5.3999996,89.71845
2024-07-03 17:00:00+05:30,28.05,0.1,2.3051248,89.71128
2024-07-03 18:00:00+05:30,28.05,0.4,2.8799999,92.6687
2024-07-03 19:00:00+05:30,26.15,6.8,7.072878,97.65976
2024-07-03 20:00:00+05:30,26.1,1.2,8.647496,97.36962
2024-07-03 21:00:00+05:30,25.8,6.8,5.154415,97.07472
2024-07-03 22:00:00+05:30,25.6,3.7,3.6179552,98.23311
2024-07-03 23:00:00+05:30,25.55,2.3,1.609969,98.23249
2024-07-04 00:00:00+05:30,25.45,1.2,2.968636,98.524055
2024-07-04 01:00:00+05:30,25.25,0.8,4.6938257,98.815926
2024-07-04 02:00:00+05:30,25.1,0.1,1.8,98.81461
2024-07-04 03:00:00+05:30,25.15,0.0,0.8049845,98.520775
2024-07-04 04:00:00+05:30,25.05,0.0,2.1897945,98.51969
2024-07-04 05:00:00+05:30,25.5,0.0,2.968636,96.7793
2024-07-04 06:00:00+05:30,26.4,0.1,4.39436,96.80046
2024-07-04 07:00:00+05:30,26.85,0.3,4.6800003,95.67353
2024-07-04 08:00:00+05:30,27.2,0.5,3.2399998,92.624115
2024-07-04 09:00:00+05:30,28.05,0.2,1.1384199,86.06685
2024-07-04 10:00:00+05:30,28.7,0.1,1.2979984,82.383484
2024-07-04 11:00:00+05:30,29.05,0.2,1.8,84.649796
2024-07-04 12:00:00+05:30,29.1,0.3,2.968636,85.66027
2024-07-04 13:00:00+05:30,29.65,0.3,1.9386592,84.96165
2024-07-04 14:00:00+05:30,29.4,0.2,1.1384199,86.44897
2024-07-04 15:00:00+05:30,29.0,0.3,3.8939953,88.99226
2024-07-04 16:00:00+05:30,28.55,0.4,4.3349743,88.95771
2024-07-04 17:00:00+05:30,28.4,0.1,4.3349743,88.161995
2024-07-04 18:00:00+05:30,26.95,0.0,3.2399998,93.99362
2024-07-04 19:00:00+05:30,27.0,0.1,3.096837,94.55369
2024-07-04 20:00:00+05:30,26.85,2.4,1.8,96.81091
2024-07-04 21:00:00+05:30,26.45,3.5,1.609969,97.08863
2024-07-04 22:00:00+05:30,25.9,5.0,4.510787,97.65546
2024-07-04 23:00:00+05:30,25.65,1.9,3.2399998,97.071495
2024-07-05 00:00:00+05:30,25.5,0.2,4.6102495,96.49103
2024-07-05 01:00:00+05:30,25.5,0.2,5.315336,95.9168
2024-07-05 02:00:00+05:30,25.5,0.0,5.991594,95.061066
2024-07-05 03:00:00+05:30,25.4,0.0,6.9899354,94.20783
2024-07-05 04:00:00+05:30,25.2,0.0,6.162207,95.05029
2024-07-05 05:00:00+05:30,25.55,0.0,6.830519,94.21411
2024-07-05 06:00:00+05:30,25.65,1.2,5.937272,94.21831
2024-07-05 07:00:00+05:30,25.95,0.5,7.9526596,92.83488
2024-07-05 08:00:00+05:30,26.25,1.1,5.0911684,93.96327
2024-07-05 09:00:00+05:30,26.9,1.1,4.2136917,92.33382
2024-07-05 10:00:00+05:30,27.3,3.1,7.928178,92.08263
2024-07-05 11:00:00+05:30,28.1,0.0,6.696387,87.35762
2024-07-05 12:00:00+05:30,29.4,0.0,8.049845,78.64438
2024-07-05 13:00:00+05:30,30.0,0.0,7.928177,76.88217
2024-07-05 14:00:00+05:30,29.6,0.1,5.0142193,80.08521
2024-07-05 15:00:00+05:30,29.05,0.2,5.2416787,82.424835
2024-07-05 16:00:00+05:30,29.1,0.4,3.319036,80.736206
2024-07-05 17:00:00+05:30,28.3,1.1,0.8049845,83.82042
2024-07-05 18:00:00+05:30,27.0,0.1,2.5455842,92.61358
2024-07-05 19:00:00+05:30,26.65,0.2,3.7585104,93.980675
2024-07-05 20:00:00+05:30,26.05,0.0,2.3051248,96.50515
2024-07-05 21:00:00+05:30,25.95,0.0,2.4149535,96.78986
2024-07-05 22:00:00+05:30,25.75,1.4,3.2599385,97.073654
2024-07-05 23:00:00+05:30,25.55,3.1,3.6,98.23249
2024-07-06 00:00:00+05:30,25.65,3.9,2.1897945,97.071495
2024-07-06 01:00:00+05:30,25.35,2.0,6.519877,97.64594
2024-07-06 02:00:00+05:30,25.2,0.8,6.5693827,97.35219
2024-07-06 03:00:00+05:30,25.05,0.1,4.1046314,97.64073
2024-07-06 04:00:00+05:30,25.0,0.0,3.2599385,97.93216
2024-07-06 05:00:00+05:30,25.2,0.0,4.6938257,95.33537
2024-07-06 06:00:00+05:30,25.7,0.1,3.8939953,94.50228
2024-07-06 07:00:00+05:30,26.7,0.1,3.319036,88.548996
2024-07-06 08:00:00+05:30,27.15,0.1,3.7064266,87.274155
2024-07-06 09:00:00+05:30,28.1,0.1,0.35999998,83.30051
2024-07-06 10:00:00+05:30,29.2,0.1,1.1384199,80.27075
2024-07-06 11:00:00+05:30,29.65,0.1,2.4149535,79.38281
2024-07-06 12:00:00+05:30,30.25,0.1,4.896529,77.606186
2024-07-06 13:00:00+05:30,30.8,0.1,6.379216,75.42413
2024-07-06 14:00:00+05:30,30.55,0.1,3.096837,76.28378
2024-07-06 15:00:00+05:30,29.6,0.2,1.8,81.27954
2024-07-06 16:00:00+05:30,26.95,12.4,6.439876,91.7899
2024-07-06 17:00:00+05:30,27.2,0.2,5.4477882,90.72147
2024-07-06 18:00:00+05:30,26.85,0.1,4.73506,93.71114
2024-07-06 19:00:00+05:30,26.35,0.0,3.0758414,96.799255
2024-07-06 20:00:00+05:30,26.25,0.0,3.8939953,96.22429
2024-07-06 21:00:00+05:30,26.6,0.0,1.2979984,93.978455
2024-07-06 22:00:00+05:30,25.7,0.3,3.563818,98.234406
2024-07-06 23:00:00+05:30,25.85,0.3,2.1897945,97.3648
2024-07-07 00:00:00+05:30,25.45,1.8,6.162207,98.81771
2024-07-07 01:00:00+05:30,25.15,0.7,0.71999997,98.22726
2024-07-07 02:00:00+05:30,25.0,0.0,2.3051248,98.81375
2024-07-07 03:00:00+05:30,25.05,0.0,1.609969,97.93296
2024-07-07 04:00:00+05:30,24.65,0.0,1.9386592,99.10686
2024-07-07 05:00:00+05:30,25.3,0.0,4.198285,97.35415
2024-07-07 06:00:00+05:30,26.65,0.5,5.0142193,90.14605
2024-07-07 07:00:00+05:30,27.45,0.2,3.8268526,88.08352
2024-07-07 08:00:00+05:30,28.0,0.1,2.9024127,87.8683
2024-07-07 09:00:00+05:30,29.35,0.1,2.1897945,83.19468
2024-07-07 10:00:00+05:30,30.1,0.1,3.8268526,81.34159
2024-07-07 11:00:00+05:30,30.65,0.1,4.6938252,79.75196
2024-07-07 12:00:00+05:30,31.2,0.1,5.4833565,76.607834
2024-07-07 13:00:00+05:30,31.3,0.1,3.96,75.05816
2024-07-07 14:00:00+05:30,30.5,0.9,9.3669195,76.276146
2024-07-07 15:00:00+05:30,28.35,3.4,7.208994,88.41866
2024-07-07 16:00:00+05:30,29.0,0.1,3.8773184,86.41176
2024-07-07 17:00:00+05:30,29.0,0.0,4.829907,86.92257
2024-07-07 18:00:00+05:30,27.65,0.0,3.9763298,90.48277
2024-07-07 19:00:00+05:30,27.3,0.0,4.3498964,90.997574
2024-07-07 20:00:00+05:30,26.95,0.0,4.6102495,92.06285
2024-07-07 21:00:00+05:30,26.8,0.0,5.315336,91.78115
2024-07-07 22:00:00+05:30,26.35,0.0,3.6179552,91.75473
2024-07-07 23:00:00+05:30,26.25,0.0,4.2136917,90.9303
2024-07-08 00:00:00+05:30,26.25,0.0,4.5536795,89.848854
2024-07-08 01:00:00+05:30,26.15,0.0,4.6938257,89.8417
2024-07-08 02:00:00+05:30,26.25,0.0,6.489992,88.77866
2024-07-08 03:00:00+05:30,26.0,0.0,4.510787,90.10067
2024-07-08 04:00:00+05:30,25.75,0.0,4.1046314,90.89802
2024-07-08 05:00:00+05:30,26.55,0.0,4.8433046,89.06825
2024-07-08 06:00:00+05:30,28.7,0.0,2.0991426,81.409134
2024-07-08 07:00:00+05:30,29.75,0.0,2.8116899,77.99555
2024-07-08 08:00:00+05:30,30.6,0.0,3.8268526,75.6165
2024-07-08 09:00:00+05:30,31.5,0.0,5.2416787,72.26081
2024-07-08 10:00:00+05:30,30.75,2.5,10.1376915,74.0867
2024-07-08 11:00:00+05:30,30.75,0.2,6.4096174,75.639885
2024-07-08 12:00:00+05:30,29.1,2.1,13.556282,82.675285
2024-07-08 13:00:00+05:30,29.8,0.2,6.519877,82.51288
2024-07-08 14:00:00+05:30,30.3,0.1,11.659777,79.47056
2024-07-08 15:00:00+05:30,28.85,4.7,7.42159,85.38306
2024-07-08 16:00:00+05:30,29.3,0.2,6.12,83.189026
2024-07-08 17:00:00+05:30,28.1,1.2,7.2805495,88.92302
2024-07-08 18:00:00+05:30,27.45,0.0,3.6,90.46932
2024-07-08 19:00:00+05:30,27.15,0.1,3.4152596,91.2585
2024-07-08 20:00:00+05:30,26.75,0.0,4.32,94.54385
2024-07-08 21:00:00+05:30,26.65,0.0,2.8116899,94.82069
2024-07-08 22:00:00+05:30,26.4,0.0,2.52,95.37595
2024-07-08 23:00:00+05:30,26.15,0.0,2.8116899,96.22154
2024-07-09 00:00:00+05:30,26.1,0.1,2.5959969,95.93462
2024-07-09 01:00:00+05:30,25.85,0.0,3.8939953,97.0758
2024-07-09 02:00:00+05:30,25.95,0.0,1.609969,96.50257
2024-07-09 03:00:00+05:30,26.3,0.1,1.1384199,94.80753
2024-07-09 04:00:00+05:30,26.25,0.2,1.8,94.80564
2024-07-09 05:00:00+05:30,26.35,0.0,2.5959969,93.68849
2024-07-09 06:00:00+05:30,27.6,0.0,1.08,84.24549
2024-07-09 07:00:00+05:30,27.95,0.0,3.396233,82.048874
2024-07-09 08:00:00+05:30,28.6,0.0,3.671294,79.47705
2024-07-09 09:00:00+05:30,29.5,0.0,6.1094027,76.80736
2024-07-09 10:00:00+05:30,29.85,0.0,9.19939,74.8269
2024-07-09 11:00:00+05:30,30.3,0.2,13.138765,75.56972
2024-07-09 12:00:00+05:30,29.75,0.6,14.154915,77.073746
2024-07-09 13:00:00+05:30,29.25,0.2,14.973576,80.51599
2024-07-09 14:00:00+05:30,29.25,0.3,14.759999,82.204605
2024-07-09 15:00:00+05:30,29.15,0.4,14.044615,82.19271
2024-07-09 16:00:00+05:30,29.3,0.0,10.182337,81.725136
2024-07-09 17:00:00+05:30,28.7,0.1,7.5942073,85.87462
2024-07-09 18:00:00+05:30,27.8,0.0,3.6,90.225586
2024-07-09 19:00:00+05:30,27.4,1.2,4.73506,94.01305
2024-07-09 20:00:00+05:30,27.2,0.6,4.0249224,93.726944
2024-07-09 21:00:00+05:30,27.25,1.3,5.3517847,92.90129
2024-07-09 22:00:00+05:30,26.55,0.4,7.8954163,94.25578
2024-07-09 23:00:00+05:30,25.9,0.3,8.089993,95.0754
2024-07-10 00:00:00+05:30,25.6,0.2,6.130579,95.91978
2024-07-10 01:00:00+05:30,25.6,0.1,2.3051248,96.493614
2024-07-10 02:00:00+05:30,25.6,0.1,2.16,96.781624
2024-07-10 03:00:00+05:30,25.35,0.0,1.609969,98.22983
2024-07-10 04:00:00+05:30,25.25,0.0,2.7416782,97.93597
2024-07-10 05:00:00+05:30,25.4,0.0,2.5959969,96.77694
2024-07-10 06:00:00+05:30,25.65,0.2,2.9024127,95.63559
2024-07-10 07:00:00+05:30,26.75,0.0,1.1384199,91.23364
2024-07-10 08:00:00+05:30,28.05,0.1,3.2599385,86.06685
2024-07-10 09:00:00+05:30,27.9,2.2,5.771239,88.38236
2024-07-10 10:00:00+05:30,27.45,1.5,6.379216,91.819016
2024-07-10 11:00:00+05:30,28.0,0.5,5.495161,88.915276
2024-07-10 12:00:00+05:30,29.15,0.1,2.6208394,85.91803
2024-07-10 13:00:00+05:30,29.15,0.3,9.028754,85.41297
2024-07-10 14:00:00+05:30,27.95,0.5,6.9153743,88.64856
2024-07-10 15:00:00+05:30,28.55,0.1,7.2,87.91451
2024-07-10 16:00:00+05:30,28.85,0.1,5.0528407,87.422966
2024-07-10 17:00:00+05:30,27.75,2.6,10.308831,88.63272
2024-07-10 18:00:00+05:30,26.85,0.1,3.319036,94.5478
2024-07-10 19:00:00+05:30,26.7,0.1,3.7064266,94.82251
2024-07-10 20:00:00+05:30,26.7,0.0,4.2136917,94.54189
2024-07-10 21:00:00+05:30,26.6,0.0,3.563818,95.10034
2024-07-10 22:00:00+05:30,26.1,0.0,3.6,96.5064
2024-07-10 23:00:00+05:30,25.55,0.0,4.5536795,97.35903
2024-07-11 00:00:00+05:30,25.8,0.0,3.6179552,97.07472
2024-07-11 01:00:00+05:30,25.55,0.0,6.28713,96.78048
2024-07-11 02:00:00+05:30,25.15,0.2,3.9763298,97.06073
2024-07-11 03:00:00+05:30,25.0,0.0,2.2768397,97.34826
2024-07-11 04:00:00+05:30,24.95,0.2,5.1919937,97.931404
2024-07-11 05:00:00+05:30,24.9,1.7,4.2136917,98.51804
2024-07-11 06:00:00+05:30,26.0,0.0,2.6208394,92.83746
2024-07-11 07:00:00+05:30,26.6,0.0,2.6208394,90.68203
2024-07-11 08:00:00+05:30,27.65,0.2,1.4399999,88.6248
2024-07-11 09:00:00+05:30,27.7,0.9,2.8116899,87.84302
2024-07-11 10:00:00+05:30,28.45,0.1,2.4149535,86.87293
2024-07-11 11:00:00+05:30,29.25,0.2,2.1897945,84.67057
2024-07-11 12:00:00+05:30,30.25,0.4,4.6102495,80.170364
2024-07-11 13:00:00+05:30,29.3,0.5,9.085988,86.18576
2024-07-11 14:00:00+05:30,29.25,0.2,9.449572,84.42112
2024-07-11 15:00:00+05:30,28.9,0.4,5.95906,84.38412
2024-07-11 16:00:00+05:30,28.85,0.0,3.0758414,85.38306
2024-07-11 17:00:00+05:30,28.5,0.0,0.35999998,86.87748
2024-07-11 18:00:00+05:30,26.6,0.0,4.0249224,95.66566
2024-07-11 19:00:00+05:30,26.2,0.0,2.7416782,96.79574
2024-07-11 20:00:00+05:30,26.2,0.0,2.7416782,96.508965
2024-07-11 21:00:00+05:30,25.85,0.0,4.072935,97.0758
2024-07-11 22:00:00+05:30,25.55,0.2,6.638072,95.91832
2024-07-11 23:00:00+05:30,25.45,0.1,3.096837,96.48975
2024-07-12 00:00:00+05:30,25.2,2.9,3.2599385,97.35219
2024-07-12 01:00:00+05:30,25.35,1.4,0.8049845,96.77572
2024-07-12 02:00:00+05:30,25.2,0.1,1.609969,98.227875
2024-07-12 03:00:00+05:30,25.35,0.0,1.835647,97.35509
2024-07-12 04:00:00+05:30,25.2,0.0,2.16,98.227875
2024-07-12 05:00:00+05:30,25.25,0.2,4.452954,98.521866
2024-07-12 06:00:00+05:30,25.65,9.2,2.9024127,96.782845
2024-07-12 07:00:00+05:30,25.65,8.6,3.7064266,97.94206
2024-07-12 08:00:00+05:30,26.15,2.3,4.198285,95.36754
2024-07-12 09:00:00+05:30,26.35,0.5,5.3517847,95.37423
2024-07-12 10:00:00+05:30,26.8,0.8,3.96,93.98717
2024-07-12 11:00:00+05:30,27.6,0.6,3.0547013,89.67873
2024-07-12 12:00:00+05:30,28.9,0.3,1.609969,84.13476
2024-07-12 13:00:00+05:30,30.0,0.0,2.0991426,79.66536
2024-07-12 14:00:00+05:30,30.15,0.0,2.6208394,78.51621
2024-07-12 15:00:00+05:30,29.95,0.4,9.659814,79.18866
2024-07-12 16:00:00+05:30,28.85,0.4,6.830519,86.397766
2024-07-12 17:00:00+05:30,28.35,0.0,7.4128532,88.94231
2024-07-12 18:00:00+05:30,26.55,0.8,5.937272,91.22121
2024-07-12 19:00:00+05:30,26.25,5.7,5.6233797,95.08788
2024-07-12 20:00:00+05:30,26.2,5.9,4.2136917,96.222885
2024-07-12 21:00:00+05:30,26.1,3.3,3.4152596,95.64987
2024-07-12 22:00:00+05:30,26.05,1.3,3.5455887,95.93318
2024-07-12 23:00:00+05:30,25.9,0.0,2.52,96.78872
2024-07-13 00:00:00+05:30,25.85,0.0,1.5273507,97.65458
2024-07-13 01:00:00+05:30,25.85,0.3,0.8049845,97.0758
2024-07-13 02:00:00+05:30,25.95,0.0,2.3051248,95.36076
2024-07-13 03:00:00+05:30,25.95,0.1,0.35999998,94.23084
2024-07-13 04:00:00+05:30,25.75,0.2,1.2979984,96.78519
2024-07-13 05:00:00+05:30,25.95,0.1,2.8116899,93.39107
2024-07-13 06:00:00+05:30,26.85,0.0,1.08,88.0336
2024-07-13 07:00:00+05:30,27.6,0.0,3.4152596,85.76764
2024-07-13 08:00:00+05:30,28.5,0.1,5.506941,82.605316
2024-07-13 09:00:00+05:30,29.4,0.1,5.0911684,77.945335
2024-07-13 10:00:00+05:30,30.65,0.3,5.00128,72.76062
2024-07-13 11:00:00+05:30,31.65,0.2,4.802999,68.73078
2024-07-13 12:00:00+05:30,32.3,0.1,6.130579,67.43901
2024-07-13 13:00:00+05:30,32.55,0.1,7.9526596,66.691666
2024-07-13 14:00:00+05:30,32.7,0.0,7.342588,68.11915
2024-07-13 15:00:00+05:30,32.55,0.0,7.342588,68.90106
2024-07-13 16:00:00+05:30,31.7,0.4,6.2145634,71.65655
2024-07-13 17:00:00+05:30,30.45,0.1,5.692099,81.624405
2024-07-13 18:00:00+05:30,28.8,0.1,6.0347,84.87451
2024-07-13 19:00:00+05:30,28.05,0.0,5.00128,88.39451
2024-07-13 20:00:00+05:30,27.5,0.0,3.8939953,91.01028
2024-07-13 21:00:00+05:30,27.45,0.0,3.6,91.0071
2024-07-13 22:00:00+05:30,27.35,0.1,6.725354,89.66059
2024-07-13 23:00:00+05:30,26.9,0.1,3.6179552,91.24299
2024-07-14 00:00:00+05:30,26.5,0.0,3.6,93.97414
2024-07-14 01:00:00+05:30,26.5,0.0,2.1897945,93.139755
2024-07-14 02:00:00+05:30,25.95,0.1,2.1897945,95.64512
2024-07-14 03:00:00+05:30,25.9,0.3,5.8048253,94.792465
2024-07-14 04:00:00+05:30,25.9,0.2,2.9024127,95.643524
2024-07-14 05:00:00+05:30,26.2,0.0,4.896529,96.508965
2024-07-14 06:00:00+05:30,28.45,0.0,3.8773184,85.343094
2024-07-14 07:00:00+05:30,29.55,0.0,2.5455842,78.43191
2024-07-14 08:00:00+05:30,30.6,0.0,1.609969,73.18647
2024-07-14 09:00:00+05:30,30.95,0.1,4.5536795,74.33938
2024-07-14 10:00:00+05:30,31.55,0.0,5.95906,75.09772
2024-07-14 11:00:00+05:30,32.4,0.0,6.297428,71.77916
2024-07-14 12:00:00+05:30,32.9,0.0,5.1919937,69.17058
2024-07-14 13:00:00+05:30,32.85,0.0,5.95906,69.36547
2024-07-14 14:00:00+05:30,32.75,0.1,2.0364676,70.16942
2024-07-14 15:00:00+05:30,31.85,5.0,3.0758414,74.924484
2024-07-14 16:00:00+05:30,28.2,15.2,7.928178,90.51954
2024-07-14 17:00:00+05:30,28.45,0.3,3.6179552,89.212685
2024-07-14 18:00:00+05:30,29.1,0.0,3.219938,89.52367
2024-07-14 19:00:00+05:30,28.45,0.0,3.6179552,91.60732
2024-07-14 20:00:00+05:30,28.3,0.2,3.219938,89.72929
2024-07-14 21:00:00+05:30,27.5,3.7,2.16,93.18871
2024-07-14 22:00:00+05:30,27.2,4.0,1.484318,94.28263
2024-07-14 23:00:00+05:30,27.05,0.9,3.8939953,93.99796
2024-07-15 00:00:00+05:30,26.8,3.7,5.771239,93.70891
2024-07-15 01:00:00+05:30,26.45,7.3,6.130579,96.229774
2024-07-15 02:00:00+05:30,26.3,2.3,6.519877,96.79813
2024-07-15 03:00:00+05:30,26.2,2.6,3.8773184,96.508965
2024-07-15 04:00:00+05:30,26.1,0.4,5.495161,97.36962
2024-07-15 05:00:00+05:30,26.2,0.7,1.609969,95.93761
2024-07-15 06:00:00+05:30,27.3,0.2,2.16,93.17901
2024-07-15 07:00:00+05:30,28.2,0.2,5.7599998,87.88513
2024-07-15 08:00:00+05:30,29.0,0.1,5.8048253,84.14546
2024-07-15 09:00:00+05:30,29.9,0.1,6.849467,79.88798
2024-07-15 10:00:00+05:30,30.5,0.0,6.763786,79.26346
2024-07-15 11:00:00+05:30,31.15,0.0,6.9247384,79.35139
2024-07-15 12:00:00+05:30,32.1,0.1,6.1305785,74.52525
2024-07-15 13:00:00+05:30,32.45,0.1,4.6938257,73.28051
2024-07-15 14:00:00+05:30,32.55,0.0,3.563818,72.86823
2024-07-15 15:00:00+05:30,31.8,0.1,0.8049845,75.58019
2024-07-15 16:00:00+05:30,28.75,9.3,5.4833565,86.90003
2024-07-15 17:00:00+05:30,27.95,1.0,5.0142193,91.30783
2024-07-15 18:00:00+05:30,27.2,17.7,4.32,95.40264
2024-07-15 19:00:00+05:30,27.0,6.5,3.6179552,96.52924
2024-07-15 20:00:00+05:30,26.9,3.5,4.39436,97.672615
2024-07-15 21:00:00+05:30,26.9,1.2,3.7064266,96.81212
2024-07-15 22:00:00+05:30,26.75,0.4,2.9024127,97.095
2024-07-15 23:00:00+05:30,26.5,0.0,2.16,98.82683
2024-07-16 00:00:00+05:30,26.65,0.0,1.609969,97.38026
2024-07-16 01:00:00+05:30,26.4,0.1,1.5273507,99.11838
2024-07-16 02:00:00+05:30,26.3,0.2,3.319036,99.11772
2024-07-16 03:00:00+05:30,26.25,0.5,5.3517847,97.08435
2024-07-16 04:00:00+05:30,26.1,2.3,2.5455842,96.79338
2024-07-16 05:00:00+05:30,26.15,0.7,3.9763298,96.79459
2024-07-16 06:00:00+05:30,26.15,1.2,3.5455887,95.36754
2024-07-16 07:00:00+05:30,26.45,1.3,2.5455842,95.09502
2024-07-16 08:00:00+05:30,26.85,4.3,0.71999997,94.268196
2024-07-16 09:00:00+05:30,27.3,4.4,1.0182338,93.17901
2024-07-16 10:00:00+05:30,28.0,0.9,2.9024127,88.915276
2024-07-16 11:00:00+05:30,28.85,0.1,3.2399998,84.378815
2024-07-16 12:00:00+05:30,29.85,0.1,8.557102,79.409836
2024-07-16 13:00:00+05:30,30.3,0.0,8.891344,77.61349
2024-07-16 14:00:00+05:30,30.85,0.0,7.754637,76.10415
2024-07-16 15:00:00+05:30,30.65,0.0,8.707237,75.62432
2024-07-16 16:00:00+05:30,30.25,0.0,7.24486,77.606186
2024-07-16 17:00:00+05:30,29.75,0.0,4.198285,81.77984
2024-07-16 18:00:00+05:30,28.05,0.0,3.9763298,89.71128
2024-07-16 19:00:00+05:30,27.55,0.0,3.8939953,91.28324
2024-07-16 20:00:00+05:30,27.35,0.0,3.8268526,91.00074
2024-07-16 21:00:00+05:30,26.6,0.0,3.8773184,94.81879
2024-07-16 22:00:00+05:30,26.5,0.0,4.1046314,95.09678
2024-07-16 23:00:00+05:30,26.25,0.0,3.5455887,95.65462
2024-07-17 00:00:00+05:30,26.4,0.0,1.9386592,94.24957
2024-07-17 01:00:00+05:30,25.7,0.0,4.3349743,96.78398
2024-07-17 02:00:00+05:30,25.85,0.0,4.198285,95.07362
2024-07-17 03:00:00+05:30,26.0,0.0,3.8268526,93.952385
2024-07-17 04:00:00+05:30,25.5,0.0,4.2136917,95.9168
2024-07-17 05:00:00+05:30,26.6,0.0,2.968636,92.043045
2024-07-17 06:00:00+05:30,28.6,0.0,1.1384199,85.86493
2024-07-17 07:00:00+05:30,30.15,0.0,2.1897945,76.449425
2024-07-17 08:00:00+05:30,31.4,0.0,1.1384199,69.7141
2024-07-17 09:00:00+05:30,32.35,0.0,3.8939953,65.86332
2024-07-17 10:00:00+05:30,33.1,0.0,4.8433046,63.138775
2024-07-17 11:00:00+05:30,33.3,0.0,7.4128532,63.93677
2024-07-17 12:00:00+05:30,33.8,0.0,6.924738,64.8032
2024-07-17 13:00:00+05:30,33.55,0.0,7.5942073,65.135864
2024-07-17 14:00:00+05:30,33.05,0.8,3.6179552,66.00463
2024-07-17 15:00:00+05:30,32.55,0.2,4.39436,67.888985
2024-07-17 16:00:00+05:30,31.8,0.0,6.489992,71.886406
2024-07-17 17:00:00+05:30,30.75,0.0,3.219938,80.235504
2024-07-17 18:00:00+05:30,29.6,0.0,5.1165614,87.48783
2024-07-17 19:00:00+05:30,30.35,0.0,0.71999997,79.47724
2024-07-17 20:00:00+05:30,28.6,0.0,4.1046314,90.28036
2024-07-17 21:00:00+05:30,28.25,0.0,4.452954,90.52285
2024-07-17 22:00:00+05:30,26.95,1.6,10.495713,93.71566
2024-07-17 23:00:00+05:30,26.85,0.1,3.0758414,93.71114
2024-07-18 00:00:00+05:30,26.6,0.1,2.5455842,97.37926
2024-07-18 01:00:00+05:30,26.65,0.0,2.2768397,96.2353
2024-07-18 02:00:00+05:30,26.35,0.0,2.0991426,97.66319
2024-07-18 03:00:00+05:30,26.35,0.0,2.9024127,98.533844
2024-07-18 04:00:00+05:30,26.7,0.0,1.1384199,96.521675
2024-07-18 05:00:00+05:30,26.85,0.0,1.1384199,96.24076
2024-07-18 06:00:00+05:30,26.95,1.0,3.396233,92.886055
2024-07-18 07:00:00+05:30,27.85,0.2,1.1384199,88.640625
2024-07-18 08:00:00+05:30,28.2,0.4,3.96,88.66831
2024-07-18 09:00:00+05:30,28.8,0.3,5.1165614,85.8843
2024-07-18 10:00:00+05:30,29.25,0.0,7.127636,82.69272
2024-07-18 11:00:00+05:30,30.55,0.0,7.42159,76.73674
2024-07-18 12:00:00+05:30,32.05,0.0,6.618519,69.83429
2024-07-18 13:00:00+05:30,32.65,0.0,6.3690495,67.108376
2024-07-18 14:00:00+05:30,32.85,0.0,5.991594,65.573944
2024-07-18 15:00:00+05:30,32.85,0.0,6.4096174,65.964325
2024-07-18 16:00:00+05:30,32.15,0.0,6.989936,69.44024
2024-07-18 17:00:00+05:30,31.15,0.0,5.904439,76.37489
2024-07-18 18:00:00+05:30,29.65,0.0,6.519877,77.05894
2024-07-18 19:00:00+05:30,28.85,0.0,4.829907,80.944756
2024-07-18 20:00:00+05:30,28.3,0.0,4.3498964,85.32808
2024-07-18 21:00:00+05:30,27.95,0.3,3.4152596,88.91143
2024-07-18 22:00:00+05:30,27.75,0.3,1.1384199,87.58676
2024-07-18 23:00:00+05:30,27.25,0.0,2.1897945,92.90129
2024-07-19 00:00:00+05:30,27.1,0.0,4.6938252,92.61884
2024-07-19 01:00:00+05:30,26.75,0.0,2.52,92.875854
2024-07-19 02:00:00+05:30,26.65,0.0,1.484318,92.59511
2024-07-19 03:00:00+05:30,26.0,0.0,4.198285,96.79106
2024-07-19 04:00:00+05:30,25.9,0.0,2.2768397,96.78872
2024-07-19 05:00:00+05:30,26.6,0.0,4.0249224,94.53794
2024-07-19 06:00:00+05:30,28.65,0.0,4.3498964,87.663895
2024-07-19 07:00:00+05:30,29.95,0.0,3.219938,81.56327
2024-07-19 08:00:00+05:30,31.2,0.0,6.638072,77.515175
2024-07-19 09:00:00+05:30,32.55,0.0,10.514218,72.01685
2024-07-19 10:00:00+05:30,33.3,0.0,11.384198,68.03344
2024-07-19 11:00:00+05:30,33.8,0.0,9.387651,67.333496
2024-07-19 12:00:00+05:30,33.8,0.0,7.208994,67.53168
2024-07-19 13:00:00+05:30,34.6,0.2,2.52,64.967445
2024-07-19 14:00:00+05:30,33.4,0.3,7.42159,72.163666
2024-07-19 15:00:00+05:30,32.3,1.2,8.311245,79.04427
2024-07-19 16:00:00+05:30,31.45,0.2,10.685391,78.69722
2024-07-19 17:00:00+05:30,30.6,1.8,6.9899354,83.09147
2024-07-19 18:00:00+05:30,29.1,0.0,5.692099,85.66027
2024-07-19 19:00:00+05:30,28.55,0.0,5.3999996,86.114586
2024-07-19 20:00:00+05:30,28.25,0.0,5.00128,87.88932
2024-07-19 21:00:00+05:30,27.9,0.0,4.1046314,92.11634
2024-07-19 22:00:00+05:30,27.6,0.0,2.4149535,91.82772
2024-07-19 23:00:00+05:30,27.35,0.4,9.19939,89.66059
2024-07-20 00:00:00+05:30,26.75,2.6,7.653705,89.34988
2024-07-20 01:00:00+05:30,26.15,1.7,3.319036,93.679375
2024-07-20 02:00:00+05:30,26.05,0.1,1.609969,95.36418
2024-07-20 03:00:00+05:30,26.05,0.1,4.072935,97.3687
2024-07-20 04:00:00+05:30,25.8,1.7,6.193674,97.65372
2024-07-20 05:00:00+05:30,26.15,0.1,4.3498964,96.22154
2024-07-20 06:00:00+05:30,27.25,3.7,4.8965297,92.0798
2024-07-20 07:00:00+05:30,27.25,4.2,1.5273507,92.62676
2024-07-20 08:00:00+05:30,27.45,4.1,1.5273507,93.186295
2024-07-20 09:00:00+05:30,28.0,2.8,4.1046314,91.31093
2024-07-20 10:00:00+05:30,28.65,0.4,3.319036,90.815895
2024-07-20 11:00:00+05:30,30.0,0.1,3.2599385,85.99951
2024-07-20 12:00:00+05:30,31.05,0.0,4.0249224,80.03942
2024-07-20 13:00:00+05:30,31.45,0.0,6.696387,77.09722
2024-07-20 14:00:00+05:30,31.9,0.0,7.386582,74.49304
2024-07-20 15:00:00+05:30,31.5,0.1,3.2599385,77.1046
2024-07-20 16:00:00+05:30,30.8,0.1,3.4152596,80.24203
2024-07-20 17:00:00+05:30,30.5,0.0,2.52,82.111244
2024-07-20 18:00:00+05:30,28.2,0.4,2.5959969,92.13307
2024-07-20 19:00:00+05:30,27.55,0.0,4.0249224,95.133934
2024-07-20 20:00:00+05:30,28.15,0.0,0.35999998,90.7835
2024-07-20 21:00:00+05:30,27.65,0.0,2.2768397,94.301094
2024-07-20 22:00:00+05:30,27.25,0.2,2.8799999,95.12331
2024-07-20 23:00:00+05:30,27.2,0.1,2.4149535,94.84119
2024-07-21 00:00:00+05:30,26.9,0.0,2.2768397,96.24215
2024-07-21 01:00:00+05:30,26.65,0.0,2.0991426,96.52042
2024-07-21 02:00:00+05:30,26.6,0.0,1.2979984,97.37926
2024-07-21 03:00:00+05:30,26.45,0.2,3.096837,97.37638
2024-07-21 04:00:00+05:30,26.5,0.3,0.71999997,97.08968
2024-07-21 05:00:00+05:30,26.6,0.0,3.2599385,96.805084
2024-07-21 06:00:00+05:30,27.65,0.0,3.8773184,89.68235
2024-07-21 07:00:00+05:30,28.5,0.0,3.6179552,85.85524
2024-07-21 08:00:00+05:30,29.25,0.0,2.5959969,81.9615
2024-07-21 09:00:00+05:30,30.2,0.0,2.52,79.45707
2024-07-21 10:00:00+05:30,30.9,0.1,2.968636,76.337
2024-07-21 11:00:00+05:30,31.25,0.1,4.198285,76.16526
2024-07-21 12:00:00+05:30,31.7,0.1,2.968636,76.010155
2024-07-21 13:00:00+05:30,32.15,0.1,2.3051248,75.1923
2024-07-21 14:00:00+05:30,32.15,0.2,1.9386592,76.74985
2024-07-21 15:00:00+05:30,31.45,0.3,2.5455842,78.69722
2024-07-21 16:00:00+05:30,28.35,11.8,6.489992,88.94231
2024-07-21 17:00:00+05:30,27.9,0.5,5.6920996,92.11634
2024-07-21 18:00:00+05:30,28.15,1.6,2.9024127,92.94674
2024-07-21 19:00:00+05:30,27.7,0.1,2.4149535,96.83061
2024-07-21 20:00:00+05:30,27.85,1.4,2.3051248,96.26797
2024-07-21 21:00:00+05:30,27.0,4.0,3.396233,98.25125
2024-07-21 22:00:00+05:30,26.3,2.8,3.396233,99.41107
2024-07-21 23:00:00+05:30,26.1,3.9,2.2768397,97.948875
2024-07-22 00:00:00+05:30,26.0,3.8,1.835647,97.36769
2024-07-22 01:00:00+05:30,25.85,3.5,0.71999997,95.64197
2024-07-22 02:00:00+05:30,25.8,11.6,4.452954,96.78638
2024-07-22 03:00:00+05:30,25.8,34.1,4.6938252,97.36386
2024-07-22 04:00:00+05:30,25.85,31.1,4.6102495,97.3648
2024-07-22 05:00:00+05:30,25.9,9.8,3.2599385,97.36579
2024-07-22 06:00:00+05:30,26.3,0.9,1.8,92.300934
2024-07-22 07:00:00+05:30,26.45,0.8,2.4149535,92.30915
2024-07-22 08:00:00+05:30,26.55,1.6,1.484318,91.493484
2024-07-22 09:00:00+05:30,27.25,1.1,2.0364676,90.99436
2024-07-22 10:00:00+05:30,27.85,0.6,4.1046314,85.79205
2024-07-22 11:00:00+05:30,28.55,0.1,4.896529,86.36972
2024-07-22 12:00:00+05:30,29.9,0.1,4.452954,80.1246
2024-07-22 13:00:00+05:30,30.7,0.1,3.7064266,76.98635
2024-07-22 14:00:00+05:30,31.1,0.0,2.9024127,75.47107
2024-07-22 15:00:00+05:30,31.2,0.0,2.9024127,72.85432
2024-07-22 16:00:00+05:30,29.1,5.3,3.096837,81.70071
2024-07-22 17:00:00+05:30,27.35,1.9,5.771239,92.35836
2024-07-22 18:00:00+05:30,27.05,0.0,2.3051248,89.10654
2024-07-22 19:00:00+05:30,26.7,0.9,2.0364676,90.68859
2024-07-22 20:00:00+05:30,26.45,4.2,3.2599385,96.229774
2024-07-22 21:00:00+05:30,26.5,1.5,2.2768397,96.51659
2024-07-22 22:00:00+05:30,26.45,0.4,3.4152596,96.51532
2024-07-22 23:00:00+05:30,26.1,0.1,6.379216,96.5064
2024-07-23 00:00:00+05:30,25.95,0.0,4.2136917,95.0772
2024-07-23 01:00:00+05:30,25.95,0.1,4.1046314,95.0772
2024-07-23 02:00:00+05:30,26.1,0.1,2.1897945,95.64987
2024-07-23 03:00:00+05:30,26.1,1.3,1.835647,95.36582
2024-07-23 04:00:00+05:30,26.0,0.5,2.5455842,94.51419
2024-07-23 05:00:00+05:30,25.95,0.3,2.7416782,94.23084
2024-07-23 06:00:00+05:30,26.3,0.6,3.4152596,94.52613
2024-07-23 07:00:00+05:30,26.65,0.1,5.154415,92.59511
2024-07-23 08:00:00+05:30,26.75,0.6,6.638072,90.9624
2024-07-23 09:00:00+05:30,27.85,0.3,5.506941,90.22902
2024-07-23 10:00:00+05:30,27.45,0.3,4.0249224,92.63726
2024-07-23 11:00:00+05:30,28.8,0.5,0.5091169,88.97694
2024-07-23 12:00:00+05:30,29.95,0.4,1.835647,83.99989
2024-07-23 13:00:00+05:30,30.55,0.3,1.484318,82.1172
2024-07-23 14:00:00+05:30,30.35,0.3,2.2768397,82.09337
2024-07-23 15:00:00+05:30,29.45,0.1,1.8,85.69447
2024-07-23 16:00:00+05:30,29.35,0.1,1.9386592,84.93094
2024-07-23 17:00:00+05:30,28.75,0.0,1.835647,86.90003
2024-07-23 18:00:00+05:30,27.8,0.0,2.2768397,88.8998
2024-07-23 19:00:00+05:30,27.6,0.0,5.315336,88.6208
2024-07-23 20:00:00+05:30,27.25,0.0,2.52,91.80738
2024-07-23 21:00:00+05:30,26.95,0.1,4.0249224,95.112755
2024-07-23 22:00:00+05:30,26.75,0.0,2.16,95.387665
2024-07-23 23:00:00+05:30,27.0,0.0,2.16,93.44076
2024-07-24 00:00:00+05:30,26.4,0.0,2.8116899,96.22844
2024-07-24 01:00:00+05:30,26.5,0.0,2.9024127,94.81503
2024-07-24 02:00:00+05:30,26.2,0.0,3.2599385,95.08612
2024-07-24 03:00:00+05:30,25.9,0.1,3.563818,96.214645
2024-07-24 04:00:00+05:30,25.9,0.4,4.896529,95.643524
2024-07-24 05:00:00+05:30,26.15,0.1,3.396233,95.36754
2024-07-24 06:00:00+05:30,27.6,0.0,3.6,90.74767
2024-07-24 07:00:00+05:30,28.6,0.1,3.096837,86.11932
2024-07-24 08:00:00+05:30,29.45,0.0,3.9763298,81.98557
2024-07-24 09:00:00+05:30,30.45,0.1,4.2136917,80.90767
2024-07-24 10:00:00+05:30,31.2,0.1,2.968636,79.591156
2024-07-24 11:00:00+05:30,32.05,0.1,3.319036,76.28687
2024-07-24 12:00:00+05:30,32.05,0.0,4.6938257,77.63811
2024-07-24 13:00:00+05:30,31.55,0.1,3.4152596,80.10475
2024-07-24 14:00:00+05:30,30.85,0.0,4.8433046,83.11973
2024-07-24 15:00:00+05:30,30.4,0.3,3.7064266,84.54187
2024-07-24 16:00:00+05:30,30.2,0.0,3.671294,85.26691
2024-07-24 17:00:00+05:30,29.85,0.0,3.6,85.98519
2024-07-24 18:00:00+05:30,29.8,0.0,4.0249224,85.4774
2024-07-24 19:00:00+05:30,29.3,0.8,7.10031,84.17766
2024-07-24 20:00:00+05:30,27.65,3.3,3.5455887,93.74714
2024-07-24 21:00:00+05:30,27.1,0.0,1.609969,97.676
2024-07-24 22:00:00+05:30,26.85,0.0,1.2979984,98.24929
2024-07-24 23:00:00+05:30,27.1,0.0,1.8,96.81672
2024-07-25 00:00:00+05:30,26.65,0.7,4.3349743,98.246765
2024-07-25 01:00:00+05:30,26.45,0.4,2.0991426,96.229774
2024-07-25 02:00:00+05:30,26.05,2.4,3.4152596,97.08008
2024-07-25 03:00:00+05:30,25.7,1.9,1.1384199,98.234406
2024-07-25 04:00:00+05:30,25.75,0.4,1.8,97.943565
2024-07-25 05:00:00+05:30,25.9,0.2,3.0758414,97.076866
2024-07-25 06:00:00+05:30,26.85,0.6,2.5959969,94.268196
2024-07-25 07:00:00+05:30,27.55,0.1,2.1897945,89.94142
2024-07-25 08:00:00+05:30,27.9,0.0,5.937272,89.17118
2024-07-25 09:00:00+05:30,29.25,0.1,5.5887027,84.67057
2024-07-25 10:00:00+05:30,30.2,0.4,6.830519,84.27357
2024-07-25 11:00:00+05:30,30.75,0.4,6.4799995,82.3819
2024-07-25 12:00:00+05:30,31.35,0.4,5.3999996,81.97256
2024-07-25 13:00:00+05:30,32.0,0.4,5.3517847,78.77318
2024-07-25 14:00:00+05:30,30.9,3.4,3.563818,82.88281
2024-07-25 15:00:00+05:30,28.25,17.8,5.6233797,92.40713
2024-07-25 16:00:00+05:30,29.05,0.1,1.8,87.956276
2024-07-25 17:00:00+05:30,29.1,0.0,3.096837,88.73902
2024-07-25 18:00:00+05:30,27.4,0.6,4.6800003,91.81615
2024-07-25 19:00:00+05:30,27.1,0.0,2.4149535,95.11804
2024-07-25 20:00:00+05:30,27.0,0.0,2.5455842,96.24486
2024-07-25 21:00:00+05:30,27.25,0.0,2.0991426,94.84306
2024-07-25 22:00:00+05:30,27.45,0.0,1.1384199,93.738174
2024-07-25 23:00:00+05:30,26.45,0.0,3.0758414,97.66487
2024-07-26 00:00:00+05:30,26.6,0.0,3.8268526,97.09183
2024-07-26 01:00:00+05:30,26.55,0.0,4.6102495,96.80396
2024-07-26 02:00:00+05:30,26.6,0.0,6.193674,96.519135
2024-07-26 03:00:00+05:30,26.55,0.0,5.495161,96.23255
2024-07-26 04:00:00+05:30,26.55,0.0,5.4477882,95.94797
2024-07-26 05:00:00+05:30,27.0,0.0,8.647496,96.52924
2024-07-26 06:00:00+05:30,27.85,0.2,11.966953,95.70475
2024-07-26 07:00:00+05:30,28.0,0.0,11.525623,93.213005
2024-07-26 08:00:00+05:30,29.95,0.0,9.565437,85.492195
2024-07-26 09:00:00+05:30,31.85,0.0,12.904882,78.29347
2024-07-26 10:00:00+05:30,33.25,0.0,14.372974,74.4919
2024-07-26 11:00:00+05:30,34.45,0.0,15.315873,70.2724
2024-07-26 12:00:00+05:30,35.15,0.0,14.48972,67.59513
2024-07-26 13:00:00+05:30,35.3,0.0,14.33234,67.03655
2024-07-26 14:00:00+05:30,35.45,0.1,13.207634,64.95101
2024-07-26 15:00:00+05:30,35.0,0.0,13.797913,65.04918
2024-07-26 16:00:00+05:30,34.5,0.1,10.829959,67.66705
2024-07-26 17:00:00+05:30,33.3,0.0,7.8954163,72.35769
2024-07-26 18:00:00+05:30,32.15,0.0,12.758432,70.47544
2024-07-26 19:00:00+05:30,31.45,0.0,10.805999,73.98227
2024-07-26 20:00:00+05:30,30.7,0.0,8.759178,78.131035
2024-07-26 21:00:00+05:30,30.05,0.0,7.491114,78.73498
2024-07-26 22:00:00+05:30,29.65,0.0,7.2,76.14619
2024-07-26 23:00:00+05:30,29.75,0.0,8.049845,70.671
2024-07-27 00:00:00+05:30,30.25,0.0,0.71999997,65.632835
2024-07-27 01:00:00+05:30,27.75,0.0,4.198285,85.52719
2024-07-27 02:00:00+05:30,27.2,0.0,1.2979984,92.3502
2024-07-27 03:00:00+05:30,27.3,0.0,4.3349743,89.125595
2024-07-27 04:00:00+05:30,26.9,0.0,4.510787,90.432274
2024-07-27 05:00:00+05:30,27.05,0.0,6.151683,89.10654
2024-07-27 06:00:00+05:30,29.6,0.0,2.4149535,81.03945
2024-07-27 07:00:00+05:30,30.8,0.0,3.563818,81.42801
2024-07-27 08:00:00+05:30,31.9,0.0,6.1094027,79.684296
2024-07-27 09:00:00+05:30,33.55,0.0,7.127636,70.72767
2024-07-27 10:00:00+05:30,34.85,0.0,8.587338,64.82826
2024-07-27 11:00:00+05:30,35.8,0.0,11.183201,62.054592
2024-07-27 12:00:00+05:30,36.35,0.0,10.495713,60.559593
2024-07-27 13:00:00+05:30,36.65,0.0,10.805998,58.87805
2024-07-27 14:00:00+05:30,36.2,0.0,10.990322,60.349304
2024-07-27 15:00:00+05:30,34.35,0.0,11.019764,68.234184
2024-07-27 16:00:00+05:30,33.1,0.1,8.699793,74.25094
2024-07-27 17:00:00+05:30,32.2,0.0,5.00128,79.492294
2024-07-27 18:00:00+05:30,31.45,0.0,5.0528407,78.00798
2024-07-27 19:00:00+05:30,32.9,0.0,3.5455887,66.17031
2024-07-27 20:00:00+05:30,31.1,0.0,11.252519,76.36731
2024-07-27 21:00:00+05:30,29.6,0.0,10.24578,84.209694
2024-07-27 22:00:00+05:30,28.9,0.0,7.5942073,86.657684
2024-07-27 23:00:00+05:30,28.3,0.0,7.208994,89.2014
2024-07-28 00:00:00+05:30,27.9,0.0,6.6087217,92.93416
2024-07-28 01:00:00+05:30,27.4,0.1,5.6920996,93.73592
2024-07-28 02:00:00+05:30,27.2,1.1,7.5170207,92.624115
2024-07-28 03:00:00+05:30,26.85,0.1,6.849467,95.10921
2024-07-28 04:00:00+05:30,26.85,0.0,1.1384199,93.71114
2024-07-28 05:00:00+05:30,27.0,0.0,1.2979984,92.61358
2024-07-28 06:00:00+05:30,27.3,0.0,7.0911775,92.08263
2024-07-28 07:00:00+05:30,28.55,0.0,5.0911684,84.597534
2024-07-28 08:00:00+05:30,29.85,0.0,5.3517847,80.593216
2024-07-28 09:00:00+05:30,30.95,0.0,5.495161,76.11946
2024-07-28 10:00:00+05:30,31.65,0.0,6.725354,74.67244
2024-07-28 11:00:00+05:30,32.65,0.0,6.130579,69.32818
2024-07-28 12:00:00+05:30,34.05,0.0,4.8965297,63.716316
2024-07-28 13:00:00+05:30,34.5,0.0,5.4833565,62.32292
2024-07-28 14:00:00+05:30,34.4,0.0,6.8399997,64.16674
2024-07-28 15:00:00+05:30,34.15,0.2,1.9386592,64.304054
2024-07-28 16:00:00+05:30,33.6,0.0,3.6179552,67.69171
2024-07-28 17:00:00+05:30,32.5,0.0,4.6938257,76.80186
2024-07-28 18:00:00+05:30,31.1,0.0,7.9526596,76.36731
2024-07-28 19:00:00+05:30,29.3,0.0,11.212135,77.93096
2024-07-28 20:00:00+05:30,28.6,0.0,6.924738,80.91304
2024-07-28 21:00:00+05:30,28.5,0.0,3.9763298,83.09819
2024-07-28 22:00:00+05:30,28.25,0.0,3.319036,84.56603
2024-07-28 23:00:00+05:30,27.45,0.6,6.763786,88.34587
2024-07-29 00:00:00+05:30,26.85,0.7,7.5685663,89.8917
2024-07-29 01:00:00+05:30,26.9,1.1,7.653705,89.361115
2024-07-29 02:00:00+05:30,26.25,1.5,8.049845,91.74885
2024-07-29 03:00:00+05:30,25.9,6.0,5.0911684,94.228745
2024-07-29 04:00:00+05:30,25.85,1.9,5.0911684,94.79058
2024-07-29 05:00:00+05:30,26.05,1.6,5.6002855,95.64829
2024-07-29 06:00:00+05:30,28.55,0.0,2.9024127,87.13914
2024-07-29 07:00:00+05:30,29.55,0.0,1.9386592,81.27335
2024-07-29 08:00:00+05:30,30.15,0.0,3.4152596,79.6854
2024-07-29 09:00:00+05:30,30.8,0.0,6.9899354,78.60699
2024-07-29 10:00:00+05:30,31.2,0.1,8.049845,77.74349
2024-07-29 11:00:00+05:30,30.4,0.1,6.489992,81.37872
2024-07-29 12:00:00+05:30,31.15,0.1,6.9153743,78.65567
2024-07-29 13:00:00+05:30,31.85,0.1,2.5959969,74.704445
2024-07-29 14:00:00+05:30,30.75,1.3,2.5455842,78.60003
2024-07-29 15:00:00+05:30,30.4,0.0,3.7064266,80.663635
2024-07-29 16:00:00+05:30,30.35,0.0,0.8049845,81.133484
2024-07-29 17:00:00+05:30,30.0,0.0,1.835647,85.49711
2024-07-29 18:00:00+05:30,28.7,0.1,2.0991426,88.707664
2024-07-29 19:00:00+05:30,28.15,0.0,3.319036,90.24959
2024-07-29 20:00:00+05:30,28.6,0.0,1.0182338,85.86493
2024-07-29 21:00:00+05:30,27.95,0.0,2.7416782,91.30783
2024-07-29 22:00:00+05:30,27.7,0.5,2.3051248,92.92407
2024-07-29 23:00:00+05:30,27.2,3.1,3.219938,95.121574
2024-07-30 00:00:00+05:30,27.15,0.2,2.2768397,95.9656
2024-07-30 01:00:00+05:30,27.05,0.2,3.319036,96.246216
2024-07-30 02:00:00+05:30,26.7,0.2,5.4477882,96.80743
2024-07-30 03:00:00+05:30,26.5,2.1,3.319036,95.94645
2024-07-30 04:00:00+05:30,26.1,2.4,5.771239,96.220146
2024-07-30 05:00:00+05:30,26.2,0.0,1.609969,94.52215
2024-07-30 06:00:00+05:30,27.35,0.0,1.9386592,92.35836
2024-07-30 07:00:00+05:30,28.0,0.0,3.8268526,88.65253
2024-07-30 08:00:00+05:30,29.0,0.0,5.6233797,83.896904
2024-07-30 09:00:00+05:30,29.95,0.1,6.618519,82.77375
2024-07-30 10:00:00+05:30,30.8,0.1,6.9153743,79.5377
2024-07-30 11:00:00+05:30,31.25,0.2,5.0911684,77.06773
2024-07-30 12:00:00+05:30,31.1,0.3,3.671294,78.41791
2024-07-30 13:00:00+05:30,31.05,0.4,4.6938252,79.10528
2024-07-30 14:00:00+05:30,30.7,1.6,4.802999,79.99349
2024-07-30 15:00:00+05:30,30.85,0.5,3.7585104,79.77848
2024-07-30 16:00:00+05:30,29.5,5.3,4.8965297,83.211624
2024-07-30 17:00:00+05:30,29.1,0.1,4.198285,87.9604
2024-07-30 18:00:00+05:30,28.15,0.0,2.52,91.32015
2024-07-30 19:00:00+05:30,27.8,0.0,3.96,91.83935
2024-07-30 20:00:00+05:30,27.55,0.0,3.7064266,92.09671
2024-07-30 21:00:00+05:30,27.1,0.3,4.5820518,94.27852
2024-07-30 22:00:00+05:30,27.25,0.3,3.4152596,92.62676
2024-07-30 23:00:00+05:30,26.6,0.9,2.5455842,95.9494
2024-07-31 00:00:00+05:30,25.95,4.4,1.484318,96.50257
2024-07-31 01:00:00+05:30,25.65,1.7,2.0991426,97.94206
2024-07-31 02:00:00+05:30,25.45,0.3,2.5959969,97.06721
2024-07-31 03:00:00+05:30,25.5,0.2,5.0528407,96.49103
2024-07-31 04:00:00+05:30,25.65,0.3,5.3517847,94.78302
2024-07-31 05:00:00+05:30,25.75,0.0,5.95906,94.222496
2024-07-31 06:00:00+05:30,27.45,0.1,3.4152596,91.819016
2024-07-31 07:00:00+05:30,28.7,0.1,4.39436,84.61322
2024-07-31 08:00:00+05:30,29.2,0.2,1.835647,81.22969
2024-07-31 09:00:00+05:30,29.45,0.1,4.1046314,81.50184
2024-07-31 10:00:00+05:30,30.9,0.1,1.08,76.789085
2024-07-31 11:00:00+05:30,30.95,0.1,5.771239,76.34455
2024-07-31 12:00:00+05:30,32.25,0.0,5.4119864,71.330956
2024-07-31 13:00:00+05:30,32.65,0.0,3.4152596,70.56586
2024-07-31 14:00:00+05:30,32.9,0.0,3.6179552,68.359085
2024-07-31 15:00:00+05:30,31.3,1.6,6.638072,74.83691
2024-07-31 16:00:00+05:30,31.05,0.0,1.2979984,76.13476
2024-07-31 17:00:00+05:30,30.05,0.0,2.9024127,83.51865
2024-07-31 18:00:00+05:30,29.8,0.4,5.8603754,83.24543
2024-07-31 19:00:00+05:30,28.65,0.0,6.618519,87.14798
2024-07-31 20:00:00+05:30,27.9,0.0,3.6,92.11634
2024-07-31 21:00:00+05:30,27.75,0.0,5.1544156,92.65299
2024-07-31 22:00:00+05:30,27.35,0.0,3.8939953,94.84679
2024-07-31 23:00:00+05:30,26.7,0.0,4.1046314,97.09394
2024-08-01 00:00:00+05:30,26.8,0.0,3.7585104,96.52424
2024-08-01 01:00:00+05:30,26.75,0.0,3.7585104,96.23803
2024-08-01 02:00:00+05:30,26.4,0.0,1.8,96.80046
2024-08-01 03:00:00+05:30,26.15,0.0,3.2399998,97.37062
2024-08-01 04:00:00+05:30,25.75,0.0,2.7416782,97.073654
2024-08-01 05:00:00+05:30,26.55,0.0,5.3517847,93.697586
2024-08-01 06:00:00+05:30,27.95,0.3,10.739833,88.386406
2024-08-01 07:00:00+05:30,27.15,0.3,16.595179,87.79646
2024-08-01 08:00:00+05:30,27.2,0.1,18.751125,87.01852
2024-08-01 09:00:00+05:30,28.35,0.1,15.137133,83.08107
2024-08-01 10:00:00+05:30,30.05,0.0,19.353138,78.27005
2024-08-01 11:00:00+05:30,29.9,0.0,19.64228,77.78588
2024-08-01 12:00:00+05:30,31.3,0.0,20.12461,72.87133
2024-08-01 13:00:00+05:30,31.55,0.0,18.03237,73.780556
2024-08-01 14:00:00+05:30,31.7,0.0,13.570615,74.68041
2024-08-01 15:00:00+05:30,31.7,0.0,12.229406,75.34272
2024-08-01 16:00:00+05:30,31.35,0.0,12.413477,77.30941
2024-08-01 17:00:00+05:30,30.45,0.1,5.0911684,79.72534
2024-08-01 18:00:00+05:30,30.25,0.0,13.004921,60.093678
2024-08-01 19:00:00+05:30,29.25,0.0,14.264361,66.835495
2024-08-01 20:00:00+05:30,28.4,0.0,13.004921,72.81185
2024-08-01 21:00:00+05:30,27.4,0.0,6.162207,80.03384
2024-08-01 22:00:00+05:30,27.0,0.0,1.2979984,90.17035
2024-08-01 23:00:00+05:30,26.85,0.5,1.2979984,90.42885
2024-08-02 00:00:00+05:30,26.6,0.6,2.16,89.60592
2024-08-02 01:00:00+05:30,26.5,0.7,3.319036,91.76353
2024-08-02 02:00:00+05:30,26.3,0.7,3.6179552,92.026
2024-08-02 03:00:00+05:30,26.25,2.8,1.4399999,91.74885
2024-08-02 04:00:00+05:30,25.8,1.3,2.5959969,94.50627
2024-08-02 05:00:00+05:30,25.6,2.4,6.439876,93.93485
2024-08-02 06:00:00+05:30,25.7,0.9,2.2768397,93.65885
2024-08-02 07:00:00+05:30,26.2,0.1,6.439876,90.384766
2024-08-02 08:00:00+05:30,26.5,0.2,7.5685663,88.26828
2024-08-02 09:00:00+05:30,26.55,0.2,7.9932976,89.06825
2024-08-02 10:00:00+05:30,27.75,0.0,5.771239,84.01042
2024-08-02 11:00:00+05:30,28.85,0.1,5.0142193,79.510864
2024-08-02 12:00:00+05:30,28.85,0.8,4.6938252,81.42772
2024-08-02 13:00:00+05:30,27.2,2.3,5.00128,88.32555
2024-08-02 14:00:00+05:30,27.35,1.2,3.0758414,89.12937
2024-08-02 15:00:00+05:30,27.35,0.6,3.2599385,90.731316
2024-08-02 16:00:00+05:30,27.1,2.0,4.6938252,93.1692
2024-08-02 17:00:00+05:30,26.45,4.2,2.5455842,94.25163
2024-08-02 18:00:00+05:30,27.1,0.3,2.0991426,94.27852
2024-08-02 19:00:00+05:30,26.8,0.1,4.5536795,95.38934
2024-08-02 20:00:00+05:30,26.5,0.2,4.3349743,96.23116
2024-08-02 21:00:00+05:30,26.25,0.5,2.6208394,98.24158
2024-08-02 22:00:00+05:30,26.1,1.3,4.0249224,99.1164
2024-08-02 23:00:00+05:30,26.0,0.7,4.1046314,98.822495
2024-08-03 00:00:00+05:30,26.0,1.1,3.396233,97.36769
2024-08-03 01:00:00+05:30,25.7,3.6,3.0547013,96.49619
2024-08-03 02:00:00+05:30,25.45,4.8,2.7416782,96.778076
2024-08-03 03:00:00+05:30,25.25,0.7,5.00128,97.64419
2024-08-03 04:00:00+05:30,25.1,0.0,5.1544156,95.61805
2024-08-03 05:00:00+05:30,25.0,1.2,5.8048253,95.32858
2024-08-03 06:00:00+05:30,25.35,10.4,5.8048253,93.36244
2024-08-03 07:00:00+05:30,25.4,3.1,3.2399998,94.20783
2024-08-03 08:00:00+05:30,25.4,1.2,6.6087217,93.08533
2024-08-03 09:00:00+05:30,25.75,1.2,5.692099,91.71935
2024-08-03 10:00:00+05:30,26.25,0.4,6.6185193,89.31236
2024-08-03 11:00:00+05:30,28.0,0.3,1.5273507,82.79353
2024-08-03 12:00:00+05:30,28.5,0.4,2.1897945,81.3843
2024-08-03 13:00:00+05:30,29.4,0.1,6.638072,76.107765
2024-08-03 14:00:00+05:30,29.2,0.1,9.422101,77.2222
2024-08-03 15:00:00+05:30,29.05,0.0,8.669949,76.73973
2024-08-03 16:00:00+05:30,28.65,0.0,8.759178,77.1407
2024-08-03 17:00:00+05:30,27.9,0.2,4.452954,83.277916
2024-08-03 18:00:00+05:30,25.9,0.0,4.8433046,92.83231
2024-08-03 19:00:00+05:30,25.65,0.0,4.1046314,93.65655
2024-08-03 20:00:00+05:30,25.65,0.0,4.510787,94.5003
2024-08-03 21:00:00+05:30,25.3,0.0,4.0249224,96.198
2024-08-03 22:00:00+05:30,25.6,0.0,3.219938,93.93485
2024-08-03 23:00:00+05:30,24.85,0.0,3.219938,96.76386
2024-08-04 00:00:00+05:30,24.75,0.0,2.2768397,96.7615
2024-08-04 01:00:00+05:30,24.55,0.0,2.8116899,96.75676
2024-08-04 02:00:00+05:30,25.45,0.0,3.096837,90.60565
2024-08-04 03:00:00+05:30,25.0,0.0,1.835647,91.95147
2024-08-04 04:00:00+05:30,24.45,0.1,3.6,94.45213
2024-08-04 05:00:00+05:30,25.25,0.2,1.4399999,90.86555
2024-08-04 06:00:00+05:30,25.55,0.4,5.1165614,93.37201
2024-08-04 07:00:00+05:30,26.25,0.1,2.8116899,90.9303
2024-08-04 08:00:00+05:30,28.45,0.1,3.8773184,83.339966
2024-08-04 09:00:00+05:30,29.0,0.0,4.6938257,82.90902
2024-08-04 10:00:00+05:30,29.5,0.2,3.7585104,81.99161
2024-08-04 11:00:00+05:30,30.3,0.3,2.0991426,78.76965
2024-08-04 12:00:00+05:30,30.85,0.1,4.0249224,74.76493
2024-08-04 13:00:00+05:30,31.2,0.0,6.4096174,75.26418
2024-08-04 14:00:00+05:30,30.7,0.3,7.628263,79.52428
2024-08-04 15:00:00+05:30,30.0,0.2,7.771331,82.53624
2024-08-04 16:00:00+05:30,29.8,0.0,5.6233797,83.73699
2024-08-04 17:00:00+05:30,29.45,0.0,2.16,86.45361
2024-08-04 18:00:00+05:30,27.9,0.0,3.0758414,90.49952
2024-08-04 19:00:00+05:30,27.3,0.0,4.1046314,93.73145
2024-08-04 20:00:00+05:30,27.0,0.0,2.9024127,94.833755
2024-08-04 21:00:00+05:30,26.85,0.0,2.8116899,93.989296
2024-08-04 22:00:00+05:30,26.6,0.0,3.319036,93.978455
2024-08-04 23:00:00+05:30,26.35,0.0,3.396233,93.967606
2024-08-05 00:00:00+05:30,26.45,0.0,4.6938252,92.30915
2024-08-05 01:00:00+05:30,26.25,0.0,5.8603754,92.57386
2024-08-05 02:00:00+05:30,25.95,0.0,6.130579,92.83488
2024-08-05 03:00:00+05:30,25.75,0.0,4.379589,93.38156
2024-08-05 04:00:00+05:30,25.5,0.0,3.0758414,94.77733
2024-08-05 05:00:00+05:30,25.6,0.0,3.9763298,93.65428
2024-08-05 06:00:00+05:30,26.6,0.0,0.35999998,89.87388
2024-08-05 07:00:00+05:30,27.2,0.1,2.2768397,87.53929
2024-08-05 08:00:00+05:30,27.75,0.1,2.1897945,85.01896
2024-08-05 09:00:00+05:30,28.45,0.2,5.3517847,82.3539
2024-08-05 10:00:00+05:30,28.75,0.1,7.289445,81.41533
2024-08-05 11:00:00+05:30,29.6,0.1,6.696387,80.08521
2024-08-05 12:00:00+05:30,29.95,0.2,5.3999996,78.721054
2024-08-05 13:00:00+05:30,28.8,3.7,2.16,79.74163
2024-08-05 14:00:00+05:30,28.3,0.2,2.3051248,85.07515
2024-08-05 15:00:00+05:30,29.0,0.1,0.0,82.90902
2024-08-05 16:00:00+05:30,28.8,0.0,1.8,83.13234
2024-08-05 17:00:00+05:30,28.2,0.1,3.8773184,88.66831
2024-08-05 18:00:00+05:30,26.55,5.6,4.8965297,93.41954
2024-08-05 19:00:00+05:30,26.25,6.7,3.7585104,94.5241
2024-08-05 20:00:00+05:30,26.05,6.1,2.0991426,95.64829
2024-08-05 21:00:00+05:30,25.95,5.2,0.8049845,95.0772
2024-08-05 22:00:00+05:30,25.75,3.2,0.35999998,96.78519
2024-08-05 23:00:00+05:30,25.65,2.1,3.219938,96.49488
2024-08-06 00:00:00+05:30,25.4,2.5,3.6179552,97.066124
2024-08-06 01:00:00+05:30,25.3,3.3,3.0758414,97.64506
2024-08-06 02:00:00+05:30,25.35,7.6,3.319036,97.93751
2024-08-06 03:00:00+05:30,25.3,14.8,5.5887027,97.64506
2024-08-06 04:00:00+05:30,25.2,14.0,5.5887027,97.64332
2024-08-06 05:00:00+05:30,25.05,5.1,6.162207,98.22595
2024-08-06 06:00:00+05:30,25.1,0.5,3.319036,96.76978
2024-08-06 07:00:00+05:30,25.25,6.9,1.9386592,96.1966
2024-08-06 08:00:00+05:30,25.4,9.9,3.219938,95.62764
2024-08-06 09:00:00+05:30,25.3,8.6,4.8965297,96.774574
2024-08-06 10:00:00+05:30,25.3,4.5,5.495161,95.62443
2024-08-06 11:00:00+05:30,25.9,2.9,3.096837,93.38872
2024-08-06 12:00:00+05:30,26.25,1.6,3.7585104,92.29812
2024-08-06 13:00:00+05:30,26.55,0.8,2.6208394,91.22121
2024-08-06 14:00:00+05:30,26.75,1.7,2.2768397,91.50557
2024-08-06 15:00:00+05:30,26.7,0.7,4.3498964,91.50255
2024-08-06 16:00:00+05:30,26.75,0.6,4.0249224,90.9624
2024-08-06 17:00:00+05:30,26.75,0.3,1.609969,92.875854
2024-08-06 18:00:00+05:30,26.2,0.1,4.3498964,93.40294
2024-08-06 19:00:00+05:30,26.05,0.2,3.6,93.67486
2024-08-06 20:00:00+05:30,25.85,0.2,2.6208394,94.22667
2024-08-06 21:00:00+05:30,26.5,0.1,2.0364676,90.1356
2024-08-06 22:00:00+05:30,25.55,0.0,3.2599385,95.91832
2024-08-06 23:00:00+05:30,25.55,0.0,3.0758414,96.20494
2024-08-07 00:00:00+05:30,25.35,0.0,3.5455887,96.77572
2024-08-07 01:00:00+05:30,25.8,0.0,2.52,93.38394
2024-08-07 02:00:00+05:30,25.3,0.0,3.396233,95.62443
2024-08-07 03:00:00+05:30,25.3,0.1,3.8268526,95.33881
2024-08-07 04:00:00+05:30,24.8,0.3,2.8116899,97.05314
2024-08-07 05:00:00+05:30,25.1,0.0,3.319036,95.33196
2024-08-07 06:00:00+05:30,26.95,0.0,4.0249224,88.83362
2024-08-07 07:00:00+05:30,27.95,0.0,3.6179552,84.53449
2024-08-07 08:00:00+05:30,28.75,0.0,4.829907,81.41533
2024-08-07 09:00:00+05:30,29.45,0.0,2.5455842,79.1203
2024-08-07 10:00:00+05:30,30.25,0.0,3.219938,76.23802
2024-08-07 11:00:00+05:30,30.55,0.0,1.835647,75.161606
2024-08-07 12:00:00+05:30,30.8,0.0,5.904439,74.53568
2024-08-07 13:00:00+05:30,31.0,0.0,2.7416782,73.2538
2024-08-07 14:00:00+05:30,30.5,0.1,4.0249224,75.82542
2024-08-07 15:00:00+05:30,30.15,0.2,4.8433046,78.284195
2024-08-07 16:00:00+05:30,27.6,7.3,4.0249224,88.35805
2024-08-07 17:00:00+05:30,27.25,0.1,5.04,91.26468
2024-08-07 18:00:00+05:30,26.45,0.0,2.5959969,92.860535
2024-08-07 19:00:00+05:30,26.4,0.0,4.0249224,93.690765
2024-08-07 20:00:00+05:30,26.9,0.0,1.8,89.89531
2024-08-07 21:00:00+05:30,26.2,1.8,2.968636,93.68167
2024-08-07 22:00:00+05:30,25.55,2.2,8.891343,94.49632
2024-08-07 23:00:00+05:30,25.25,1.4,5.3517847,96.1966
2024-08-08 00:00:00+05:30,24.8,0.3,7.5942073,97.63635
2024-08-08 01:00:00+05:30,24.8,0.5,4.68,97.34439
2024-08-08 02:00:00+05:30,24.85,0.5,3.7585104,97.34534
2024-08-08 03:00:00+05:30,24.9,1.4,3.6179552,97.05532
2024-08-08 04:00:00+05:30,25.0,0.1,2.0991426,96.76745
2024-08-08 05:00:00+05:30,25.2,0.0,1.9386592,95.90786
2024-08-08 06:00:00+05:30,26.15,0.7,1.2979984,92.56854
2024-08-08 07:00:00+05:30,26.2,1.6,3.8268526,93.124985
2024-08-08 08:00:00+05:30,26.65,1.3,7.208994,90.95602
2024-08-08 09:00:00+05:30,27.3,0.9,8.4042845,89.125595
2024-08-08 10:00:00+05:30,27.8,0.3,4.452954,86.81396
2024-08-08 11:00:00+05:30,29.5,0.5,3.319036,79.834915
2024-08-08 12:00:00+05:30,29.4,0.3,1.835647,82.466
2024-08-08 13:00:00+05:30,29.55,0.4,1.1384199,82.4836
2024-08-08 14:00:00+05:30,29.25,0.3,4.3349743,83.429634
2024-08-08 15:00:00+05:30,27.35,7.6,5.154415,90.194565
2024-08-08 16:00:00+05:30,27.05,0.1,4.8433046,92.06852
2024-08-08 17:00:00+05:30,26.7,0.1,1.1384199,94.26199
2024-08-08 18:00:00+05:30,25.9,0.2,7.42159,92.83231
2024-08-08 19:00:00+05:30,25.5,0.1,3.096837,95.061066
2024-08-08 20:00:00+05:30,25.55,0.1,2.52,96.20494
2024-08-08 21:00:00+05:30,25.3,0.1,2.4149535,97.936775
2024-08-08 22:00:00+05:30,25.45,0.2,2.9024127,96.778076
2024-08-08 23:00:00+05:30,26.0,0.2,2.0991426,93.393456
2024-08-09 00:00:00+05:30,25.55,1.2,1.609969,96.492355
2024-08-09 01:00:00+05:30,25.4,0.6,2.8116899,96.48848
2024-08-09 02:00:00+05:30,25.3,0.3,3.0547013,97.06397
2024-08-09 03:00:00+05:30,25.15,0.4,3.7585104,97.06073
2024-08-09 04:00:00+05:30,25.05,0.3,2.9024127,96.76866
2024-08-09 05:00:00+05:30,24.65,0.9,3.7585104,97.04989
2024-08-09 06:00:00+05:30,25.65,0.3,3.319036,95.35067
2024-08-09 07:00:00+05:30,25.85,1.8,3.319036,96.50002
2024-08-09 08:00:00+05:30,25.75,0.4,3.7064266,97.36286
2024-08-09 09:00:00+05:30,26.3,0.4,2.9024127,95.372604
2024-08-09 10:00:00+05:30,27.65,0.3,3.7585104,85.00871
2024-08-09 11:00:00+05:30,27.95,0.2,5.315336,85.547005
2024-08-09 12:00:00+05:30,28.45,0.2,6.28713,87.38819
2024-08-09 13:00:00+05:30,29.25,0.1,5.506941,80.27728
2024-08-09 14:00:00+05:30,29.5,0.0,3.4152596,79.12715
2024-08-09 15:00:00+05:30,29.6,0.1,1.835647,78.90624
2024-08-09 16:00:00+05:30,28.15,1.6,6.2145634,85.05985
2024-08-09 17:00:00+05:30,26.9,0.2,3.7064266,91.514626
2024-08-09 18:00:00+05:30,26.55,0.0,2.9024127,93.697586
2024-08-09 19:00:00+05:30,26.2,0.0,3.5455887,95.65304
2024-08-09 20:00:00+05:30,26.0,0.0,3.563818,96.50384
2024-08-09 21:00:00+05:30,26.35,0.0,2.5959969,95.09147
2024-08-09 22:00:00+05:30,25.65,0.0,3.0758414,97.94206
2024-08-09 23:00:00+05:30,26.15,0.2,2.3051248,94.801895
2024-08-10 00:00:00+05:30,26.0,0.1,1.835647,95.93166
2024-08-10 01:00:00+05:30,25.85,0.1,0.5091169,96.21326
2024-08-10 02:00:00+05:30,25.4,0.0,1.0182338,98.523506
2024-08-10 03:00:00+05:30,25.2,0.0,1.609969,98.81552
2024-08-10 04:00:00+05:30,24.9,0.0,1.484318,99.10852
2024-08-10 05:00:00+05:30,25.25,0.0,3.8268526,96.1966
2024-08-10 06:00:00+05:30,26.2,0.0,3.2399998,90.65555
2024-08-10 07:00:00+05:30,26.9,0.0,5.904439,88.037796
2024-08-10 08:00:00+05:30,27.9,0.0,3.319036,81.79778
2024-08-10 09:00:00+05:30,28.9,0.0,1.609969,78.34007
2024-08-10 10:00:00+05:30,29.1,0.0,1.08,78.602394
2024-08-10 11:00:00+05:30,29.8,0.2,3.8939953,78.46709
2024-08-10 12:00:00+05:30,28.5,0.5,2.8116899,84.59227
2024-08-10 13:00:00+05:30,28.45,0.3,4.2136917,84.58704
2024-08-10 14:00:00+05:30,28.05,0.1,3.5455887,87.35328
2024-08-10 15:00:00+05:30,28.55,0.1,1.9386592,85.86012
2024-08-10 16:00:00+05:30,28.75,0.1,2.3051248,83.62134
2024-08-10 17:00:00+05:30,28.35,0.0,2.6208394,85.333046
2024-08-10 18:00:00+05:30,27.25,0.0,1.484318,91.26468
2024-08-10 19:00:00+05:30,27.0,0.0,4.6800003,91.520645
2024-08-10 20:00:00+05:30,26.95,0.1,3.319036,91.7899
2024-08-10 21:00:00+05:30,26.75,0.1,3.5455887,92.325584
2024-08-10 22:00:00+05:30,26.55,0.8,4.1046314,92.04021
2024-08-10 23:00:00+05:30,25.9,4.6,5.3517847,94.792465
2024-08-11 00:00:00+05:30,25.8,0.2,2.8116899,95.64036
2024-08-11 01:00:00+05:30,25.55,0.4,4.2136917,97.06935
2024-08-11 02:00:00+05:30,25.35,0.4,3.671294,96.77572
2024-08-11 03:00:00+05:30,25.4,0.2,3.319036,96.48848
2024-08-11 04:00:00+05:30,25.3,0.3,4.32,96.48591
2024-08-11 05:00:00+05:30,25.25,1.6,3.5455887,95.90932
2024-08-11 06:00:00+05:30,26.6,0.0,2.0991426,92.8682
2024-08-11 07:00:00+05:30,27.45,0.0,2.5455842,88.872604
2024-08-11 08:00:00+05:30,27.75,0.1,3.6179552,87.847206
2024-08-11 09:00:00+05:30,28.6,0.1,3.096837,83.10958
2024-08-11 10:00:00+05:30,28.8,0.2,5.1919937,82.64036
2024-08-11 11:00:00+05:30,28.2,1.3,6.3690495,87.88513
2024-08-11 12:00:00+05:30,27.65,2.4,5.692099,88.10013
2024-08-11 13:00:00+05:30,28.15,0.5,4.1046314,88.14142
2024-08-11 14:00:00+05:30,27.35,4.4,3.096837,91.54168
2024-08-11 15:00:00+05:30,27.95,0.5,3.396233,83.78198
2024-08-11 16:00:00+05:30,27.3,0.2,4.68,90.997574
2024-08-11 17:00:00+05:30,26.85,0.2,2.9024127,93.71114
2024-08-11 18:00:00+05:30,26.45,0.1,1.9386592,96.229774
2024-08-11 19:00:00+05:30,26.3,0.0,2.968636,95.94059
2024-08-11 20:00:00+05:30,25.95,0.0,2.6208394,97.366745
2024-08-11 21:00:00+05:30,25.85,0.0,3.096837,97.65458
2024-08-11 22:00:00+05:30,26.1,0.0,1.08,95.93462
2024-08-11 23:00:00+05:30,25.85,0.2,2.16,97.65458
2024-08-12 00:00:00+05:30,25.7,1.6,3.0758414,96.78398
2024-08-12 01:00:00+05:30,25.6,0.4,4.452954,96.781624
2024-08-12 02:00:00+05:30,25.45,0.1,3.0758414,96.48975
2024-08-12 03:00:00+05:30,25.3,1.6,3.671294,95.910866
2024-08-12 04:00:00+05:30,25.2,0.5,3.5455887,97.061806
2024-08-12 05:00:00+05:30,25.45,0.4,2.8116899,95.343864
2024-08-12 06:00:00+05:30,26.3,0.1,3.0547013,93.40771
2024-08-12 07:00:00+05:30,26.75,0.5,1.609969,90.9624
2024-08-12 08:00:00+05:30,27.25,3.3,1.609969,87.022995
2024-08-12 09:00:00+05:30,26.95,2.0,1.0182338,89.09888
2024-08-12 10:00:00+05:30,28.25,0.4,3.319036,85.32302
2024-08-12 11:00:00+05:30,29.55,0.3,3.319036,83.709564
2024-08-12 12:00:00+05:30,30.2,0.6,7.2,79.927635
2024-08-12 13:00:00+05:30,30.15,1.3,5.8048253,78.284195
2024-08-12 14:00:00+05:30,29.9,0.8,6.87779,78.01702
2024-08-12 15:00:00+05:30,29.25,1.5,6.193674,81.235954
2024-08-12 16:00:00+05:30,28.6,0.5,7.7043357,85.10567
2024-08-12 17:00:00+05:30,28.0,0.2,4.072935,89.44285
2024-08-12 18:00:00+05:30,27.7,0.1,5.506941,91.833534
2024-08-12 19:00:00+05:30,27.05,3.7,4.5536795,90.98163
2024-08-12 20:00:00+05:30,26.15,4.7,6.763786,94.52017
2024-08-12 21:00:00+05:30,25.85,1.5,5.4477882,95.3574
2024-08-12 22:00:00+05:30,25.85,0.1,2.968636,95.92721
2024-08-12 23:00:00+05:30,25.65,0.4,3.2599385,96.49488
2024-08-13 00:00:00+05:30,25.45,0.1,2.968636,96.20215
2024-08-13 01:00:00+05:30,25.4,1.5,0.8049845,97.066124
2024-08-13 02:00:00+05:30,25.4,2.6,2.0991426,97.066124
2024-08-13 03:00:00+05:30,25.25,1.0,6.12,96.48459
2024-08-13 04:00:00+05:30,25.3,0.8,3.396233,95.62443
2024-08-13 05:00:00+05:30,25.2,2.5,5.692099,96.19518
2024-08-13 06:00:00+05:30,27.15,0.0,5.315336,90.18074
2024-08-13 07:00:00+05:30,28.05,0.0,0.0,86.32278
2024-08-13 08:00:00+05:30,28.8,0.1,4.6938252,84.62371
2024-08-13 09:00:00+05:30,29.85,0.2,3.319036,81.79197
2024-08-13 10:00:00+05:30,30.85,0.1,1.8,77.46431
2024-08-13 11:00:00+05:30,31.75,0.1,4.39436,73.37942
2024-08-13 12:00:00+05:30,32.15,0.1,5.8048253,71.5241
2024-08-13 13:00:00+05:30,32.6,0.1,5.6920996,70.142075
2024-08-13 14:00:00+05:30,32.3,0.1,5.6233797,71.33985
2024-08-13 15:00:00+05:30,32.0,0.2,7.2,74.07224
2024-08-13 16:00:00+05:30,30.7,0.7,8.209263,76.08118
2024-08-13 17:00:00+05:30,29.6,0.1,8.049845,82.48942
2024-08-13 18:00:00+05:30,28.3,0.0,4.8965297,90.25987
2024-08-13 19:00:00+05:30,28.0,0.0,7.24486,91.041954
2024-08-13 20:00:00+05:30,27.55,0.0,4.8433046,91.55368
2024-08-13 21:00:00+05:30,27.15,0.0,4.3349743,92.34747
2024-08-13 22:00:00+05:30,26.7,0.0,3.8773184,93.704346
2024-08-13 23:00:00+05:30,26.4,0.0,3.396233,94.24957
2024-08-14 00:00:00+05:30,26.35,0.0,4.8965297,92.85543
2024-08-14 01:00:00+05:30,25.95,0.0,3.2599385,94.512215
2024-08-14 02:00:00+05:30,26.05,0.0,3.0758414,93.395836
2024-08-14 03:00:00+05:30,25.6,0.0,3.6179552,95.064674
2024-08-14 04:00:00+05:30,25.6,0.0,4.1046314,95.064674
2024-08-14 05:00:00+05:30,26.25,0.0,2.8116899,91.475296
2024-08-14 06:00:00+05:30,27.95,0.0,4.452954,88.91143
2024-08-14 07:00:00+05:30,29.2,0.0,3.4152596,80.032555
2024-08-14 08:00:00+05:30,30.7,0.0,4.6800003,73.85886
2024-08-14 09:00:00+05:30,31.55,0.0,5.3517847,72.26948
2024-08-14 10:00:00+05:30,32.55,0.0,4.0249224,68.69758
2024-08-14 11:00:00+05:30,32.8,0.0,3.8773184,69.76627
2024-08-14 12:00:00+05:30,32.6,0.2,3.0547013,72.2375
2024-08-14 13:00:00+05:30,32.8,0.2,5.495161,72.48422
2024-08-14 14:00:00+05:30,32.75,0.0,6.4096174,73.116005
2024-08-14 15:00:00+05:30,32.1,0.4,5.771239,72.792015
2024-08-14 16:00:00+05:30,31.5,0.0,5.495161,75.75623
2024-08-14 17:00:00+05:30,30.65,0.0,2.7416782,85.063225
2024-08-14 18:00:00+05:30,29.05,0.1,8.714677,81.21098
2024-08-14 19:00:00+05:30,28.6,0.0,7.7043357,81.39673
2024-08-14 20:00:00+05:30,27.7,0.0,4.3349743,86.03325
2024-08-14 21:00:00+05:30,27.3,0.0,4.510787,87.54793
2024-08-14 22:00:00+05:30,27.2,0.0,3.8268526,86.50047
2024-08-14 23:00:00+05:30,27.0,0.0,4.829907,86.22346
2024-08-15 00:00:00+05:30,27.3,0.0,8.209263,82.46412
2024-08-15 01:00:00+05:30,26.95,0.0,7.145796,83.92314
2024-08-15 02:00:00+05:30,26.45,0.0,5.1919937,86.69016
2024-08-15 03:00:00+05:30,25.8,0.0,2.968636,90.62901
2024-08-15 04:00:00+05:30,25.55,0.0,3.319036,91.70755
2024-08-15 05:00:00+05:30,26.4,0.0,0.0,86.94627
2024-08-15 06:00:00+05:30,27.5,1.0,5.315336,91.550674
2024-08-15 07:00:00+05:30,28.5,0.0,3.9763298,87.6511
2024-08-15 08:00:00+05:30,29.75,0.0,3.319036,82.99489
2024-08-15 09:00:00+05:30,29.4,2.2,1.484318,84.68618
2024-08-15 10:00:00+05:30,30.3,0.3,2.3051248,79.70538
2024-08-15 11:00:00+05:30,31.65,0.3,2.5959969,74.89267
2024-08-15 12:00:00+05:30,27.8,5.7,5.3517847,86.81396
2024-08-15 13:00:00+05:30,28.0,0.3,8.225035,86.06204
2024-08-15 14:00:00+05:30,27.85,0.6,5.95906,88.903656
2024-08-15 15:00:00+05:30,28.0,0.6,4.896529,89.44285
2024-08-15 16:00:00+05:30,28.15,0.3,5.6920996,88.6644
2024-08-15 17:00:00+05:30,27.9,0.1,4.802999,91.57459
2024-08-15 18:00:00+05:30,26.4,0.0,5.6233797,93.96982
2024-08-15 19:00:00+05:30,26.5,0.0,5.154415,93.139755
2024-08-15 20:00:00+05:30,25.95,0.0,4.68,95.93019
2024-08-15 21:00:00+05:30,26.2,0.0,3.6,93.68167
2024-08-15 22:00:00+05:30,26.35,0.0,2.5959969,92.579155
2024-08-15 23:00:00+05:30,25.45,0.0,4.1046314,96.20215
2024-08-16 00:00:00+05:30,25.65,0.0,3.319036,95.35067
2024-08-16 01:00:00+05:30,25.65,1.3,2.5959969,95.35067
2024-08-16 02:00:00+05:30,25.4,0.0,3.0758414,96.2008
2024-08-16 03:00:00+05:30,25.7,0.0,2.1897945,94.2204
2024-08-16 04:00:00+05:30,25.55,0.0,1.0182338,93.93271
2024-08-16 05:00:00+05:30,25.3,0.0,3.8939953,95.33881
2024-08-16 06:00:00+05:30,27.05,0.0,5.4833565,91.79575
2024-08-16 07:00:00+05:30,28.3,0.0,10.446206,86.09076
2024-08-16 08:00:00+05:30,29.85,0.0,10.182337,79.409836
2024-08-16 09:00:00+05:30,31.25,0.0,8.707237,73.73099
2024-08-16 10:00:00+05:30,32.2,0.0,7.491114,69.655464
2024-08-16 11:00:00+05:30,33.1,0.0,6.1094027,66.01469
2024-08-16 12:00:00+05:30,33.6,0.0,5.991594,63.621517
2024-08-16 13:00:00+05:30,33.5,0.0,6.2145634,63.789318
2024-08-16 14:00:00+05:30,33.55,0.0,6.12,64.75166
2024-08-16 15:00:00+05:30,30.65,3.3,7.2,78.123924
2024-08-16 16:00:00+05:30,29.4,0.1,8.39657,85.1866
2024-08-16 17:00:00+05:30,29.0,0.0,1.9386592,87.17893
2024-08-16 18:00:00+05:30,25.8,0.1,6.379216,93.10521
2024-08-16 19:00:00+05:30,25.65,0.0,3.396233,93.097755
2024-08-16 20:00:00+05:30,25.45,0.1,2.7416782,94.49231
2024-08-16 21:00:00+05:30,25.25,0.0,3.4152596,95.62284
2024-08-16 22:00:00+05:30,25.1,0.0,4.5536795,95.33196
2024-08-16 23:00:00+05:30,25.2,0.0,4.6102495,93.91729
2024-08-17 00:00:00+05:30,25.05,0.0,4.3498964,94.47632
2024-08-17 01:00:00+05:30,25.15,0.0,4.379589,93.91512
2024-08-17 02:00:00+05:30,24.9,0.0,3.8268526,95.61166
2024-08-17 03:00:00+05:30,25.05,0.0,3.6,96.19103
2024-08-17 04:00:00+05:30,24.9,0.0,3.0547013,96.7651
2024-08-17 05:00:00+05:30,25.2,0.0,3.319036,96.48333
2024-08-17 06:00:00+05:30,25.55,9.1,5.95906,92.25947
2024-08-17 07:00:00+05:30,25.75,0.3,3.6,90.89802
2024-08-17 08:00:00+05:30,27.45,0.0,2.5959969,86.0092
2024-08-17 09:00:00+05:30,29.25,0.0,3.7585104,76.76982
2024-08-17 10:00:00+05:30,31.2,0.0,6.379216,67.62672
2024-08-17 11:00:00+05:30,31.8,0.0,9.504273,66.14597
2024-08-17 12:00:00+05:30,32.35,0.0,9.793058,66.454
2024-08-17 13:00:00+05:30,32.55,0.0,9.504273,66.88994
2024-08-17 14:00:00+05:30,32.45,0.0,7.729527,67.468285
2024-08-17 15:00:00+05:30,32.0,0.0,8.891343,69.412285
2024-08-17 16:00:00+05:30,31.15,0.0,6.696387,74.37183
2024-08-17 17:00:00+05:30,30.3,0.0,5.634891,79.47056
2024-08-17 18:00:00+05:30,28.55,0.0,14.241629,85.100586
2024-08-17 19:00:00+05:30,26.95,0.3,9.0645685,88.04194
2024-08-17 20:00:00+05:30,25.7,3.8,11.252519,92.822014
2024-08-17 21:00:00+05:30,25.9,0.8,7.5685663,94.51026
2024-08-17 22:00:00+05:30,24.9,2.1,3.5455887,96.47558
2024-08-17 23:00:00+05:30,24.75,0.2,7.9932976,97.05206
2024-08-18 00:00:00+05:30,24.75,0.2,6.162207,97.05206
2024-08-18 01:00:00+05:30,24.75,0.3,3.671294,97.6355
2024-08-18 02:00:00+05:30,24.65,0.1,4.6938252,97.63376
2024-08-18 03:00:00+05:30,24.4,0.0,6.6185193,98.21739
2024-08-18 04:00:00+05:30,24.25,0.0,6.489992,97.33354
2024-08-18 05:00:00+05:30,24.15,0.0,7.9932976,97.33162
2024-08-18 06:00:00+05:30,26.9,0.1,2.8116899,90.70181
2024-08-18 07:00:00+05:30,28.1,0.0,2.16,85.054756
2024-08-18 08:00:00+05:30,29.15,0.0,6.4096174,80.02599
2024-08-18 09:00:00+05:30,29.65,0.0,7.4128532,77.28862
2024-08-18 10:00:00+05:30,29.95,0.1,8.714677,76.87471
2024-08-18 11:00:00+05:30,29.55,0.1,5.8603754,81.51414
2024-08-18 12:00:00+05:30,29.75,0.1,3.7585104,81.77984
2024-08-18 13:00:00+05:30,30.1,0.3,4.379589,81.34159
2024-08-18 14:00:00+05:30,30.25,0.3,6.162207,79.69872
2024-08-18 15:00:00+05:30,27.0,4.2,5.1544156,89.368576
2024-08-18 16:00:00+05:30,26.95,0.2,1.9386592,90.70506
2024-08-18 17:00:00+05:30,27.0,0.3,2.5959969,92.339264
2024-08-18 18:00:00+05:30,26.05,5.3,4.3498964,95.36418
2024-08-18 19:00:00+05:30,26.05,4.4,4.6800003,95.08079
2024-08-18 20:00:00+05:30,25.85,2.4,2.0991426,96.50002
2024-08-18 21:00:00+05:30,25.75,1.5,3.319036,97.073654
2024-08-18 22:00:00+05:30,25.55,1.7,3.319036,96.78048
2024-08-18 23:00:00+05:30,25.5,2.1,2.8116899,96.49103
2024-08-19 00:00:00+05:30,25.4,1.6,2.0991426,97.64682
2024-08-19 01:00:00+05:30,25.4,0.7,2.52,97.93827
2024-08-19 02:00:00+05:30,25.3,0.9,2.5455842,98.22922
2024-08-19 03:00:00+05:30,25.15,1.7,3.563818,97.35123
2024-08-19 04:00:00+05:30,24.75,1.6,2.5455842,95.894325
2024-08-19 05:00:00+05:30,24.95,1.0,1.8,95.04126
2024-08-19 06:00:00+05:30,24.9,1.0,9.028754,97.63814
2024-08-19 07:00:00+05:30,25.6,3.2,6.924738,94.216225
2024-08-19 08:00:00+05:30,26.0,1.7,5.5887027,96.2174
2024-08-19 09:00:00+05:30,26.25,1.1,5.4833565,94.80564
2024-08-19 10:00:00+05:30,26.8,0.4,5.506941,91.50859
2024-08-19 11:00:00+05:30,26.75,0.6,7.9526596,92.051544
2024-08-19 12:00:00+05:30,26.8,0.3,8.373386,91.23678
2024-08-19 13:00:00+05:30,27.55,0.1,10.685391,86.79116
2024-08-19 14:00:00+05:30,28.6,0.0,10.787993,82.617004
2024-08-19 15:00:00+05:30,28.85,0.1,12.9249525,79.98631
2024-08-19 16:00:00+05:30,28.35,0.1,12.979984,84.32567
2024-08-19 17:00:00+05:30,27.5,0.1,11.966954,87.305
2024-08-19 18:00:00+05:30,25.5,0.2,14.799459,92.53382
2024-08-19 19:00:00+05:30,25.5,0.3,14.05845,92.53382
2024-08-19 20:00:00+05:30,25.35,0.2,15.034041,93.0828
2024-08-19 21:00:00+05:30,24.95,1.2,15.463244,94.188896
2024-08-19 22:00:00+05:30,24.75,2.7,12.758432,93.89744
2024-08-19 23:00:00+05:30,24.75,2.3,12.429127,93.33361
2024-08-20 00:00:00+05:30,24.65,5.1,13.324863,94.17623
2024-08-20 01:00:00+05:30,24.5,4.4,14.05845,93.321556
2024-08-20 02:00:00+05:30,24.5,6.0,14.973576,93.321556
2024-08-20 03:00:00+05:30,24.4,9.9,14.113653,93.316734
2024-08-20 04:00:00+05:30,24.35,8.2,16.263872,93.03269
2024-08-20 05:00:00+05:30,24.3,5.1,13.684735,93.311874
2024-08-20 06:00:00+05:30,24.1,10.2,15.629972,93.30218
2024-08-20 07:00:00+05:30,24.25,7.1,14.440443,92.74664
2024-08-20 08:00:00+05:30,24.65,5.8,17.294992,90.27837
2024-08-20 09:00:00+05:30,25.0,4.7,15.484185,90.30252
2024-08-20 10:00:00+05:30,25.5,3.1,14.264361,91.704544
2024-08-20 11:00:00+05:30,25.55,1.6,16.279802,92.536514
2024-08-20 12:00:00+05:30,26.55,0.4,17.81909,86.439674
2024-08-20 13:00:00+05:30,28.1,0.1,18.0,79.409195
2024-08-20 14:00:00+05:30,28.45,0.0,18.25026,76.41911
2024-08-20 15:00:00+05:30,27.95,0.0,18.39878,80.34722
2024-08-20 16:00:00+05:30,27.55,0.0,16.79314,82.9894
2024-08-20 17:00:00+05:30,27.1,0.0,15.941944,82.937515
2024-08-20 18:00:00+05:30,25.15,0.3,18.359999,88.959984
2024-08-20 19:00:00+05:30,24.55,8.0,15.137133,92.76234
2024-08-20 20:00:00+05:30,24.5,7.1,13.684735,91.36808
2024-08-20 21:00:00+05:30,24.3,7.3,13.004921,91.91092
2024-08-20 22:00:00+05:30,24.15,2.3,13.397612,92.181175
2024-08-20 23:00:00+05:30,24.15,1.3,11.177405,92.181175
2024-08-21 00:00:00+05:30,24.1,0.2,7.5685663,93.020096
2024-08-21 01:00:00+05:30,23.9,0.4,3.8268526,95.868706
2024-08-21 02:00:00+05:30,23.55,4.4,6.489992,97.90987
2024-08-21 03:00:00+05:30,23.65,6.0,3.396233,97.91139
2024-08-21 04:00:00+05:30,23.7,10.6,3.0758414,97.91217
2024-08-21 05:00:00+05:30,23.75,6.9,5.0142193,97.91291
2024-08-21 06:00:00+05:30,24.2,7.1,12.661564,97.040085
2024-08-21 07:00:00+05:30,24.35,3.3,14.007655,96.75192
2024-08-21 08:00:00+05:30,24.4,2.4,15.463244,97.33654
2024-08-21 09:00:00+05:30,24.9,1.8,14.05845,94.47029
2024-08-21 10:00:00+05:30,26.25,0.9,15.893093,89.04514
2024-08-21 11:00:00+05:30,27.7,0.4,9.885262,85.77743
2024-08-21 12:00:00+05:30,28.85,0.1,5.0528407,80.46428
2024-08-21 13:00:00+05:30,29.15,0.0,3.7064266,80.02599
2024-08-21 14:00:00+05:30,29.45,0.0,5.0142193,78.65137
2024-08-21 15:00:00+05:30,29.15,0.0,5.1544156,80.98272
2024-08-21 16:00:00+05:30,28.9,0.0,6.1305785,83.390495
2024-08-21 17:00:00+05:30,27.75,0.0,6.1094027,89.42434
2024-08-21 18:00:00+05:30,26.9,0.0,6.162207,89.361115
2024-08-21 19:00:00+05:30,26.25,0.0,3.2599385,93.683914
2024-08-21 20:00:00+05:30,25.9,0.0,5.154415,94.792465
2024-08-21 21:00:00+05:30,25.85,0.0,4.8433046,93.94581
2024-08-21 22:00:00+05:30,25.55,0.0,3.2599385,95.06289
2024-08-21 23:00:00+05:30,25.2,0.0,3.7064266,96.19518
2024-08-22 00:00:00+05:30,25.05,0.0,3.6,96.76866
2024-08-22 01:00:00+05:30,25.4,0.1,4.3498964,95.34221
2024-08-22 02:00:00+05:30,25.0,0.1,3.671294,97.639854
2024-08-22 03:00:00+05:30,25.15,0.0,4.3498964,96.77103
2024-08-22 04:00:00+05:30,24.8,0.2,2.8116899,97.63635
2024-08-22 05:00:00+05:30,24.95,0.2,0.35999998,96.76622
2024-08-22 06:00:00+05:30,25.85,1.5,2.7416782,92.27607
2024-08-22 07:00:00+05:30,25.95,0.6,2.4149535,91.183624
2024-08-22 08:00:00+05:30,26.25,0.0,4.3349743,92.02314
2024-08-22 09:00:00+05:30,27.5,0.9,7.2805495,88.61288
2024-08-22 10:00:00+05:30,28.55,0.3,8.373386,85.60627
2024-08-22 11:00:00+05:30,28.7,2.0,8.534353,88.707664
2024-08-22 12:00:00+05:30,29.8,0.4,12.181624,81.54485
2024-08-22 13:00:00+05:30,29.65,0.1,11.435313,75.01856
2024-08-22 14:00:00+05:30,29.45,0.0,7.208994,74.539185
2024-08-22 15:00:00+05:30,29.8,1.9,4.6800003,75.94269
2024-08-22 16:00:00+05:30,28.6,0.2,6.618519,85.10567
2024-08-22 17:00:00+05:30,27.7,0.2,7.24486,89.95198
2024-08-22 18:00:00+05:30,27.6,0.0,5.1544156,82.0066
2024-08-22 19:00:00+05:30,26.9,0.0,4.39436,85.69896
2024-08-22 20:00:00+05:30,27.2,0.0,6.87779,87.01852
2024-08-22 21:00:00+05:30,26.85,0.0,6.5693827,90.42885
2024-08-22 22:00:00+05:30,26.35,0.0,5.692099,91.208694
2024-08-22 23:00:00+05:30,26.15,0.0,5.0142193,90.652275
2024-08-23 00:00:00+05:30,26.0,0.0,4.39436,90.64231
2024-08-23 01:00:00+05:30,25.65,0.0,6.618519,91.16482
2024-08-23 02:00:00+05:30,25.6,0.0,6.489992,90.343765
2024-08-23 03:00:00+05:30,25.35,0.0,4.452954,91.420395
2024-08-23 04:00:00+05:30,25.05,0.0,3.6,93.34806
2024-08-23 05:00:00+05:30,25.45,0.0,4.0249224,91.7016
2024-08-23 06:00:00+05:30,26.5,0.0,6.618519,90.1356
2024-08-23 07:00:00+05:30,27.7,0.0,5.0142193,86.289795
2024-08-23 08:00:00+05:30,29.2,0.0,2.9024127,77.91659
2024-08-23 09:00:00+05:30,29.3,0.0,3.6,77.46773
2024-08-23 10:00:00+05:30,30.15,0.3,3.096837,75.99668
2024-08-23 11:00:00+05:30,31.3,0.2,2.9024127,70.32085
2024-08-23 12:00:00+05:30,31.55,0.1,6.6087217,70.36643
2024-08-23 13:00:00+05:30,31.85,0.1,6.638072,71.26008
2024-08-23 14:00:00+05:30,31.7,0.0,6.489992,70.60283
2024-08-23 15:00:00+05:30,29.1,1.9,11.770403,80.976395
2024-08-23 16:00:00+05:30,28.15,0.1,8.669949,83.554756
2024-08-23 17:00:00+05:30,27.75,0.0,7.928178,85.01896
2024-08-23 18:00:00+05:30,27.05,0.0,7.9932976,87.00503
2024-08-23 19:00:00+05:30,26.7,0.0,5.8048253,89.07973
2024-08-23 20:00:00+05:30,26.4,0.0,4.5536795,91.211845
2024-08-23 21:00:00+05:30,26.2,0.0,4.5536795,92.29539
2024-08-23 22:00:00+05:30,26.0,0.0,4.510787,93.393456
2024-08-23 23:00:00+05:30,25.7,0.3,3.8939953,93.65885
2024-08-24 00:00:00+05:30,25.1,6.0,9.0,95.04668
2024-08-24 01:00:00+05:30,24.65,3.7,0.5091169,95.60361
2024-08-24 02:00:00+05:30,24.85,0.1,5.1165614,95.03766
2024-08-24 03:00:00+05:30,24.6,11.7,2.8116899,95.60199
2024-08-24 04:00:00+05:30,24.65,2.1,7.7879906,94.46023
2024-08-24 05:00:00+05:30,24.85,0.1,0.8049845,94.46825
2024-08-24 06:00:00+05:30,26.7,0.0,5.3517847,88.2847
2024-08-24 07:00:00+05:30,27.95,0.0,4.3349743,80.83023
2024-08-24 08:00:00+05:30,29.05,0.0,5.3517847,78.127846
2024-08-24 09:00:00+05:30,30.15,0.0,7.8954163,74.20897
2024-08-24 10:00:00+05:30,30.9,0.0,6.696387,70.45761
2024-08-24 11:00:00+05:30,31.6,0.0,3.8268526,67.503006
2024-08-24 12:00:00+05:30,31.95,0.0,2.7416782,67.57138
2024-08-24 13:00:00+05:30,32.3,0.0,3.6,67.840645
2024-08-24 14:00:00+05:30,32.35,0.0,5.154415,69.272224
2024-08-24 15:00:00+05:30,31.8,0.1,3.6179552,71.886406
2024-08-24 16:00:00+05:30,30.3,0.8,3.2599385,76.472176
2024-08-24 17:00:00+05:30,28.8,0.1,1.9386592,90.02924
2024-08-24 18:00:00+05:30,28.1,0.0,4.68,87.0991
2024-08-24 19:00:00+05:30,27.65,0.0,4.829907,90.750946
2024-08-24 20:00:00+05:30,26.85,0.0,4.198285,93.989296
2024-08-24 21:00:00+05:30,26.4,0.0,4.8965297,94.81131
2024-08-24 22:00:00+05:30,26.4,0.0,2.5959969,93.13487
2024-08-24 23:00:00+05:30,26.6,0.0,0.8049845,90.952805
2024-08-25 00:00:00+05:30,25.3,0.6,6.379216,96.48591
2024-08-25 01:00:00+05:30,24.7,3.9,1.9386592,97.34242
2024-08-25 02:00:00+05:30,24.8,0.2,6.2145634,97.34439
2024-08-25 03:00:00+05:30,24.5,1.1,2.2768397,95.8868
2024-08-25 04:00:00+05:30,24.45,0.1,2.9024127,96.17421
2024-08-25 05:00:00+05:30,24.75,0.0,4.68,95.606834
2024-08-25 06:00:00+05:30,25.1,0.1,3.219938,91.95723
2024-08-25 07:00:00+05:30,26.2,0.0,1.08,86.928116
2024-08-25 08:00:00+05:30,27.3,0.0,5.4477882,84.21325
2024-08-25 09:00:00+05:30,28.85,0.0,5.6002855,76.02291
2024-08-25 10:00:00+05:30,30.7,0.0,5.2416787,68.75541
2024-08-25 11:00:00+05:30,31.9,0.0,5.5887027,64.21629
2024-08-25 12:00:00+05:30,32.35,0.1,5.1919937,63.356457
2024-08-25 13:00:00+05:30,32.6,0.1,2.5959969,63.599297
2024-08-25 14:00:00+05:30,32.75,0.0,1.2979984,60.657482
2024-08-25 15:00:00+05:30,32.1,0.0,2.8799999,63.683678
2024-08-25 16:00:00+05:30,30.85,0.0,4.452954,72.79472
2024-08-25 17:00:00+05:30,29.3,0.0,5.2416787,82.45424
2024-08-25 18:00:00+05:30,28.3,0.0,3.8939953,85.83588
2024-08-25 19:00:00+05:30,29.2,0.0,1.0182338,79.086006
2024-08-25 20:00:00+05:30,28.45,0.0,1.609969,82.84566
2024-08-25 21:00:00+05:30,26.8,0.0,6.28713,92.87841
2024-08-25 22:00:00+05:30,26.65,0.0,5.0142193,93.980675
2024-08-25 23:00:00+05:30,26.3,0.0,3.5455887,95.372604
2024-08-26 00:00:00+05:30,25.9,0.1,4.896529,96.214645
2024-08-26 01:00:00+05:30,25.35,1.9,7.5942073,95.91232
2024-08-26 02:00:00+05:30,24.8,0.7,3.219938,98.516914
2024-08-26 03:00:00+05:30,24.9,0.1,5.937272,98.51804
2024-08-26 04:00:00+05:30,24.95,0.5,2.5455842,97.931404
2024-08-26 05:00:00+05:30,24.95,0.8,3.671294,97.63894
2024-08-26 06:00:00+05:30,25.7,0.3,6.9527545,93.65885
2024-08-26 07:00:00+05:30,26.55,0.1,5.315336,88.53701
2024-08-26 08:00:00+05:30,27.85,0.0,9.085988,81.30327
2024-08-26 09:00:00+05:30,29.4,0.0,9.6932955,73.64301
2024-08-26 10:00:00+05:30,31.05,0.0,10.086427,67.80016
2024-08-26 11:00:00+05:30,31.15,0.0,10.823973,68.84097
2024-08-26 12:00:00+05:30,31.3,1.4,8.759178,68.86941
2024-08-26 13:00:00+05:30,31.0,0.0,5.3517847,70.68617
2024-08-26 14:00:00+05:30,31.6,0.1,4.1046314,69.75113
2024-08-26 15:00:00+05:30,31.2,0.0,4.0249224,71.56849
2024-08-26 16:00:00+05:30,30.4,0.0,3.396233,76.03515
2024-08-26 17:00:00+05:30,29.05,0.0,2.968636,87.44036
2024-08-26 18:00:00+05:30,27.85,0.0,5.1919937,88.640625
2024-08-26 19:00:00+05:30,27.25,0.0,4.072935,90.72477
2024-08-26 20:00:00+05:30,26.9,0.0,5.3517847,92.33382
2024-08-26 21:00:00+05:30,26.8,0.0,7.2,92.05438
2024-08-26 22:00:00+05:30,26.5,0.0,5.495161,91.21808
2024-08-26 23:00:00+05:30,25.7,0.0,4.6800003,94.2204
2024-08-27 00:00:00+05:30,25.5,0.0,3.563818,94.49428
2024-08-27 01:00:00+05:30,25.35,0.0,3.0547013,94.48828
2024-08-27 02:00:00+05:30,25.25,0.0,3.6,93.919495
2024-08-27 03:00:00+05:30,25.4,0.0,3.219938,93.36486
2024-08-27 04:00:00+05:30,24.9,0.0,4.3349743,95.61166
2024-08-27 05:00:00+05:30,25.4,0.0,1.4399999,93.08533
2024-08-27 06:00:00+05:30,27.2,0.0,2.8116899,85.472435
2024-08-27 07:00:00+05:30,28.3,0.0,1.08,81.60266
2024-08-27 08:00:00+05:30,29.25,0.0,3.8773184,79.32851
2024-08-27 09:00:00+05:30,29.7,0.1,5.3999996,77.98839
2024-08-27 10:00:00+05:30,30.75,0.1,6.8777895,72.777664
2024-08-27 11:00:00+05:30,31.55,0.0,7.24486,71.63017
2024-08-27 12:00:00+05:30,31.8,0.0,7.5685663,71.46239
2024-08-27 13:00:00+05:30,31.1,0.1,7.5685663,74.58404
2024-08-27 14:00:00+05:30,31.0,0.1,8.287822,76.80399
2024-08-27 15:00:00+05:30,30.95,0.0,7.208994,77.25084
2024-08-27 16:00:00+05:30,30.5,0.0,5.8603754,78.10261
2024-08-27 17:00:00+05:30,29.7,0.0,4.829907,81.53258
2024-08-27 18:00:00+05:30,28.2,0.0,7.386582,83.80945
2024-08-27 19:00:00+05:30,27.35,0.0,5.0142193,85.743164
2024-08-27 20:00:00+05:30,26.8,0.0,4.3349743,89.08741
2024-08-27 21:00:00+05:30,26.3,0.0,4.802999,92.300934
2024-08-27 22:00:00+05:30,25.95,0.0,4.452954,93.39107
2024-08-27 23:00:00+05:30,25.75,0.0,3.4152596,93.941444
2024-08-28 00:00:00+05:30,25.65,0.0,3.6,93.3768
2024-08-28 01:00:00+05:30,25.95,0.0,6.193674,90.367714
2024-08-28 02:00:00+05:30,26.15,0.0,5.904439,87.71108
2024-08-28 03:00:00+05:30,25.95,0.0,5.3517847,87.43036
2024-08-28 04:00:00+05:30,25.6,0.0,4.39436,87.9286
2024-08-28 05:00:00+05:30,25.9,0.0,3.319036,87.68961
2024-08-28 06:00:00+05:30,27.2,0.0,4.452954,84.70846
2024-08-28 07:00:00+05:30,28.3,0.0,2.3051248,78.48988
2024-08-28 08:00:00+05:30,29.6,0.0,5.771239,74.5635
2024-08-28 09:00:00+05:30,30.0,0.0,4.3349743,74.184395
2024-08-28 10:00:00+05:30,30.65,0.0,4.8965297,72.11338
2024-08-28 11:00:00+05:30,31.05,0.0,7.2,71.11754
2024-08-28 12:00:00+05:30,31.7,0.0,7.754637,68.53599
2024-08-28 13:00:00+05:30,32.05,0.0,8.557102,67.59088
2024-08-28 14:00:00+05:30,32.2,0.0,7.072878,67.82125
2024-08-28 15:00:00+05:30,31.9,0.1,6.87779,67.96505
2024-08-28 16:00:00+05:30,31.55,0.0,3.6179552,70.995834
2024-08-28 17:00:00+05:30,30.4,0.0,4.32,82.58286
2024-08-28 18:00:00+05:30,28.5,0.0,4.8433046,84.34165
2024-08-28 19:00:00+05:30,28.2,0.0,5.692099,84.56079
2024-08-28 20:00:00+05:30,27.45,0.0,4.1046314,87.5609
2024-08-28 21:00:00+05:30,26.9,0.0,4.6800003,90.163414
2024-08-28 22:00:00+05:30,26.65,0.0,4.0249224,90.14605
2024-08-28 23:00:00+05:30,26.25,0.0,3.5455887,91.475296
2024-08-29 00:00:00+05:30,25.95,0.0,2.9024127,93.11262
2024-08-29 01:00:00+05:30,25.75,0.0,3.2399998,93.102684
2024-08-29 02:00:00+05:30,25.5,0.0,2.968636,94.212036
2024-08-29 03:00:00+05:30,25.45,0.0,2.6208394,93.36721
2024-08-29 04:00:00+05:30,25.3,0.0,3.2599385,93.080345
2024-08-29 05:00:00+05:30,25.7,0.0,4.1046314,89.53973
2024-08-29 06:00:00+05:30,27.3,0.2,2.8116899,87.02753
2024-08-29 07:00:00+05:30,28.4,0.2,3.6,81.61497
2024-08-29 08:00:00+05:30,28.45,0.2,7.928178,82.84566
2024-08-29 09:00:00+05:30,29.45,0.2,9.19939,79.828285
2024-08-29 10:00:00+05:30,29.85,2.2,2.9024127,79.175
2024-08-29 11:00:00+05:30,31.05,0.0,0.71999997,74.1358
2024-08-29 12:00:00+05:30,31.45,0.0,2.9024127,71.40045
2024-08-29 13:00:00+05:30,32.05,0.0,3.319036,69.83429
2024-08-29 14:00:00+05:30,31.75,0.4,5.1919937,69.77887
2024-08-29 15:00:00+05:30,31.1,0.0,4.379589,74.58404
2024-08-29 16:00:00+05:30,30.8,0.0,4.1046314,76.77414
2024-08-29 17:00:00+05:30,29.8,0.0,3.396233,84.23106
2024-08-29 18:00:00+05:30,29.4,0.0,6.1305785,81.495674
2024-08-29 19:00:00+05:30,28.8,0.0,8.707237,81.42154
2024-08-29 20:00:00+05:30,28.05,0.0,8.854829,82.06093
2024-08-29 21:00:00+05:30,27.5,0.0,6.439876,83.232544
2024-08-29 22:00:00+05:30,27.0,0.0,6.151683,85.70878
2024-08-29 23:00:00+05:30,26.75,0.0,6.0347,86.97793
2024-08-30 00:00:00+05:30,26.55,0.0,3.8939953,88.80225
2024-08-30 01:00:00+05:30,26.35,0.0,3.8268526,90.665504
2024-08-30 02:00:00+05:30,26.25,0.0,3.7585104,90.9303
2024-08-30 03:00:00+05:30,26.0,0.0,2.8799999,93.11508
2024-08-30 04:00:00+05:30,25.85,0.0,3.2599385,92.82975
2024-08-30 05:00:00+05:30,25.8,0.0,4.2136917,93.66344
2024-08-30 06:00:00+05:30,28.45,0.0,3.0547013,84.838394
2024-08-30 07:00:00+05:30,29.65,0.0,2.1897945,80.80634
2024-08-30 08:00:00+05:30,31.0,0.0,3.9763298,76.80399
2024-08-30 09:00:00+05:30,32.1,0.0,5.937272,73.221985
2024-08-30 10:00:00+05:30,32.95,0.0,6.439876,68.97632
2024-08-30 11:00:00+05:30,33.5,0.0,6.9247384,66.29042
2024-08-30 12:00:00+05:30,33.85,0.0,6.193674,64.43178
2024-08-30 13:00:00+05:30,34.05,0.0,6.9153743,64.28328
2024-08-30 14:00:00+05:30,33.6,0.4,7.42159,63.810356
2024-08-30 15:00:00+05:30,31.85,0.1,12.768586,73.180046
2024-08-30 16:00:00+05:30,30.75,0.0,9.511088,78.36876
2024-08-30 17:00:00+05:30,30.05,0.0,6.9527545,81.33545
2024-08-30 18:00:00+05:30,29.85,0.0,10.630672,78.47411
2024-08-30 19:00:00+05:30,29.45,0.0,7.8954163,79.1203
2024-08-30 20:00:00+05:30,29.15,0.0,7.2805495,78.84399
2024-08-30 21:00:00+05:30,28.55,0.0,4.896529,80.906715
2024-08-30 22:00:00+05:30,27.95,0.0,4.198285,84.03216
2024-08-30 23:00:00+05:30,27.65,0.8,6.297428,85.00871
2024-08-31 00:00:00+05:30,27.1,0.8,2.9024127,90.44574
2024-08-31 01:00:00+05:30,26.65,1.3,4.510787,92.32013
2024-08-31 02:00:00+05:30,25.65,8.8,5.8048253,94.21831
2024-08-31 03:00:00+05:30,25.6,1.0,1.5273507,95.91978
2024-08-31 04:00:00+05:30,25.6,0.1,5.04,96.781624
2024-08-31 05:00:00+05:30,25.8,0.2,4.8965297,95.64036
2024-08-31 06:00:00+05:30,27.15,0.0,7.5685663,90.71823
2024-08-31 07:00:00+05:30,27.85,0.0,4.8965297,87.07678
2024-08-31 08:00:00+05:30,29.15,0.0,3.7064266,82.926285
2024-08-31 09:00:00+05:30,30.8,0.0,1.835647,77.00117
2024-08-31 10:00:00+05:30,31.75,0.1,5.0911684,72.94757
2024-08-31 11:00:00+05:30,32.2,0.2,4.6938257,70.068886
2024-08-31 12:00:00+05:30,32.4,0.1,5.0142193,70.5207
2024-08-31 13:00:00+05:30,32.4,0.1,7.072878,71.77916
2024-08-31 14:00:00+05:30,28.65,6.3,3.8773184,85.11075
2024-08-31 15:00:00+05:30,28.05,2.2,6.849467,83.54361
2024-08-31 16:00:00+05:30,28.0,0.3,8.225035,83.538025
2024-08-31 17:00:00+05:30,27.65,0.6,4.3498964,86.02849
2024-08-31 18:00:00+05:30,26.8,0.1,4.0249224,93.98717
2024-08-31 19:00:00+05:30,26.7,0.0,2.8116899,94.54189
2024-08-31 20:00:00+05:30,27.0,0.0,2.0991426,92.61358
2024-08-31 21:00:00+05:30,26.35,0.0,2.5959969,96.22705
2024-08-31 22:00:00+05:30,26.05,0.0,4.452954,95.36418
2024-08-31 23:00:00+05:30,26.05,0.0,2.5455842,94.51622
2024-09-01 00:00:00+05:30,25.5,0.0,3.0758414,97.35801
2024-09-01 01:00:00+05:30,25.3,1.4,1.9386592,97.936775
2024-09-01 02:00:00+05:30,25.25,0.1,0.71999997,97.64419
2024-09-01 03:00:00+05:30,24.9,0.2,1.609969,98.51804
2024-09-01 04:00:00+05:30,24.6,3.9,3.396233,99.40356
2024-09-01 05:00:00+05:30,25.0,0.1,0.35999998,96.189644
2024-09-01 06:00:00+05:30,25.3,1.3,2.52,93.360054
2024-09-01 07:00:00+05:30,25.45,3.2,1.484318,94.49231
2024-09-01 08:00:00+05:30,25.65,2.2,3.096837,93.097755
2024-09-01 09:00:00+05:30,26.7,1.1,1.484318,87.23428
2024-09-01 10:00:00+05:30,27.6,0.3,0.5091169,84.497536
2024-09-01 11:00:00+05:30,28.65,0.1,2.6208394,78.070595
2024-09-01 12:00:00+05:30,29.9,0.0,6.1305785,75.05841
2024-09-01 13:00:00+05:30,30.65,0.1,7.9932966,72.11338
2024-09-01 14:00:00+05:30,31.0,0.0,7.8954163,70.89712
2024-09-01 15:00:00+05:30,30.8,0.0,8.39657,70.64998
2024-09-01 16:00:00+05:30,29.9,0.0,6.489992,76.86723
2024-09-01 17:00:00+05:30,28.95,0.0,4.510787,82.168846
2024-09-01 18:00:00+05:30,27.55,0.0,4.39436,85.25258
2024-09-01 19:00:00+05:30,27.1,0.0,3.9763298,88.31738
2024-09-01 20:00:00+05:30,26.7,0.0,3.8268526,90.41871
2024-09-01 21:00:00+05:30,26.3,0.0,4.1046314,91.75183
2024-09-01 22:00:00+05:30,25.8,0.0,4.32,93.94365
2024-09-01 23:00:00+05:30,25.75,0.0,2.968636,93.102684
2024-09-02 00:00:00+05:30,25.4,0.0,3.0758414,94.490326
2024-09-02 01:00:00+05:30,25.1,0.0,3.396233,95.33196
2024-09-02 02:00:00+05:30,25.15,0.0,3.319036,93.91512
2024-09-02 03:00:00+05:30,25.2,0.0,3.7064266,93.07535
2024-09-02 04:00:00+05:30,25.1,0.0,3.0547013,93.07031
2024-09-02 05:00:00+05:30,25.35,0.0,3.6,91.971634
2024-09-02 06:00:00+05:30,27.3,0.0,3.219938,86.5098
2024-09-02 07:00:00+05:30,28.65,0.0,2.4149535,81.88901
2024-09-02 08:00:00+05:30,29.65,0.0,2.968636,76.82984
2024-09-02 09:00:00+05:30,30.6,0.0,4.6938252,72.96899
2024-09-02 10:00:00+05:30,31.5,0.0,5.00128,69.112785
2024-09-02 11:00:00+05:30,32.25,0.0,5.634891,65.2567
2024-09-02 12:00:00+05:30,32.6,0.0,4.0249224,64.94066
2024-09-02 13:00:00+05:30,32.8,0.1,4.3349743,65.17533
2024-09-02 14:00:00+05:30,31.25,1.0,5.6233797,70.94204
2024-09-02 15:00:00+05:30,31.45,0.0,1.5273507,70.767456
2024-09-02 16:00:00+05:30,30.85,0.0,4.73506,75.43194
2024-09-02 17:00:00+05:30,29.85,0.0,4.510787,87.76567
2024-09-02 18:00:00+05:30,28.3,1.7,8.4963045,86.34629
2024-09-02 19:00:00+05:30,27.45,1.9,4.5820518,87.82188
2024-09-02 20:00:00+05:30,26.95,0.2,3.319036,89.6315
2024-09-02 21:00:00+05:30,26.3,1.5,6.12,92.57654
2024-09-02 22:00:00+05:30,26.15,0.0,4.0249224,92.84515
2024-09-02 23:00:00+05:30,25.9,0.0,3.6,94.51026
2024-09-03 00:00:00+05:30,25.85,0.0,3.6,94.50823
2024-09-03 01:00:00+05:30,25.75,0.0,3.6179552,94.50426
2024-09-03 02:00:00+05:30,25.7,0.0,3.5455887,94.50228
2024-09-03 03:00:00+05:30,25.45,2.9,6.9527545,95.05928
2024-09-03 04:00:00+05:30,25.4,0.0,8.311245,94.77355
2024-09-03 05:00:00+05:30,25.3,0.1,7.628263,95.0539
2024-09-03 06:00:00+05:30,27.15,0.1,5.692099,90.18074
2024-09-03 07:00:00+05:30,28.5,0.0,5.1544156,86.365036
2024-09-03 08:00:00+05:30,29.8,0.0,7.7043357,81.78594
2024-09-03 09:00:00+05:30,30.65,0.1,9.1641035,77.89376
2024-09-03 10:00:00+05:30,31.2,0.3,6.696387,75.93342
2024-09-03 11:00:00+05:30,31.15,0.3,4.6102495,76.60032
2024-09-03 12:00:00+05:30,30.95,0.5,4.0249224,78.39688
2024-09-03 13:00:00+05:30,26.7,11.7,11.753876,92.8733
2024-09-03 14:00:00+05:30,25.6,3.3,9.422101,95.91978
2024-09-03 15:00:00+05:30,27.0,8.5,7.968939,86.740814
2024-09-03 16:00:00+05:30,27.05,0.8,9.693296,89.638794
2024-09-03 17:00:00+05:30,26.85,1.1,7.42159,90.6985
2024-09-03 18:00:00+05:30,26.5,1.0,4.68,93.139755
2024-09-03 19:00:00+05:30,26.4,0.0,4.2136917,94.81131
2024-09-03 20:00:00+05:30,26.25,0.0,4.510787,95.37089
2024-09-03 21:00:00+05:30,26.15,0.0,5.8603754,95.36754
2024-09-03 22:00:00+05:30,26.0,0.0,5.8603754,94.232925
2024-09-03 23:00:00+05:30,25.5,0.0,4.3349743,95.061066
2024-09-04 00:00:00+05:30,25.25,0.0,3.7064266,95.62284
2024-09-04 01:00:00+05:30,25.05,0.0,4.6938257,95.616455
2024-09-04 02:00:00+05:30,24.8,0.0,3.319036,95.895874
2024-09-04 03:00:00+05:30,24.9,0.0,3.6,95.3252
2024-09-04 04:00:00+05:30,24.45,0.0,4.1046314,96.46389
2024-09-04 05:00:00+05:30,25.3,0.0,3.096837,94.486336
2024-09-04 06:00:00+05:30,26.8,0.1,4.0249224,89.08741
2024-09-04 07:00:00+05:30,27.85,0.1,5.634891,83.52126
2024-09-04 08:00:00+05:30,28.8,0.1,5.0142193,78.56031
2024-09-04 09:00:00+05:30,29.45,0.1,7.2,80.30335
2024-09-04 10:00:00+05:30,30.35,0.1,6.489992,77.85067
2024-09-04 11:00:00+05:30,31.05,0.1,5.5887027,73.26223
2024-09-04 12:00:00+05:30,31.15,0.2,4.5536795,72.20023
2024-09-04 13:00:00+05:30,28.75,5.9,7.5599995,80.2119
2024-09-04 14:00:00+05:30,27.65,3.0,8.854829,85.26268
2024-09-04 15:00:00+05:30,27.9,0.2,4.6800003,86.56554
2024-09-04 16:00:00+05:30,28.15,0.6,4.0249224,85.05985
2024-09-04 17:00:00+05:30,27.3,0.0,2.52,91.267784
2024-09-04 18:00:00+05:30,27.5,0.0,6.8399997,88.876495
2024-09-04 19:00:00+05:30,26.25,0.1,3.319036,89.58023
2024-09-04 20:00:00+05:30,26.15,0.0,4.379589,88.239525
2024-09-04 21:00:00+05:30,25.55,0.0,3.6,92.25947
2024-09-04 22:00:00+05:30,25.45,0.0,3.6,91.977356
2024-09-04 23:00:00+05:30,25.3,0.0,3.96,93.080345
2024-09-05 00:00:00+05:30,25.1,3.0,2.5455842,96.76978
2024-09-05 01:00:00+05:30,24.95,0.0,1.609969,98.22459
2024-09-05 02:00:00+05:30,24.7,0.1,1.9386592,99.10715
2024-09-05 03:00:00+05:30,24.95,0.2,0.8049845,96.76622
2024-09-05 04:00:00+05:30,24.55,3.1,2.7416782,98.219376
2024-09-05 05:00:00+05:30,24.65,0.0,3.0758414,97.04989
2024-09-05 06:00:00+05:30,25.8,0.0,4.0249224,92.54989
2024-09-05 07:00:00+05:30,26.8,0.0,4.452954,86.722435
2024-09-05 08:00:00+05:30,27.9,0.1,6.1094027,82.534935
2024-09-05 09:00:00+05:30,28.5,0.2,5.8048253,82.11498
2024-09-05 10:00:00+05:30,29.25,0.2,5.904439,80.27728
2024-09-05 11:00:00+05:30,29.8,0.3,4.73506,78.23461
2024-09-05 12:00:00+05:30,30.25,0.3,6.162207,75.786674
2024-09-05 13:00:00+05:30,29.35,6.2,6.489992,77.93817
2024-09-05 14:00:00+05:30,29.65,0.5,2.968636,77.74976
2024-09-05 15:00:00+05:30,29.0,3.2,2.8799999,78.354225
2024-09-05 16:00:00+05:30,28.1,0.7,3.4152596,83.05251
2024-09-05 17:00:00+05:30,27.3,0.0,2.2768397,91.53869
2024-09-05 18:00:00+05:30,28.15,0.0,3.0758414,83.80395
2024-09-05 19:00:00+05:30,27.8,0.0,2.52,85.27782
2024-09-05 20:00:00+05:30,26.85,0.0,2.1897945,90.15996
2024-09-05 21:00:00+05:30,26.9,0.0,2.9024127,90.97203
2024-09-05 22:00:00+05:30,26.65,0.0,2.1897945,93.14717
2024-09-05 23:00:00+05:30,26.05,0.0,2.2768397,94.79811
2024-09-06 00:00:00+05:30,25.15,0.0,3.9763298,97.06073
2024-09-06 01:00:00+05:30,24.7,0.2,2.1897945,97.6346
2024-09-06 02:00:00+05:30,24.6,0.2,1.5273507,97.92605
2024-09-06 03:00:00+05:30,24.35,0.2,2.5455842,98.21667
2024-09-06 04:00:00+05:30,24.2,0.2,1.609969,98.806694
2024-09-06 05:00:00+05:30,24.65,0.0,3.9763298,96.75913
2024-09-06 06:00:00+05:30,26.6,0.0,3.4152596,90.68203
2024-09-06 07:00:00+05:30,28.0,0.0,5.2416787,86.83214
2024-09-06 08:00:00+05:30,29.45,0.0,7.6367526,81.74339
2024-09-06 09:00:00+05:30,30.7,0.0,8.669949,75.408424
2024-09-06 10:00:00+05:30,31.6,0.0,9.885262,69.958725
2024-09-06 11:00:00+05:30,32.3,0.0,9.19939,67.840645
2024-09-06 12:00:00+05:30,32.8,0.0,8.0899935,66.74127
2024-09-06 13:00:00+05:30,33.2,0.0,7.9932966,64.48771
2024-09-06 14:00:00+05:30,33.15,0.0,8.942214,65.05384
2024-09-06 15:00:00+05:30,32.8,0.0,8.404285,67.13786
2024-09-06 16:00:00+05:30,31.9,0.0,6.1094027,73.40446
2024-09-06 17:00:00+05:30,30.25,0.0,4.6102495,81.360176
2024-09-06 18:00:00+05:30,28.65,0.0,6.6185193,86.89103
2024-09-06 19:00:00+05:30,29.75,0.0,3.5455887,77.99555
2024-09-06 20:00:00+05:30,28.4,0.0,2.5959969,84.83325
2024-09-06 21:00:00+05:30,26.95,0.0,4.452954,92.886055
2024-09-06 22:00:00+05:30,26.65,0.0,3.2399998,94.25993
2024-09-06 23:00:00+05:30,26.4,0.0,3.2399998,94.24957
2024-09-07 00:00:00+05:30,26.3,0.0,3.671294,93.96548
2024-09-07 01:00:00+05:30,25.95,0.0,4.3349743,95.0772
2024-09-07 02:00:00+05:30,25.85,0.0,2.968636,93.66571
2024-09-07 03:00:00+05:30,25.55,0.0,3.0758414,94.21411
2024-09-07 04:00:00+05:30,25.3,0.0,3.671294,93.921715
2024-09-07 05:00:00+05:30,25.5,0.0,3.5455887,92.53382
2024-09-07 06:00:00+05:30,27.75,0.0,5.0911684,84.26157
2024-09-07 07:00:00+05:30,29.75,0.0,4.452954,77.99555
2024-09-07 08:00:00+05:30,31.15,0.0,4.3498964,74.37183
2024-09-07 09:00:00+05:30,32.25,0.0,6.3690495,70.70209
2024-09-07 10:00:00+05:30,33.05,0.0,7.9932966,66.98862
2024-09-07 11:00:00+05:30,33.5,0.0,9.290511,65.90015
2024-09-07 12:00:00+05:30,33.75,0.0,9.726664,65.75629
2024-09-07 13:00:00+05:30,34.2,0.0,7.928177,63.74784
2024-09-07 14:00:00+05:30,33.75,0.4,7.8954163,64.7929
2024-09-07 15:00:00+05:30,33.35,0.0,6.3690495,67.44425
2024-09-07 16:00:00+05:30,32.8,0.0,2.5455842,71.009445
2024-09-07 17:00:00+05:30,30.9,0.0,4.8433046,84.84087
2024-09-07 18:00:00+05:30,29.15,0.0,14.618837,84.91048
2024-09-07 19:00:00+05:30,28.3,0.0,7.386582,85.581635
2024-09-07 20:00:00+05:30,27.8,0.0,4.072935,89.69324
2024-09-07 21:00:00+05:30,27.2,0.0,3.396233,93.174095
2024-09-07 22:00:00+05:30,26.95,0.0,3.396233,93.43839
2024-09-07 23:00:00+05:30,26.9,0.0,3.219938,92.33382
2024-09-08 00:00:00+05:30,26.7,0.0,3.096837,93.98279
2024-09-08 01:00:00+05:30,26.5,0.0,1.8,94.53398
2024-09-08 02:00:00+05:30,26.25,0.0,3.319036,95.08788
2024-09-08 03:00:00+05:30,26.2,0.0,4.6938257,93.124985
2024-09-08 04:00:00+05:30,25.8,0.0,2.6208394,94.50627
2024-09-08 05:00:00+05:30,26.05,0.0,2.5455842,91.73711
2024-09-08 06:00:00+05:30,27.6,0.0,3.2599385,87.05442
2024-09-08 07:00:00+05:30,29.85,0.0,0.5091169,77.318016
2024-09-08 08:00:00+05:30,31.1,0.0,2.6208394,74.36372
2024-09-08 09:00:00+05:30,32.05,0.0,3.8773184,71.71795
2024-09-08 10:00:00+05:30,32.9,0.1,4.0249224,67.75597
2024-09-08 11:00:00+05:30,33.7,0.0,3.671294,65.55248
2024-09-08 12:00:00+05:30,34.05,0.0,5.771239,65.81679
2024-09-08 13:00:00+05:30,32.8,1.5,7.6367526,69.356155
2024-09-08 14:00:00+05:30,32.1,0.0,7.653705,73.4378
2024-09-08 15:00:00+05:30,31.55,0.0,9.659814,75.987175
2024-09-08 16:00:00+05:30,30.95,0.0,7.9932966,79.324394
2024-09-08 17:00:00+05:30,29.85,0.0,5.6920996,82.7622
2024-09-08 18:00:00+05:30,28.35,0.0,5.6002855,86.09548
2024-09-08 19:00:00+05:30,28.25,0.0,5.692099,85.57669
2024-09-08 20:00:00+05:30,27.9,0.0,4.829907,86.56554
2024-09-08 21:00:00+05:30,27.6,0.0,4.510787,87.83455
2024-09-08 22:00:00+05:30,27.4,0.0,4.6800003,88.0794
2024-09-08 23:00:00+05:30,27.15,0.0,5.00128,88.058624
2024-09-09 00:00:00+05:30,26.8,0.0,4.6800003,88.82188
2024-09-09 01:00:00+05:30,26.75,0.0,5.991594,88.02525
2024-09-09 02:00:00+05:30,26.7,0.0,5.95906,87.23428
2024-09-09 03:00:00+05:30,26.6,0.0,5.692099,87.74957
2024-09-09 04:00:00+05:30,26.35,0.0,4.829907,88.78655
2024-09-09 05:00:00+05:30,26.25,0.0,3.6179552,89.58023
2024-09-09 06:00:00+05:30,27.45,0.0,5.6002855,89.137
2024-09-09 07:00:00+05:30,29.2,0.0,3.319036,83.671036
2024-09-09 08:00:00+05:30,30.7,0.1,1.1384199,75.18532
2024-09-09 09:00:00+05:30,31.55,0.1,2.7416782,70.7855
2024-09-09 10:00:00+05:30,32.25,0.1,4.452954,68.844406
2024-09-09 11:00:00+05:30,32.85,0.0,5.0911684,68.55169
2024-09-09 12:00:00+05:30,32.9,0.0,8.049845,71.23621
2024-09-09 13:00:00+05:30,32.55,0.1,6.792466,73.51255
2024-09-09 14:00:00+05:30,32.0,0.1,4.6800003,75.611206
2024-09-09 15:00:00+05:30,29.85,2.9,9.422101,82.27585
2024-09-09 16:00:00+05:30,29.1,0.1,9.726665,83.41287
2024-09-09 17:00:00+05:30,28.4,0.0,3.0758414,88.161995
2024-09-09 18:00:00+05:30,27.6,0.0,5.8603754,84.497536
2024-09-09 19:00:00+05:30,27.2,0.0,5.6920996,86.50047
2024-09-09 20:00:00+05:30,27.1,0.0,6.725354,85.97543
2024-09-09 21:00:00+05:30,26.9,0.0,6.519877,86.472466
2024-09-09 22:00:00+05:30,26.6,0.0,4.379589,88.80618
2024-09-09 23:00:00+05:30,26.45,0.0,3.8773184,89.594925
2024-09-10 00:00:00+05:30,26.45,0.0,5.315336,89.06055
2024-09-10 01:00:00+05:30,26.65,0.0,5.3517847,87.229904
2024-09-10 02:00:00+05:30,26.25,0.0,4.5536795,89.58023
2024-09-10 03:00:00+05:30,25.95,0.0,3.5455887,91.731186
2024-09-10 04:00:00+05:30,25.85,0.0,5.1165614,92.27607
2024-09-10 05:00:00+05:30,25.7,0.0,6.151683,92.5445
2024-09-10 06:00:00+05:30,27.85,0.0,0.5091169,84.27229
2024-09-10 07:00:00+05:30,28.65,0.0,1.5273507,83.36244
2024-09-10 08:00:00+05:30,30.0,0.0,0.8049845,77.56986
2024-09-10 09:00:00+05:30,30.85,0.0,6.439876,72.57865
2024-09-10 10:00:00+05:30,31.65,0.1,8.587338,69.76041
2024-09-10 11:00:00+05:30,32.35,0.0,5.937272,67.049324
2024-09-10 12:00:00+05:30,32.75,0.1,4.6938252,66.92943
2024-09-10 13:00:00+05:30,32.3,0.1,5.3999996,69.058105
2024-09-10 14:00:00+05:30,32.4,0.9,3.319036,69.69247
2024-09-10 15:00:00+05:30,30.85,0.4,6.28713,71.93377
2024-09-10 16:00:00+05:30,29.8,0.2,10.948973,80.11149
2024-09-10 17:00:00+05:30,28.45,0.0,6.162207,84.58704
2024-09-10 18:00:00+05:30,27.65,0.0,3.9763298,88.10013
2024-09-10 19:00:00+05:30,27.65,0.0,4.6938252,88.10013
2024-09-10 20:00:00+05:30,27.5,0.0,4.39436,88.876495
2024-09-10 21:00:00+05:30,27.1,0.0,4.73506,90.17728
2024-09-10 22:00:00+05:30,26.9,0.0,4.0249224,89.62784
2024-09-10 23:00:00+05:30,26.85,0.0,3.8268526,89.0912
2024-09-11 00:00:00+05:30,26.5,0.0,3.7064266,90.1356
2024-09-11 01:00:00+05:30,26.3,0.0,4.1046314,90.66221
2024-09-11 02:00:00+05:30,26.25,0.0,3.6,90.65888
2024-09-11 03:00:00+05:30,25.9,0.0,5.3517847,93.11015
2024-09-11 04:00:00+05:30,25.85,0.0,4.802999,92.55252
2024-09-11 05:00:00+05:30,25.8,0.0,5.1919937,93.38394
2024-09-11 06:00:00+05:30,27.9,0.0,6.0347,84.52921
2024-09-11 07:00:00+05:30,29.1,0.0,8.647496,78.602394
2024-09-11 08:00:00+05:30,30.05,0.0,9.565437,75.08227
2024-09-11 09:00:00+05:30,30.65,0.1,11.609651,72.32859
2024-09-11 10:00:00+05:30,31.05,0.3,11.592895,72.182915
2024-09-11 11:00:00+05:30,29.05,2.9,11.923557,81.21098
2024-09-11 12:00:00+05:30,28.5,0.1,8.089993,84.59227
2024-09-11 13:00:00+05:30,29.7,0.3,11.183201,79.15451
2024-09-11 14:00:00+05:30,30.15,0.0,9.565437,76.22277
2024-09-11 15:00:00+05:30,30.2,0.0,8.12197,76.6842
2024-09-11 16:00:00+05:30,29.85,0.0,6.519877,79.175
2024-09-11 17:00:00+05:30,28.8,0.0,4.379589,83.62689
2024-09-11 18:00:00+05:30,27.0,0.0,4.3349743,91.79279
2024-09-11 19:00:00+05:30,27.0,0.0,3.563818,90.70836
2024-09-11 20:00:00+05:30,26.8,0.0,4.829907,92.60304
2024-09-11 21:00:00+05:30,26.85,0.0,3.6179552,90.6985
2024-09-11 22:00:00+05:30,26.85,0.0,4.3349743,89.8917
2024-09-11 23:00:00+05:30,26.65,0.0,5.4477882,90.41537
2024-09-12 00:00:00+05:30,26.35,0.0,3.5455887,92.30365
2024-09-12 01:00:00+05:30,26.0,0.0,3.0547013,93.67253
2024-09-12 02:00:00+05:30,26.0,0.0,3.319036,92.83746
2024-09-12 03:00:00+05:30,25.8,0.0,3.6,93.66344
2024-09-12 04:00:00+05:30,25.55,0.0,3.219938,94.21411
2024-09-12 05:00:00+05:30,25.25,0.0,5.3517847,93.63819
2024-09-12 06:00:00+05:30,26.95,0.0,5.771239,87.256454
2024-09-12 07:00:00+05:30,28.15,0.0,8.4963045,86.33219
2024-09-12 08:00:00+05:30,29.4,0.0,10.44,80.53538
2024-09-12 09:00:00+05:30,30.7,0.0,10.195057,71.90751
2024-09-12 10:00:00+05:30,32.0,0.0,10.296251,65.59619
2024-09-12 11:00:00+05:30,32.85,0.0,9.290511,63.842155
2024-09-12 12:00:00+05:30,33.35,0.0,7.653705,63.568707
2024-09-12 13:00:00+05:30,33.6,0.0,6.989936,63.810356
2024-09-12 14:00:00+05:30,33.7,0.0,6.1305785,64.40062
2024-09-12 15:00:00+05:30,33.1,0.0,6.9153743,67.59483
2024-09-12 16:00:00+05:30,32.3,0.0,5.3517847,73.90391
2024-09-12 17:00:00+05:30,30.6,0.0,4.6938257,80.21598
2024-09-12 18:00:00+05:30,30.8,0.0,4.6938252,75.20114
2024-09-12 19:00:00+05:30,28.6,0.0,4.3498964,88.43878
2024-09-12 20:00:00+05:30,27.95,0.0,4.0249224,87.085724
2024-09-12 21:00:00+05:30,27.4,0.0,3.7064266,88.0794
2024-09-12 22:00:00+05:30,26.95,0.0,3.4152596,89.364815
2024-09-12 23:00:00+05:30,26.8,0.0,4.1046314,89.62057
2024-09-13 00:00:00+05:30,26.6,0.0,5.0142193,90.68203
2024-09-13 01:00:00+05:30,26.4,0.0,3.8268526,91.211845
2024-09-13 02:00:00+05:30,26.25,0.0,4.072935,90.65888
2024-09-13 03:00:00+05:30,26.25,0.0,4.072935,89.31236
2024-09-13 04:00:00+05:30,26.05,0.0,4.0249224,90.104164
2024-09-13 05:00:00+05:30,26.35,0.0,5.6920996,90.665504
2024-09-13 06:00:00+05:30,27.6,0.0,4.379589,90.211815
2024-09-13 07:00:00+05:30,28.85,0.0,5.8048253,85.38306
2024-09-13 08:00:00+05:30,30.1,0.0,7.10031,79.91443
2024-09-13 09:00:00+05:30,31.4,0.1,9.531505,73.104324
2024-09-13 10:00:00+05:30,32.1,0.2,12.661564,69.8435
2024-09-13 11:00:00+05:30,32.5,0.1,14.986553,67.879295
2024-09-13 12:00:00+05:30,33.25,0.0,15.315873,65.65514
2024-09-13 13:00:00+05:30,33.8,0.0,15.7908325,60.891212
2024-09-13 14:00:00+05:30,33.95,0.0,17.709658,57.051353
2024-09-13 15:00:00+05:30,33.15,0.0,17.673029,62.961693
2024-09-13 16:00:00+05:30,31.9,0.0,15.778518,69.599846
2024-09-13 17:00:00+05:30,31.15,0.0,13.5515,70.924095
2024-09-13 18:00:00+05:30,30.15,0.0,10.1376915,69.27263
2024-09-13 19:00:00+05:30,29.2,0.0,7.172949,74.94656
2024-09-13 20:00:00+05:30,28.45,0.0,5.8603754,78.98264
2024-09-13 21:00:00+05:30,27.8,0.0,4.8965297,80.32763
2024-09-13 22:00:00+05:30,27.6,0.0,5.1919937,78.154686
2024-09-13 23:00:00+05:30,27.35,0.0,4.8965297,76.01953
2024-09-14 00:00:00+05:30,27.45,0.0,6.193674,71.548515
2024-09-14 01:00:00+05:30,27.6,0.0,5.3517847,71.35741
2024-09-14 02:00:00+05:30,27.55,0.0,6.87779,71.13102
2024-09-14 03:00:00+05:30,26.8,0.0,5.937272,77.80303
2024-09-14 04:00:00+05:30,27.1,0.0,6.638072,77.14228
2024-09-14 05:00:00+05:30,27.45,0.0,6.28713,74.66392
2024-09-14 06:00:00+05:30,28.6,0.0,5.506941,76.21282
2024-09-14 07:00:00+05:30,29.35,0.0,5.904439,76.78485
2024-09-14 08:00:00+05:30,30.05,0.0,6.638072,75.98127
2024-09-14 09:00:00+05:30,30.25,0.0,8.714677,76.46457
2024-09-14 10:00:00+05:30,30.7,0.0,10.086427,75.18532
2024-09-14 11:00:00+05:30,32.85,0.0,13.849476,62.150475
2024-09-14 12:00:00+05:30,32.5,0.0,13.722565,63.38836
2024-09-14 13:00:00+05:30,32.65,0.1,13.556282,64.3732
2024-09-14 14:00:00+05:30,32.35,0.0,15.226764,62.97827
2024-09-14 15:00:00+05:30,31.4,0.1,12.849528,68.07116
2024-09-14 16:00:00+05:30,30.95,0.0,9.028754,71.52434
2024-09-14 17:00:00+05:30,30.0,0.0,6.9527545,74.184395
2024-09-14 18:00:00+05:30,29.5,0.0,12.261158,75.669945
2024-09-14 19:00:00+05:30,28.95,0.0,10.308831,75.13167
2024-09-14 20:00:00+05:30,28.55,0.0,8.557102,74.39255
2024-09-14 21:00:00+05:30,27.7,0.0,6.489992,77.69912
2024-09-14 22:00:00+05:30,27.3,0.0,5.6233797,79.06104
2024-09-14 23:00:00+05:30,26.8,0.0,4.829907,81.17129
2024-09-15 00:00:00+05:30,25.9,0.0,4.0249224,87.42597
2024-09-15 01:00:00+05:30,25.95,0.0,2.968636,86.38314
2024-09-15 02:00:00+05:30,25.7,0.0,3.0547013,84.80682
2024-09-15 03:00:00+05:30,25.5,0.0,2.5959969,85.56013
2024-09-15 04:00:00+05:30,25.5,0.0,1.5273507,87.920135
2024-09-15 05:00:00+05:30,25.8,0.0,2.9024127,86.62999
2024-09-15 06:00:00+05:30,26.6,0.1,2.3051248,84.64552
2024-09-15 07:00:00+05:30,27.7,0.0,4.8433046,84.005
2024-09-15 08:00:00+05:30,28.2,0.0,5.771239,82.078964
2024-09-15 09:00:00+05:30,28.1,0.3,4.802999,83.54914
2024-09-15 10:00:00+05:30,28.4,0.2,2.7416782,82.8399
2024-09-15 11:00:00+05:30,28.25,0.5,4.452954,81.110535
2024-09-15 12:00:00+05:30,28.95,0.0,3.319036,78.11354
2024-09-15 13:00:00+05:30,30.45,0.0,8.557102,74.47905
2024-09-15 14:00:00+05:30,30.9,0.1,7.289445,71.51549
2024-09-15 15:00:00+05:30,29.55,1.1,6.193674,75.45212
2024-09-15 16:00:00+05:30,28.3,0.1,5.1165614,82.5819
2024-09-15 17:00:00+05:30,27.2,0.0,3.0547013,87.01852
2024-09-15 18:00:00+05:30,27.05,0.0,2.9024127,83.18135
2024-09-15 19:00:00+05:30,26.75,0.0,4.32,84.66131
2024-09-15 20:00:00+05:30,26.35,0.0,4.6938252,88.520905
2024-09-15 21:00:00+05:30,26.25,0.0,2.6208394,88.51286
2024-09-15 22:00:00+05:30,26.0,0.0,3.319036,91.46011
2024-09-15 23:00:00+05:30,25.65,0.0,3.2399998,93.65655
2024-09-16 00:00:00+05:30,25.75,0.0,4.0249224,93.66112
2024-09-16 01:00:00+05:30,25.6,0.0,4.3349743,93.93485
2024-09-16 02:00:00+05:30,25.45,0.0,2.968636,93.92827
2024-09-16 03:00:00+05:30,24.95,0.0,2.5959969,93.90625
2024-09-16 04:00:00+05:30,24.75,0.0,2.9024127,91.65988
2024-09-16 05:00:00+05:30,24.6,0.0,2.52,91.098305
2024-09-16 06:00:00+05:30,26.65,0.0,1.8,85.67431
2024-09-16 07:00:00+05:30,27.75,0.0,0.0,81.53475
2024-09-16 08:00:00+05:30,28.9,0.0,2.6208394,77.40902
2024-09-16 09:00:00+05:30,29.45,0.0,4.452954,76.79987
2024-09-16 10:00:00+05:30,30.2,0.0,2.5959969,74.43849
2024-09-16 11:00:00+05:30,31.1,0.1,1.8,71.12646
2024-09-16 12:00:00+05:30,31.65,0.2,2.7416782,69.96794
2024-09-16 13:00:00+05:30,31.5,0.3,4.73506,71.621376
2024-09-16 14:00:00+05:30,29.2,6.0,6.849467,77.6845
2024-09-16 15:00:00+05:30,28.95,0.2,4.39436,80.2381
2024-09-16 16:00:00+05:30,29.05,0.0,2.4149535,81.45248
2024-09-16 17:00:00+05:30,29.05,0.0,2.2768397,80.012794
2024-09-16 18:00:00+05:30,27.15,0.0,3.319036,90.71823
2024-09-16 19:00:00+05:30,27.2,0.0,5.6002855,89.38347
2024-09-16 20:00:00+05:30,26.9,0.0,4.39436,88.30106
2024-09-16 21:00:00+05:30,26.65,0.0,3.9763298,86.96892
2024-09-16 22:00:00+05:30,26.0,0.0,2.968636,89.293526
2024-09-16 23:00:00+05:30,25.4,0.0,2.16,92.80652
2024-09-17 00:00:00+05:30,25.2,0.0,1.484318,93.07535
2024-09-17 01:00:00+05:30,24.85,0.0,2.9024127,94.75259
2024-09-17 02:00:00+05:30,24.5,0.0,3.319036,96.17562
2024-09-17 03:00:00+05:30,24.25,0.0,3.9763298,97.04118
2024-09-17 04:00:00+05:30,24.15,0.0,2.9024127,97.03899
2024-09-17 05:00:00+05:30,24.35,0.0,2.5455842,95.88228
2024-09-17 06:00:00+05:30,27.25,0.0,3.2599385,84.71371
2024-09-17 07:00:00+05:30,28.9,0.0,2.9024127,74.44971
2024-09-17 08:00:00+05:30,30.25,0.0,3.5455887,69.29146
2024-09-17 09:00:00+05:30,31.45,0.0,3.4152596,65.483826
2024-09-17 10:00:00+05:30,32.5,0.0,4.6938257,62.0742
2024-09-17 11:00:00+05:30,33.3,0.0,5.3517847,60.237465
2024-09-17 12:00:00+05:30,33.25,0.3,7.6367526,60.587605
2024-09-17 13:00:00+05:30,33.1,0.0,6.151683,62.95103
2024-09-17 14:00:00+05:30,32.65,0.0,6.638072,65.72834
2024-09-17 15:00:00+05:30,32.1,0.4,4.802999,67.19968
2024-09-17 16:00:00+05:30,31.6,0.0,2.52,73.35438
2024-09-17 17:00:00+05:30,31.5,0.0,3.096837,69.940315
2024-09-17 18:00:00+05:30,29.15,0.0,4.6800003,82.19271
2024-09-17 19:00:00+05:30,28.25,0.0,4.802999,84.56603
2024-09-17 20:00:00+05:30,27.6,0.0,4.3349743,86.28035
2024-09-17 21:00:00+05:30,27.1,0.0,4.3349743,87.79217
2024-09-17 22:00:00+05:30,26.55,0.0,3.2399998,90.67873
2024-09-17 23:00:00+05:30,26.25,0.0,2.52,92.02314
2024-09-18 00:00:00+05:30,25.95,0.0,2.9024127,93.39107
2024-09-18 01:00:00+05:30,25.6,0.0,2.1897945,95.064674
2024-09-18 02:00:00+05:30,25.45,0.0,2.4149535,94.77539
2024-09-18 03:00:00+05:30,25.5,0.0,2.9024127,93.09027
2024-09-18 04:00:00+05:30,25.3,0.0,3.4152596,92.5231
2024-09-18 05:00:00+05:30,25.25,0.0,4.3349743,91.414276
2024-09-18 06:00:00+05:30,28.2,0.0,4.0249224,84.81253
2024-09-18 07:00:00+05:30,30.25,0.0,2.5455842,73.56482
2024-09-18 08:00:00+05:30,31.55,0.0,1.08,68.71179
2024-09-18 09:00:00+05:30,32.5,0.0,2.5959969,65.69791
2024-09-18 10:00:00+05:30,33.15,0.0,4.0249224,63.715572
2024-09-18 11:00:00+05:30,33.5,0.0,4.6938257,62.663055
2024-09-18 12:00:00+05:30,33.7,0.0,3.096837,62.149918
2024-09-18 13:00:00+05:30,33.85,0.0,4.3349743,61.630955
2024-09-18 14:00:00+05:30,33.85,0.0,6.162207,62.18244
2024-09-18 15:00:00+05:30,33.0,0.0,3.0758414,64.44611
2024-09-18 16:00:00+05:30,31.9,0.0,4.510787,72.54365
2024-09-18 17:00:00+05:30,30.35,0.0,5.315336,78.312416
2024-09-18 18:00:00+05:30,29.55,0.0,5.3517847,80.31636
2024-09-18 19:00:00+05:30,29.15,0.0,5.8048253,81.94947
2024-09-18 20:00:00+05:30,28.8,0.0,5.154415,82.39534
2024-09-18 21:00:00+05:30,28.1,0.0,4.2136917,86.071594
2024-09-18 22:00:00+05:30,27.7,0.0,3.671294,87.32256
2024-09-18 23:00:00+05:30,27.35,0.0,3.6179552,88.337746
2024-09-19 00:00:00+05:30,26.9,0.0,3.2599385,90.163414
2024-09-19 01:00:00+05:30,26.65,0.0,2.8799999,90.14605
2024-09-19 02:00:00+05:30,26.35,0.0,3.6,90.93675
2024-09-19 03:00:00+05:30,26.15,0.0,3.6,90.38137
2024-09-19 04:00:00+05:30,25.9,0.0,2.8799999,90.09366
2024-09-19 05:00:00+05:30,25.9,0.0,2.8799999,88.48464
2024-09-19 06:00:00+05:30,28.35,0.0,4.2136917,82.09699
2024-09-19 07:00:00+05:30,30.4,0.0,4.1046314,73.80928
2024-09-19 08:00:00+05:30,31.7,0.0,4.68,69.56269
2024-09-19 09:00:00+05:30,32.8,0.0,6.989936,65.36931
2024-09-19 10:00:00+05:30,33.75,0.0,6.4096174,61.97637
2024-09-19 11:00:00+05:30,34.5,0.0,5.0911684,59.08565
2024-09-19 12:00:00+05:30,35.2,0.0,4.510787,57.004562
2024-09-19 13:00:00+05:30,35.3,0.0,4.896529,56.521885
2024-09-19 14:00:00+05:30,34.95,0.0,7.24486,58.83814
2024-09-19 15:00:00+05:30,34.7,0.0,6.297428,61.090096
2024-09-19 16:00:00+05:30,33.0,0.2,6.297428,68.58016
2024-09-19 17:00:00+05:30,31.3,0.0,7.172949,73.08746
2024-09-19 18:00:00+05:30,30.5,0.0,6.12,77.87223
2024-09-19 19:00:00+05:30,30.05,0.0,7.342588,78.27005
2024-09-19 20:00:00+05:30,29.7,0.0,6.5693827,78.92006
2024-09-19 21:00:00+05:30,28.9,0.0,4.73506,82.40714
2024-09-19 22:00:00+05:30,28.2,0.0,4.802999,85.82613
2024-09-19 23:00:00+05:30,27.8,0.0,4.2136917,86.81396
2024-09-20 00:00:00+05:30,27.7,0.0,4.0249224,85.77743
2024-09-20 01:00:00+05:30,27.5,0.0,4.39436,85.50235
2024-09-20 02:00:00+05:30,27.35,0.0,5.00128,84.47106
2024-09-20 03:00:00+05:30,27.05,0.0,4.896529,83.9341
2024-09-20 04:00:00+05:30,26.8,0.0,5.0528407,82.404816
2024-09-20 05:00:00+05:30,26.45,0.0,5.3999996,82.612305
2024-09-20 06:00:00+05:30,28.2,0.0,3.6,80.13963
2024-09-20 07:00:00+05:30,30.8,0.0,2.0991426,70.0199
2024-09-20 08:00:00+05:30,32.25,0.0,3.7585104,66.23648
2024-09-20 09:00:00+05:30,33.35,0.0,5.3517847,63.38015
2024-09-20 10:00:00+05:30,34.15,0.0,5.692099,61.149952
2024-09-20 11:00:00+05:30,34.7,0.0,4.6938257,59.83706
2024-09-20 12:00:00+05:30,35.2,0.0,5.937272,58.374187
2024-09-20 13:00:00+05:30,35.4,0.0,6.849467,57.390957
2024-09-20 14:00:00+05:30,35.25,0.0,2.9024127,57.526485
2024-09-20 15:00:00+05:30,34.95,0.0,1.8,57.97132
2024-09-20 16:00:00+05:30,34.0,0.0,2.9024127,66.19512
2024-09-20 17:00:00+05:30,31.65,0.0,4.8433046,74.89267
2024-09-20 18:00:00+05:30,32.2,0.0,1.9386592,68.22517
2024-09-20 19:00:00+05:30,29.95,0.0,5.4477882,81.08343
2024-09-20 20:00:00+05:30,29.2,0.0,4.68,84.66539
2024-09-20 21:00:00+05:30,28.5,0.0,3.9763298,88.17019
2024-09-20 22:00:00+05:30,27.8,0.0,3.671294,91.29865
2024-09-20 23:00:00+05:30,27.35,0.0,3.8773184,92.08544
2024-09-21 00:00:00+05:30,27.25,0.0,2.7416782,90.45584
2024-09-21 01:00:00+05:30,26.85,0.0,3.319036,90.42885
2024-09-21 02:00:00+05:30,26.5,0.0,3.671294,90.1356
2024-09-21 03:00:00+05:30,26.25,0.0,3.9763298,87.98336
2024-09-21 04:00:00+05:30,26.0,0.0,3.9763298,85.60992
2024-09-21 05:00:00+05:30,25.9,0.0,4.3349743,84.57165
2024-09-21 06:00:00+05:30,28.55,0.0,4.896529,78.7605
2024-09-21 07:00:00+05:30,31.35,0.0,3.6,71.80769
2024-09-21 08:00:00+05:30,32.9,0.0,4.452954,65.38971
2024-09-21 09:00:00+05:30,34.0,0.0,5.154415,60.39429
2024-09-21 10:00:00+05:30,34.8,0.0,5.0911684,56.235546
2024-09-21 11:00:00+05:30,35.45,0.0,5.8603754,53.603447
2024-09-21 12:00:00+05:30,35.95,0.0,6.2145634,51.52555
2024-09-21 13:00:00+05:30,36.2,0.0,3.8939953,51.280468
2024-09-21 14:00:00+05:30,35.95,0.0,3.8268526,52.930683
2024-09-21 15:00:00+05:30,35.25,0.0,2.8116899,57.697426
2024-09-21 16:00:00+05:30,35.0,0.0,4.452954,57.127407
2024-09-21 17:00:00+05:30,32.0,0.0,5.937272,74.72843
2024-09-21 18:00:00+05:30,30.95,0.0,4.3498964,75.2248
2024-09-21 19:00:00+05:30,30.45,0.0,5.8603754,77.405945
2024-09-21 20:00:00+05:30,29.75,0.0,5.00128,80.58037
2024-09-21 21:00:00+05:30,29.3,0.0,4.8965297,82.21059
2024-09-21 22:00:00+05:30,28.9,0.0,4.510787,83.88602
2024-09-21 23:00:00+05:30,28.5,0.0,3.7585104,85.095505
2024-09-22 00:00:00+05:30,28.1,0.0,3.6179552,85.30796
2024-09-22 01:00:00+05:30,27.85,0.0,3.671294,84.523926
2024-09-22 02:00:00+05:30,27.45,0.0,3.219938,85.24245
2024-09-22 03:00:00+05:30,27.1,0.0,3.7585104,84.95218
2024-09-22 04:00:00+05:30,26.85,0.0,5.0528407,84.16472
2024-09-22 05:00:00+05:30,26.7,0.0,6.489992,83.39211
2024-09-22 06:00:00+05:30,28.3,0.0,6.489992,80.8749
2024-09-22 07:00:00+05:30,30.75,0.0,5.8603754,72.99443
2024-09-22 08:00:00+05:30,32.45,0.0,6.924738,66.6718
2024-09-22 09:00:00+05:30,33.5,0.0,8.699793,63.600376
2024-09-22 10:00:00+05:30,34.4,0.0,8.557102,60.483524
2024-09-22 11:00:00+05:30,35.2,0.0,7.10031,58.02912
2024-09-22 12:00:00+05:30,35.8,0.0,7.42159,56.807686
2024-09-22 13:00:00+05:30,36.1,0.0,5.6233797,55.71223
2024-09-22 14:00:00+05:30,35.95,0.0,5.3517847,56.50746
2024-09-22 15:00:00+05:30,35.55,0.0,5.1165614,58.800995
2024-09-22 16:00:00+05:30,34.4,0.0,4.1046314,67.64774
2024-09-22 17:00:00+05:30,32.45,0.0,4.8433046,71.78791
2024-09-22 18:00:00+05:30,32.4,0.0,4.3349743,76.33978
2024-09-22 19:00:00+05:30,32.15,0.0,2.6208394,75.856415
2024-09-22 20:00:00+05:30,30.55,0.0,5.04,84.06444
2024-09-22 21:00:00+05:30,29.95,0.0,4.68,87.00761
2024-09-22 22:00:00+05:30,29.45,0.0,4.3349743,89.81149
2024-09-22 23:00:00+05:30,29.05,0.0,3.9763298,91.37509
2024-09-23 00:00:00+05:30,28.6,0.0,4.3349743,93.51541
2024-09-23 01:00:00+05:30,28.4,0.0,3.671294,93.23238
2024-09-23 02:00:00+05:30,27.9,0.0,2.8799999,94.8672
2024-09-23 03:00:00+05:30,27.65,0.0,2.5455842,93.74714
2024-09-23 04:00:00+05:30,27.35,0.0,3.7585104,93.18141
2024-09-23 05:00:00+05:30,27.35,0.0,4.896529,91.00074
2024-09-23 06:00:00+05:30,29.85,0.0,6.193674,79.64531
2024-09-23 07:00:00+05:30,31.9,0.0,7.0911775,73.83821
2024-09-23 08:00:00+05:30,33.75,0.0,9.746631,67.91993
2024-09-23 09:00:00+05:30,35.2,0.0,11.304229,61.200027
2024-09-23 10:00:00+05:30,36.2,0.0,11.770403,56.90139
2024-09-23 11:00:00+05:30,36.65,0.0,10.948973,55.514194
2024-09-23 12:00:00+05:30,37.15,0.0,9.826088,54.177216
2024-09-23 13:00:00+05:30,37.45,0.0,9.422101,54.090137
2024-09-23 14:00:00+05:30,37.25,0.0,10.703569,54.68279
2024-09-23 15:00:00+05:30,36.45,0.0,9.220499,57.46539
2024-09-23 16:00:00+05:30,35.4,0.0,3.319036,69.83499
2024-09-23 17:00:00+05:30,35.75,0.0,4.452954,59.54431
2024-09-23 18:00:00+05:30,32.75,0.0,6.28713,66.33672
2024-09-23 19:00:00+05:30,31.25,0.0,8.707238,75.94112
2024-09-23 20:00:00+05:30,30.35,0.0,7.342588,79.47724
2024-09-23 21:00:00+05:30,29.8,0.0,3.7585104,81.06461
2024-09-23 22:00:00+05:30,29.35,0.0,4.072935,82.70434
2024-09-23 23:00:00+05:30,29.05,0.0,4.8433046,82.914795
2024-09-24 00:00:00+05:30,28.8,0.0,4.3498964,82.15094
2024-09-24 01:00:00+05:30,28.2,0.0,3.4152596,84.05924
2024-09-24 02:00:00+05:30,28.0,0.0,3.7585104,80.594864
2024-09-24 03:00:00+05:30,27.8,0.0,4.2136917,78.18335
2024-09-24 04:00:00+05:30,27.65,0.0,4.68,74.923225
2024-09-24 05:00:00+05:30,27.1,0.0,5.0528407,76.2117
2024-09-24 06:00:00+05:30,28.75,0.0,1.8,87.4143
2024-09-24 07:00:00+05:30,27.95,12.0,5.6233797,87.085724
2024-09-24 08:00:00+05:30,27.6,0.2,8.225035,91.55667
2024-09-24 09:00:00+05:30,28.0,0.4,4.5536795,93.213005
2024-09-24 10:00:00+05:30,29.65,0.7,7.4128532,85.714005
2024-09-24 11:00:00+05:30,30.1,0.3,12.287555,79.44359
2024-09-24 12:00:00+05:30,30.55,0.1,10.948973,74.49527
2024-09-24 13:00:00+05:30,32.0,0.0,12.879752,68.38969
2024-09-24 14:00:00+05:30,30.6,1.2,6.489992,75.39272
2024-09-24 15:00:00+05:30,29.2,1.2,7.6367526,81.47101
2024-09-24 16:00:00+05:30,28.25,0.2,2.8116899,86.59786
2024-09-24 17:00:00+05:30,27.65,0.3,1.8,90.48277
2024-09-24 18:00:00+05:30,25.1,6.8,8.64,97.64158
2024-09-24 19:00:00+05:30,25.6,0.2,6.12,94.216225
2024-09-24 20:00:00+05:30,25.55,0.6,5.2416787,95.34729
2024-09-24 21:00:00+05:30,25.45,0.4,4.198285,96.20215
2024-09-24 22:00:00+05:30,25.5,0.2,1.9386592,97.35801
2024-09-24 23:00:00+05:30,25.6,0.1,3.2599385,97.35995
2024-09-25 00:00:00+05:30,25.6,0.0,2.9024127,98.81901
2024-09-25 01:00:00+05:30,25.45,0.0,2.4149535,97.93904
2024-09-25 02:00:00+05:30,25.5,0.0,8.4042845,97.35801
2024-09-25 03:00:00+05:30,25.35,0.1,6.162207,97.35509
2024-09-25 04:00:00+05:30,25.3,0.1,5.0528407,96.48591
2024-09-25 05:00:00+05:30,25.45,0.5,3.9763298,96.20215
2024-09-25 06:00:00+05:30,26.2,0.1,7.172949,89.30858
2024-09-25 07:00:00+05:30,26.6,0.0,6.8777895,88.54097
2024-09-25 08:00:00+05:30,26.9,0.0,4.3274937,88.037796
2024-09-25 09:00:00+05:30,27.9,0.1,5.2323985,85.28788
2024-09-25 10:00:00+05:30,29.15,0.1,4.6730714,79.551346
2024-09-25 11:00:00+05:30,29.65,0.1,3.6402748,76.60139
2024-09-25 12:00:00+05:30,30.25,0.5,2.226477,75.11404
2024-09-25 13:00:00+05:30,29.85,0.9,3.244996,78.241684
2024-09-25 14:00:00+05:30,27.1,9.2,0.54,90.71493
2024-09-25 15:00:00+05:30,26.7,0.8,4.91634,92.32285
2024-09-25 16:00:00+05:30,26.9,0.8,2.52,91.24299
2024-09-25 17:00:00+05:30,26.6,0.8,3.4247334,94.53794
2024-09-25 18:00:00+05:30,26.4,0.6,2.0523157,93.41247
2024-09-25 19:00:00+05:30,26.25,0.3,3.2048087,95.08788
2024-09-25 20:00:00+05:30,26.35,0.0,1.1525624,96.51279
2024-09-25 21:00:00+05:30,25.9,0.0,2.7475805,97.076866
2024-09-25 22:00:00+05:30,26.15,0.1,3.693291,96.79459
2024-09-25 23:00:00+05:30,25.75,0.6,7.3094187,97.652855
2024-09-26 00:00:00+05:30,25.55,3.5,4.293669,97.35903
2024-09-26 01:00:00+05:30,25.5,3.8,3.4388947,97.06828
2024-09-26 02:00:00+05:30,25.5,1.5,2.2553935,96.7793
2024-09-26 03:00:00+05:30,25.3,0.8,3.9477081,97.64506
2024-09-26 04:00:00+05:30,24.95,2.6,3.189608,93.624374
2024-09-26 05:00:00+05:30,25.1,2.1,3.244996,93.07031
2024-09-26 06:00:00+05:30,24.95,0.1,6.302571,94.472275
2024-09-26 07:00:00+05:30,25.1,1.3,6.542201,93.912865
2024-09-26 08:00:00+05:30,25.15,1.0,6.3639607,93.6336
2024-09-26 09:00:00+05:30,25.35,1.3,6.320538,92.803925
2024-09-26 10:00:00+05:30,25.5,1.6,6.1437774,92.53382
2024-09-26 11:00:00+05:30,25.45,2.4,6.66,93.0878
2024-09-26 12:00:00+05:30,25.45,1.5,6.5520988,93.0878
2024-09-26 13:00:00+05:30,25.7,1.0,5.2416787,91.716415
2024-09-26 14:00:00+05:30,26.05,0.4,3.2846913,88.762886
2024-09-26 15:00:00+05:30,26.0,0.4,2.9522195,89.83092
2024-09-26 16:00:00+05:30,25.7,0.5,2.0364676,90.62233
2024-09-26 17:00:00+05:30,25.45,1.3,0.9,94.77539
2024-09-26 18:00:00+05:30,24.9,0.0,1.5484185,93.90408
2024-09-26 19:00:00+05:30,24.8,0.0,2.0523157,93.61748
2024-09-26 20:00:00+05:30,24.6,0.0,1.8792552,96.17844
2024-09-26 21:00:00+05:30,24.6,0.0,2.5959969,95.60199
2024-09-26 22:00:00+05:30,24.6,0.1,1.6981165,97.34044
2024-09-26 23:00:00+05:30,24.7,0.1,1.6199999,94.462234
2024-09-27 00:00:00+05:30,24.45,0.4,1.659518,97.04553
2024-09-27 01:00:00+05:30,24.4,0.3,1.4058449,97.04445
2024-09-27 02:00:00+05:30,24.3,0.2,1.7076298,97.62761
2024-09-27 03:00:00+05:30,24.45,0.3,0.25455844,94.16777
2024-09-27 04:00:00+05:30,24.15,0.3,1.6199999,97.33162
2024-09-27 05:00:00+05:30,24.25,0.4,2.226477,97.04118
2024-09-27 06:00:00+05:30,25.0,0.2,0.9178235,91.95147
2024-09-27 07:00:00+05:30,26.05,0.1,1.7727944,85.87346
2024-09-27 08:00:00+05:30,26.95,0.0,3.710795,82.67109
2024-09-27 09:00:00+05:30,26.9,0.0,4.4274144,82.66524
2024-09-27 10:00:00+05:30,27.1,0.0,5.3517847,82.68863
2024-09-27 11:00:00+05:30,28.4,0.0,5.5829024,77.80098
2024-09-27 12:00:00+05:30,29.15,0.1,4.0249224,75.389084
2024-09-27 13:00:00+05:30,29.15,0.1,2.8856194,74.93858
2024-09-27 14:00:00+05:30,29.3,0.1,4.379589,75.865234
2024-09-27 15:00:00+05:30,27.5,0.2,7.5019197,83.232544
2024-09-27 16:00:00+05:30,26.9,0.3,5.4029994,86.73165
2024-09-27 17:00:00+05:30,26.05,0.1,5.293959,90.917435
2024-09-27 18:00:00+05:30,25.9,0.0,5.0142193,89.018166
2024-09-27 19:00:00+05:30,25.3,0.0,3.9966483,92.5231
2024-09-27 20:00:00+05:30,24.9,0.0,3.7064266,95.61166
2024-09-27 21:00:00+05:30,25.0,0.0,5.068846,95.61485
2024-09-27 22:00:00+05:30,24.7,0.0,5.5829024,97.34242
2024-09-27 23:00:00+05:30,24.4,0.0,3.964089,98.80849
2024-09-28 00:00:00+05:30,24.15,0.0,2.968636,99.7004
2024-09-28 01:00:00+05:30,24.0,0.0,3.2399998,99.70004
2024-09-28 02:00:00+05:30,23.8,0.0,3.4199998,99.69963
2024-09-28 03:00:00+05:30,23.65,0.0,2.0124612,99.39931
2024-09-28 04:00:00+05:30,23.5,0.0,2.657668,98.80043
2024-09-28 05:00:00+05:30,23.65,0.0,2.3469126,98.504196
2024-09-28 06:00:00+05:30,25.1,0.0,5.1544156,91.40506
2024-09-28 07:00:00+05:30,26.2,0.1,3.2399998,86.66707
2024-09-28 08:00:00+05:30,27.25,0.0,3.219938,82.21088
2024-09-28 09:00:00+05:30,28.1,0.0,6.552099,81.0916
2024-09-28 10:00:00+05:30,28.3,0.1,10.703569,81.846504
2024-09-28 11:00:00+05:30,28.3,0.2,9.354806,82.09102
2024-09-28 12:00:00+05:30,29.3,0.2,12.576836,79.57151
2024-09-28 13:00:00+05:30,28.6,0.3,14.221139,81.882935
2024-09-28 14:00:00+05:30,29.0,0.2,11.767651,78.354225
2024-09-28 15:00:00+05:30,28.8,0.1,13.723745,76.93223
2024-09-28 16:00:00+05:30,28.0,0.1,9.224011,83.28919
2024-09-28 17:00:00+05:30,27.0,0.0,5.402999,89.10267
2024-09-28 18:00:00+05:30,25.9,0.0,3.4199998,93.94801
2024-09-28 19:00:00+05:30,25.75,0.0,3.319036,93.66112
2024-09-28 20:00:00+05:30,25.2,0.0,2.4482648,95.621254
2024-09-28 21:00:00+05:30,25.05,0.0,4.2175345,96.19103
2024-09-28 22:00:00+05:30,24.6,0.0,3.319036,96.75789
2024-09-28 23:00:00+05:30,24.5,0.0,3.494968,96.46518
2024-09-29 00:00:00+05:30,24.5,0.0,3.710795,96.75552
2024-09-29 01:00:00+05:30,24.55,0.1,4.3349743,97.632
2024-09-29 02:00:00+05:30,24.6,0.1,3.4199998,97.92605
2024-09-29 03:00:00+05:30,24.5,0.3,1.659518,98.80932
2024-09-29 04:00:00+05:30,24.65,0.4,1.6981165,97.63376
2024-09-29 05:00:00+05:30,24.75,0.4,1.5379207,97.05206
2024-09-29 06:00:00+05:30,25.6,0.1,2.5071096,93.09524
2024-09-29 07:00:00+05:30,25.35,0.5,1.484318,95.62604
2024-09-29 08:00:00+05:30,26.1,0.3,3.96,92.28987
2024-09-29 09:00:00+05:30,27.45,0.0,8.107996,86.26616
2024-09-29 10:00:00+05:30,28.8,0.1,11.521406,79.26724
2024-09-29 11:00:00+05:30,29.75,0.1,11.866355,75.93491
2024-09-29 12:00:00+05:30,29.75,0.1,13.849476,74.81084
2024-09-29 13:00:00+05:30,30.0,0.2,12.0653715,76.88217
2024-09-29 14:00:00+05:30,29.9,0.1,12.791403,77.78588
2024-09-29 15:00:00+05:30,29.45,0.0,10.299397,78.184875
2024-09-29 16:00:00+05:30,28.95,0.0,6.2483597,80.71701
2024-09-29 17:00:00+05:30,27.45,0.0,4.379589,88.60888
2024-09-29 18:00:00+05:30,26.5,0.0,2.5071096,91.76353
2024-09-29 19:00:00+05:30,26.5,0.3,4.293669,90.675415
2024-09-29 20:00:00+05:30,26.4,0.2,4.6938252,91.4844
2024-09-29 21:00:00+05:30,25.75,0.2,3.4152596,95.63878
2024-09-29 22:00:00+05:30,25.5,0.4,3.6,96.49103
2024-09-29 23:00:00+05:30,25.25,0.6,1.4058449,97.35314
2024-09-30 00:00:00+05:30,25.15,0.3,1.0495713,97.93447
2024-09-30 01:00:00+05:30,25.0,0.8,2.0523157,98.225266
2024-09-30 02:00:00+05:30,24.85,0.4,2.3400002,97.92989
2024-09-30 03:00:00+05:30,24.7,0.3,2.3400002,98.221306
2024-09-30 04:00:00+05:30,24.75,0.4,1.0948973,97.92832
2024-09-30 05:00:00+05:30,24.85,0.2,1.3708391,97.34534
2024-09-30 06:00:00+05:30,25.4,0.4,3.244996,96.77694
2024-09-30 07:00:00+05:30,26.25,0.2,2.968636,93.683914
2024-09-30 08:00:00+05:30,27.35,0.1,4.6800003,92.08544
2024-09-30 09:00:00+05:30,28.7,0.1,8.967541,84.36288
2024-09-30 10:00:00+05:30,29.5,0.1,11.304229,80.78724
2024-09-30 11:00:00+05:30,30.35,0.1,12.703715,77.391335
2024-09-30 12:00:00+05:30,31.0,0.1,14.848635,73.47142
2024-09-30 13:00:00+05:30,30.85,0.1,14.133153,75.20904
2024-09-30 14:00:00+05:30,30.7,0.1,12.9249525,76.08118
2024-09-30 15:00:00+05:30,30.3,0.2,11.074022,76.472176
2024-09-30 16:00:00+05:30,29.35,0.2,6.638072,81.24841
2024-09-30 17:00:00+05:30,28.25,0.0,4.1556225,87.62971
2024-09-30 18:00:00+05:30,27.3,0.0,3.4949677,92.903824
2024-09-30 19:00:00+05:30,27.05,0.1,3.4949677,93.443115
2024-09-30 20:00:00+05:30,26.65,0.1,2.97953,94.25993
2024-09-30 21:00:00+05:30,26.4,0.0,2.7475805,94.53008
2024-09-30 22:00:00+05:30,25.9,0.0,1.7076298,95.92873
2024-09-30 23:00:00+05:30,25.65,0.5,4.186693,93.65655
2024-10-01 00:00:00+05:30,25.5,1.4,5.7402787,95.63083
2024-10-01 01:00:00+05:30,25.55,0.6,3.0652893,95.91832
2024-10-01 02:00:00+05:30,25.5,0.2,4.143911,96.7793
2024-10-01 03:00:00+05:30,25.0,2.8,5.4744864,97.05749
2024-10-01 04:00:00+05:30,24.2,2.9,5.771239,97.62583
2024-10-01 05:00:00+05:30,24.0,0.2,3.06,98.508095
2024-10-01 06:00:00+05:30,25.6,0.2,1.484318,96.493614
2024-10-01 07:00:00+05:30,25.95,2.2,5.4029994,92.55786
2024-10-01 08:00:00+05:30,26.1,0.5,7.0407386,93.39822
2024-10-01 09:00:00+05:30,26.3,0.2,4.73506,92.300934
2024-10-01 10:00:00+05:30,27.25,0.2,8.404285,89.12176
2024-10-01 11:00:00+05:30,27.25,4.2,7.1389914,90.45584
2024-10-01 12:00:00+05:30,27.1,0.9,3.148714,87.53062
2024-10-01 13:00:00+05:30,27.55,0.1,5.020677,84.74505
2024-10-01 14:00:00+05:30,28.3,0.0,3.244996,81.35943
2024-10-01 15:00:00+05:30,28.5,0.0,4.2481523,81.14201
2024-10-01 16:00:00+05:30,28.1,0.0,2.3051248,85.054756
2024-10-01 17:00:00+05:30,26.85,0.0,4.3498964,89.8917
2024-10-01 18:00:00+05:30,26.75,0.0,3.710795,91.50557
2024-10-01 19:00:00+05:30,26.2,0.0,3.8183763,94.24126
2024-10-01 20:00:00+05:30,25.75,0.0,2.5582807,96.49744
2024-10-01 21:00:00+05:30,25.6,0.0,3.4199998,97.07044
2024-10-01 22:00:00+05:30,25.65,0.0,4.175069,96.782845
2024-10-01 23:00:00+05:30,25.4,0.0,3.6402748,97.35611
2024-10-02 00:00:00+05:30,25.2,0.0,4.1125174,97.93523
2024-10-02 01:00:00+05:30,25.0,0.0,3.2846913,97.93216
2024-10-02 02:00:00+05:30,24.8,0.0,3.604497,98.81201
2024-10-02 03:00:00+05:30,24.45,0.0,3.01735,99.105484
2024-10-02 04:00:00+05:30,24.8,0.0,6.8423676,99.107834
2024-10-02 05:00:00+05:30,24.9,0.0,7.229191,99.4049
2024-10-02 06:00:00+05:30,25.35,0.6,4.6938257,97.06504
2024-10-02 07:00:00+05:30,25.2,2.6,9.82114,98.227875
2024-10-02 08:00:00+05:30,25.2,0.3,11.368535,97.93523
2024-10-02 09:00:00+05:30,26.55,1.0,12.093535,91.76652
2024-10-02 10:00:00+05:30,28.15,0.1,10.51576,84.05385
2024-10-02 11:00:00+05:30,29.35,0.2,10.993271,80.05232
2024-10-02 12:00:00+05:30,30.0,0.2,9.9977,77.8003
2024-10-02 13:00:00+05:30,30.1,0.6,10.132897,74.20078
2024-10-02 14:00:00+05:30,29.9,0.0,10.094454,77.78588
2024-10-02 15:00:00+05:30,27.45,3.6,6.945761,87.5609
2024-10-02 16:00:00+05:30,27.45,1.6,2.1674871,88.08352
2024-10-02 17:00:00+05:30,26.8,0.1,3.6,93.43134
2024-10-02 18:00:00+05:30,27.0,0.0,7.3447943,89.63511
2024-10-02 19:00:00+05:30,26.35,0.0,7.102591,91.75473
2024-10-02 20:00:00+05:30,26.05,0.0,7.0774574,93.117584
2024-10-02 21:00:00+05:30,25.9,0.0,8.099999,93.94801
2024-10-02 22:00:00+05:30,25.95,0.0,10.4166975,93.670265
2024-10-02 23:00:00+05:30,25.85,0.0,9.444426,94.50823
2024-10-03 00:00:00+05:30,25.5,0.1,11.103243,95.9168
2024-10-03 01:00:00+05:30,25.25,0.0,10.823973,96.48459
2024-10-03 02:00:00+05:30,25.2,0.1,11.440978,97.061806
2024-10-03 03:00:00+05:30,25.1,0.0,12.429127,97.05965
2024-10-03 04:00:00+05:30,25.0,0.5,14.417988,93.908485
2024-10-03 05:00:00+05:30,24.65,2.4,8.821836,95.030396
2024-10-03 06:00:00+05:30,25.5,0.3,13.379461,92.53382
2024-10-03 07:00:00+05:30,25.55,1.8,11.688918,93.652
2024-10-03 08:00:00+05:30,25.55,0.7,11.966954,93.652
2024-10-03 09:00:00+05:30,26.0,0.2,13.905509,90.37112
2024-10-03 10:00:00+05:30,25.75,0.5,14.810401,91.44487
2024-10-03 11:00:00+05:30,26.5,0.7,15.086748,88.26828
2024-10-03 12:00:00+05:30,27.3,0.3,15.226764,85.48243
2024-10-03 13:00:00+05:30,26.9,0.4,12.304682,88.037796
2024-10-03 14:00:00+05:30,26.65,0.8,13.709573,91.227455
2024-10-03 15:00:00+05:30,26.0,0.9,12.093535,93.393456
2024-10-03 16:00:00+05:30,25.75,1.1,11.7827835,93.66112
2024-10-03 17:00:00+05:30,25.45,1.4,13.433838,94.77539
2024-10-03 18:00:00+05:30,24.8,0.8,12.783802,95.60842
2024-10-03 19:00:00+05:30,24.65,1.3,12.791403,96.17986
2024-10-03 20:00:00+05:30,24.6,2.1,14.192631,96.75789
2024-10-03 21:00:00+05:30,24.6,3.8,13.169555,96.75789
2024-10-03 22:00:00+05:30,24.5,3.1,14.539945,96.75552
2024-10-03 23:00:00+05:30,24.4,2.1,13.708391,95.883835
2024-10-04 00:00:00+05:30,24.2,1.4,12.399112,96.74834
2024-10-04 01:00:00+05:30,24.0,0.7,11.903159,97.62233
2024-10-04 02:00:00+05:30,23.85,1.2,10.661107,97.619705
2024-10-04 03:00:00+05:30,23.8,2.3,10.261579,97.61881
2024-10-04 04:00:00+05:30,23.7,2.3,10.564941,97.91217
2024-10-04 05:00:00+05:30,23.6,1.6,9.039514,98.206726
2024-10-04 06:00:00+05:30,23.95,0.5,11.230904,96.450874
2024-10-04 07:00:00+05:30,23.95,0.5,11.307095,96.74233
2024-10-04 08:00:00+05:30,24.15,1.0,10.310403,97.625
2024-10-04 09:00:00+05:30,24.6,1.9,12.580699,93.89077
2024-10-04 10:00:00+05:30,24.95,2.1,12.241323,92.226036
2024-10-04 11:00:00+05:30,25.2,2.5,10.261579,92.79616
2024-10-04 12:00:00+05:30,25.3,2.5,10.897063,93.360054
2024-10-04 13:00:00+05:30,25.4,2.4,12.0694,91.69865
2024-10-04 14:00:00+05:30,25.1,2.3,9.927779,95.04668
2024-10-04 15:00:00+05:30,25.0,2.2,9.059205,96.478134
2024-10-04 16:00:00+05:30,24.8,1.4,9.340941,97.05314
2024-10-04 17:00:00+05:30,24.7,1.4,9.826088,96.18122
2024-10-04 18:00:00+05:30,24.5,2.3,8.477216,96.46518
2024-10-04 19:00:00+05:30,24.35,1.4,11.885453,96.75192
2024-10-04 20:00:00+05:30,24.1,1.5,10.172787,97.33059
2024-10-04 21:00:00+05:30,23.8,2.9,5.441838,98.505875
2024-10-04 22:00:00+05:30,23.85,3.4,10.272623,97.9145
2024-10-04 23:00:00+05:30,23.85,1.0,7.538541,98.50643
2024-10-05 00:00:00+05:30,23.8,0.5,9.059205,98.80315
2024-10-05 01:00:00+05:30,23.75,2.9,6.638072,97.32366
2024-10-05 02:00:00+05:30,23.55,3.2,11.052058,97.90987
2024-10-05 03:00:00+05:30,23.55,1.6,9.080639,98.20609
2024-10-05 04:00:00+05:30,23.25,1.5,8.311245,98.79819
2024-10-05 05:00:00+05:30,23.45,0.5,6.1120534,98.20471
2024-10-05 06:00:00+05:30,23.65,0.5,7.9383874,97.02803
2024-10-05 07:00:00+05:30,24.05,3.2,8.825508,97.32964
2024-10-05 08:00:00+05:30,24.3,2.3,6.5024605,96.46002
2024-10-05 09:00:00+05:30,24.5,1.9,10.823973,94.73918
2024-10-05 10:00:00+05:30,25.2,1.3,11.659777,90.316315
2024-10-05 11:00:00+05:30,25.35,1.0,11.465024,90.32661
2024-10-05 12:00:00+05:30,25.15,0.5,12.295462,90.3129
2024-10-05 13:00:00+05:30,24.8,1.6,9.621163,94.18256
2024-10-05 14:00:00+05:30,24.7,2.0,9.901636,94.462234
2024-10-05 15:00:00+05:30,24.8,0.7,7.7420926,93.055336
2024-10-05 16:00:00+05:30,24.45,0.8,4.613762,96.46389
2024-10-05 17:00:00+05:30,24.35,1.2,2.4482648,97.04334
2024-10-05 18:00:00+05:30,24.4,0.5,5.5450516,96.75316
2024-10-05 19:00:00+05:30,24.05,0.6,5.1826253,97.62322
2024-10-05 20:00:00+05:30,23.8,2.5,6.623413,97.324715
2024-10-05 21:00:00+05:30,23.7,2.3,5.0528407,96.73632
2024-10-05 22:00:00+05:30,23.6,0.6,5.195113,97.02694
2024-10-05 23:00:00+05:30,23.45,0.1,4.6834598,97.612595
2024-10-06 00:00:00+05:30,23.15,0.0,2.5772076,98.498634
2024-10-06 01:00:00+05:30,23.2,0.0,3.3043609,98.79775
2024-10-06 02:00:00+05:30,23.1,0.0,2.9522195,98.49806
2024-10-06 03:00:00+05:30,23.15,0.0,4.080882,97.90362
2024-10-06 04:00:00+05:30,23.05,0.0,1.6199999,98.79643
2024-10-06 05:00:00+05:30,23.1,0.1,1.4512063,98.796844
2024-10-06 06:00:00+05:30,23.4,0.0,8.936778,96.436455
2024-10-06 07:00:00+05:30,23.75,1.2,9.7565975,94.71031
2024-10-06 08:00:00+05:30,23.8,3.1,8.297589,94.99947
2024-10-06 09:00:00+05:30,24.15,3.0,5.297018,93.87082
2024-10-06 10:00:00+05:30,24.7,2.0,4.6730714,91.65691
2024-10-06 11:00:00+05:30,25.1,1.1,3.693291,90.03732
2024-10-06 12:00:00+05:30,25.75,0.3,2.4482648,86.88712
2024-10-06 13:00:00+05:30,27.05,0.2,1.6981165,80.71471
2024-10-06 14:00:00+05:30,27.85,0.3,5.771239,77.72099
2024-10-06 15:00:00+05:30,27.6,0.1,4.2175345,77.45034
2024-10-06 16:00:00+05:30,27.1,0.0,1.9134263,84.698
2024-10-06 17:00:00+05:30,26.8,0.0,2.8001428,79.71244
2024-10-06 18:00:00+05:30,24.6,0.0,3.8183763,93.60821
2024-10-06 19:00:00+05:30,24.45,0.0,3.9477081,95.30976
2024-10-06 20:00:00+05:30,23.9,0.0,4.846648,97.32668
2024-10-06 21:00:00+05:30,23.7,0.0,3.7842832,97.32269
2024-10-06 22:00:00+05:30,23.7,0.0,3.6,97.61702
2024-10-06 23:00:00+05:30,23.2,0.0,5.00128,97.904396
2024-10-07 00:00:00+05:30,23.85,0.0,2.5582807,95.28913
2024-10-07 01:00:00+05:30,23.6,0.0,2.0364676,96.15025
2024-10-07 02:00:00+05:30,23.05,0.0,2.8116899,97.30979
2024-10-07 03:00:00+05:30,23.15,0.0,2.9024127,95.845856
2024-10-07 04:00:00+05:30,23.2,0.0,2.4482646,94.40132
2024-10-07 05:00:00+05:30,22.8,0.0,2.8460495,95.25272
2024-10-07 06:00:00+05:30,24.25,0.0,2.4014995,92.466354
2024-10-07 07:00:00+05:30,25.95,0.0,2.7416782,86.12307
2024-10-07 08:00:00+05:30,27.45,0.0,3.3092594,80.76615
2024-10-07 09:00:00+05:30,28.55,0.0,4.4274144,76.89475
2024-10-07 10:00:00+05:30,29.35,0.0,4.327493,74.29998
2024-10-07 11:00:00+05:30,30.1,0.0,4.143911,70.52269
2024-10-07 12:00:00+05:30,30.45,0.0,5.1481256,67.47978
2024-10-07 13:00:00+05:30,30.65,0.0,6.6818557,65.91307
2024-10-07 14:00:00+05:30,30.05,0.0,6.5520988,67.60472
2024-10-07 15:00:00+05:30,29.6,0.0,5.4149795,71.07012
2024-10-07 16:00:00+05:30,28.6,0.0,2.4482648,83.10958
2024-10-07 17:00:00+05:30,27.9,0.0,4.080882,80.581955
2024-10-07 18:00:00+05:30,26.5,0.0,4.5,86.17579
2024-10-07 19:00:00+05:30,25.6,0.1,6.7757506,90.072586
2024-10-07 20:00:00+05:30,24.85,0.2,2.0124612,95.32345
2024-10-07 21:00:00+05:30,24.65,0.0,2.1674871,96.17986
2024-10-07 22:00:00+05:30,24.2,0.2,7.10031,97.33259
2024-10-07 23:00:00+05:30,23.75,0.1,2.9024127,97.61793
2024-10-08 00:00:00+05:30,23.6,0.0,2.6208394,97.91062
2024-10-08 01:00:00+05:30,23.05,0.0,3.362677,98.79643
2024-10-08 02:00:00+05:30,23.15,0.0,2.4482646,98.498634
2024-10-08 03:00:00+05:30,22.9,0.0,2.8116899,98.79506
2024-10-08 04:00:00+05:30,22.7,0.1,3.319036,98.19467
2024-10-08 05:00:00+05:30,22.95,0.2,1.7727944,97.30777
2024-10-08 06:00:00+05:30,25.0,0.1,3.0652895,91.12374
2024-10-08 07:00:00+05:30,25.5,0.4,4.952453,87.655106
2024-10-08 08:00:00+05:30,25.75,1.2,5.2200003,86.10383
2024-10-08 09:00:00+05:30,26.85,0.2,3.671294,83.15851
2024-10-08 10:00:00+05:30,28.2,0.0,5.1544156,79.90004
2024-10-08 11:00:00+05:30,28.7,0.0,7.0038276,78.31166
2024-10-08 12:00:00+05:30,28.95,0.0,7.5213294,76.72467
2024-10-08 13:00:00+05:30,29.25,0.0,7.519175,75.40484
2024-10-08 14:00:00+05:30,29.15,0.0,6.8541956,76.06926
2024-10-08 15:00:00+05:30,27.55,0.4,8.461914,81.02206
2024-10-08 16:00:00+05:30,26.85,0.0,4.613762,84.92637
2024-10-08 17:00:00+05:30,25.6,0.0,4.198285,91.986
2024-10-08 18:00:00+05:30,26.2,0.0,2.5264204,88.77473
2024-10-08 19:00:00+05:30,25.25,0.0,3.6179552,92.520386
2024-10-08 20:00:00+05:30,24.05,1.1,15.676542,97.036804
2024-10-08 21:00:00+05:30,23.6,0.6,1.5273507,94.41765
2024-10-08 22:00:00+05:30,23.35,0.7,4.3536186,95.85192
2024-10-08 23:00:00+05:30,23.4,0.2,3.536439,96.72913
2024-10-09 00:00:00+05:30,23.6,0.0,0.9,97.02694
2024-10-09 01:00:00+05:30,23.65,0.0,2.226477,96.15169
2024-10-09 02:00:00+05:30,23.45,0.0,3.8939953,97.612595
2024-10-09 03:00:00+05:30,23.4,0.3,4.1556225,97.61176
2024-10-09 04:00:00+05:30,23.15,1.7,4.6730714,97.90362
2024-10-09 05:00:00+05:30,23.05,0.1,4.5322843,98.19941
2024-10-09 06:00:00+05:30,24.15,0.0,1.2074767,93.587326
2024-10-09 07:00:00+05:30,25.65,0.0,2.19718,86.878
2024-10-09 08:00:00+05:30,26.05,0.1,5.0432134,87.439125
2024-10-09 09:00:00+05:30,27.1,0.1,3.7064266,84.95218
2024-10-09 10:00:00+05:30,27.9,0.1,5.728979,81.30952
2024-10-09 11:00:00+05:30,28.1,0.1,7.458606,80.36678
2024-10-09 12:00:00+05:30,28.45,0.1,6.638072,78.746506
2024-10-09 13:00:00+05:30,28.4,0.1,9.430694,78.03471
2024-10-09 14:00:00+05:30,27.2,0.9,14.597767,80.491104
2024-10-09 15:00:00+05:30,26.55,0.1,9.54,84.89531
2024-10-09 16:00:00+05:30,26.5,0.0,1.6199999,88.00434
2024-10-09 17:00:00+05:30,26.65,0.0,1.484318,83.386505
2024-10-09 18:00:00+05:30,25.5,0.0,4.293669,93.36963
2024-10-09 19:00:00+05:30,24.6,0.0,4.6277857,96.467804
2024-10-09 20:00:00+05:30,25.25,0.0,1.4058449,92.79875
2024-10-09 21:00:00+05:30,23.95,0.0,4.8965297,97.62143
2024-10-09 22:00:00+05:30,24.15,0.0,2.7943513,97.03899
2024-10-09 23:00:00+05:30,23.4,0.4,3.9966483,96.1446
2024-10-10 00:00:00+05:30,23.35,0.3,4.913044,97.61085
2024-10-10 01:00:00+05:30,23.15,0.1,2.4216523,97.31178
2024-10-10 02:00:00+05:30,22.95,0.3,3.7971036,97.30777
2024-10-10 03:00:00+05:30,22.7,0.1,3.6,97.30278
2024-10-10 04:00:00+05:30,22.5,0.0,2.7475805,98.19199
2024-10-10 05:00:00+05:30,22.55,0.1,3.671294,97.5966
2024-10-10 06:00:00+05:30,22.95,0.0,2.52,94.96821
2024-10-10 07:00:00+05:30,24.15,0.0,2.657668,90.793564
2024-10-10 08:00:00+05:30,25.45,0.0,3.6447225,85.81466
2024-10-10 09:00:00+05:30,26.45,0.1,4.6730714,81.8667
2024-10-10 10:00:00+05:30,27.4,0.1,4.1125174,78.599174
2024-10-10 11:00:00+05:30,27.9,0.0,4.514377,78.669525
2024-10-10 12:00:00+05:30,28.4,0.0,4.6938257,76.18204
2024-10-10 13:00:00+05:30,27.9,0.2,5.8852015,77.962685
2024-10-10 14:00:00+05:30,28.05,0.1,4.613762,79.16451
2024-10-10 15:00:00+05:30,27.55,0.5,6.5248446,80.29487
2024-10-10 16:00:00+05:30,26.85,0.0,1.2074767,86.46775
2024-10-10 17:00:00+05:30,25.75,0.1,3.189608,90.35403
2024-10-10 18:00:00+05:30,24.95,0.1,4.0449967,90.846016
2024-10-10 19:00:00+05:30,24.6,0.2,2.995797,94.458176
2024-10-10 20:00:00+05:30,24.8,0.0,1.0495713,92.496155
2024-10-10 21:00:00+05:30,24.05,0.0,5.2478566,95.87326
2024-10-10 22:00:00+05:30,23.45,0.0,7.3997297,94.98661
2024-10-10 23:00:00+05:30,22.95,0.0,5.991594,96.71819
2024-10-11 00:00:00+05:30,22.85,0.4,6.050785,96.1289
2024-10-11 01:00:00+05:30,22.55,1.7,3.8939953,97.89426
2024-10-11 02:00:00+05:30,22.25,0.6,4.73506,97.889496
2024-10-11 03:00:00+05:30,22.0,1.5,3.319036,98.786896
2024-10-11 04:00:00+05:30,22.2,0.2,2.9522195,97.292725
2024-10-11 05:00:00+05:30,22.25,0.0,1.1384199,97.889496
2024-10-11 06:00:00+05:30,23.25,0.1,4.39436,94.40335
2024-10-11 07:00:00+05:30,24.1,0.0,6.9153743,89.42053
2024-10-11 08:00:00+05:30,25.4,0.0,6.9480934,86.33108
2024-10-11 09:00:00+05:30,26.5,0.0,8.61371,81.8728
2024-10-11 10:00:00+05:30,27.2,0.0,11.431062,79.76627
2024-10-11 11:00:00+05:30,28.05,0.0,12.580699,79.4024
2024-10-11 12:00:00+05:30,28.45,0.0,11.811622,77.80823
2024-10-11 13:00:00+05:30,28.9,0.6,13.8037815,74.89846
2024-10-11 14:00:00+05:30,28.85,0.5,12.810386,77.17038
2024-10-11 15:00:00+05:30,28.25,0.1,10.464797,78.24766
2024-10-11 16:00:00+05:30,27.45,0.0,3.4763772,85.49736
2024-10-11 17:00:00+05:30,27.15,0.0,1.8,81.70588
2024-10-11 18:00:00+05:30,24.8,4.5,4.752136,91.11105
2024-10-11 19:00:00+05:30,24.65,0.1,3.671294,91.93124
2024-10-11 20:00:00+05:30,23.95,0.0,4.1046314,97.62143
2024-10-11 21:00:00+05:30,23.1,0.0,3.396233,99.09644
2024-10-11 22:00:00+05:30,23.15,0.0,2.0124612,98.20075
2024-10-11 23:00:00+05:30,23.6,0.0,1.609969,95.56966
2024-10-12 00:00:00+05:30,22.6,0.0,3.219938,97.5975
2024-10-12 01:00:00+05:30,22.65,0.0,3.244996,96.41664
2024-10-12 02:00:00+05:30,22.6,0.0,2.7059932,95.82894
2024-10-12 03:00:00+05:30,23.25,0.0,0.9,94.11658
2024-10-12 04:00:00+05:30,23.2,0.0,1.0948973,93.828255
2024-10-12 05:00:00+05:30,22.55,0.0,7.120815,96.41402
2024-10-12 06:00:00+05:30,23.35,0.1,6.384293,92.699265
2024-10-12 07:00:00+05:30,23.3,0.0,2.8856194,90.737366
2024-10-12 08:00:00+05:30,24.5,0.0,6.9527545,84.93962
2024-10-12 09:00:00+05:30,24.7,0.0,5.48631,84.96045
2024-10-12 10:00:00+05:30,25.65,0.1,5.8048253,82.26729
2024-10-12 11:00:00+05:30,26.4,0.0,3.550155,79.17609
2024-10-12 12:00:00+05:30,27.6,0.0,3.7064266,75.82851
2024-10-12 13:00:00+05:30,27.95,0.0,7.3997297,74.069534
2024-10-12 14:00:00+05:30,28.05,0.0,9.56713,73.4162
2024-10-12 15:00:00+05:30,27.55,0.0,5.7515564,76.51228
2024-10-12 16:00:00+05:30,26.85,0.1,1.9386592,84.92637
2024-10-12 17:00:00+05:30,24.95,0.0,3.4152596,90.846016
2024-10-12 18:00:00+05:30,24.3,0.0,4.471107,89.16415
2024-10-12 19:00:00+05:30,23.8,0.0,4.2175345,91.32464
2024-10-12 20:00:00+05:30,23.45,0.0,3.9477081,92.70456
2024-10-12 21:00:00+05:30,23.15,0.1,4.3536186,93.54055
2024-10-12 22:00:00+05:30,22.8,0.1,4.060985,94.962685
2024-10-12 23:00:00+05:30,22.95,0.1,6.1569467,94.10367
2024-10-13 00:00:00+05:30,22.7,0.0,4.323748,95.54024
2024-10-13 01:00:00+05:30,22.55,0.0,5.6835546,97.29978
2024-10-13 02:00:00+05:30,22.4,0.0,5.0528407,98.49017
2024-10-13 03:00:00+05:30,21.65,0.0,4.060985,99.390236
2024-10-13 04:00:00+05:30,22.35,0.0,7.127636,98.79006
2024-10-13 05:00:00+05:30,22.55,0.0,7.628263,97.003716
2024-10-13 06:00:00+05:30,23.05,0.0,7.1208143,93.25094
2024-10-13 07:00:00+05:30,23.95,0.0,7.9932976,88.865906
2024-10-13 08:00:00+05:30,25.2,0.0,6.6818557,83.72974
2024-10-13 09:00:00+05:30,26.75,0.1,3.4576871,78.03225
2024-10-13 10:00:00+05:30,27.55,0.2,3.143565,74.003174
2024-10-13 11:00:00+05:30,28.5,0.1,3.319036,69.16979
2024-10-13 12:00:00+05:30,28.75,0.1,3.745557,67.553665
2024-10-13 13:00:00+05:30,28.95,0.1,4.072935,65.56484
2024-10-13 14:00:00+05:30,28.85,0.2,5.7204895,65.945724
2024-10-13 15:00:00+05:30,28.3,0.0,4.412754,68.92144
2024-10-13 16:00:00+05:30,27.45,0.0,1.0495713,77.66258
2024-10-13 17:00:00+05:30,25.2,0.0,5.815978,86.57406
2024-10-13 18:00:00+05:30,24.3,0.0,4.327493,89.980515
2024-10-13 19:00:00+05:30,24.1,0.0,5.9834766,89.42053
2024-10-13 20:00:00+05:30,23.6,0.0,7.889259,88.56704
2024-10-13 21:00:00+05:30,23.25,0.0,7.0015144,87.45851
2024-10-13 22:00:00+05:30,22.8,0.0,6.162207,89.597115
2024-10-13 23:00:00+05:30,22.5,0.0,5.9427266,92.65411
2024-10-14 00:00:00+05:30,22.05,0.0,4.8899083,96.105934
2024-10-14 01:00:00+05:30,21.4,0.0,3.7799997,98.177055
2024-10-14 02:00:00+05:30,21.0,0.0,3.604497,99.082085
2024-10-14 03:00:00+05:30,20.8,0.0,3.7842832,99.386314
2024-10-14 04:00:00+05:30,20.3,0.0,4.7827187,100.0
2024-10-14 05:00:00+05:30,20.1,0.0,4.072935,100.0
2024-10-14 06:00:00+05:30,21.65,0.0,7.7420926,98.18047
2024-10-14 07:00:00+05:30,23.4,0.0,6.601363,90.1913
2024-10-14 08:00:00+05:30,25.1,0.0,5.4744864,82.956726
2024-10-14 09:00:00+05:30,26.65,0.0,7.0843205,76.60723
2024-10-14 10:00:00+05:30,27.5,0.0,7.8954163,75.126564
2024-10-14 11:00:00+05:30,28.45,0.0,7.42159,71.2933
2024-10-14 12:00:00+05:30,29.2,0.0,6.618519,67.028885
2024-10-14 13:00:00+05:30,29.25,0.0,5.7402787,67.03885
2024-10-14 14:00:00+05:30,29.2,0.0,4.7521367,66.01725
2024-10-14 15:00:00+05:30,28.75,0.0,3.62243,68.381035
2024-10-14 16:00:00+05:30,27.35,0.1,3.745557,84.72413
2024-10-14 17:00:00+05:30,27.25,0.0,2.1674871,74.8586
2024-10-14 18:00:00+05:30,26.4,0.0,2.0124612,70.92181
2024-10-14 19:00:00+05:30,25.35,0.0,3.550155,77.82847
2024-10-14 20:00:00+05:30,23.3,0.0,4.7928696,90.737366
2024-10-14 21:00:00+05:30,22.6,0.0,4.6452556,93.2288
2024-10-14 22:00:00+05:30,22.1,0.0,4.2021427,94.93667
2024-10-14 23:00:00+05:30,21.9,0.0,3.710795,94.929214
2024-10-15 00:00:00+05:30,21.6,0.0,3.8773184,94.91798
2024-10-15 01:00:00+05:30,21.3,0.0,3.9477081,95.199936
2024-10-15 02:00:00+05:30,21.05,0.0,3.5864744,95.19105
2024-10-15 03:00:00+05:30,20.95,0.0,3.362677,95.18745
2024-10-15 04:00:00+05:30,21.5,0.0,3.2048087,94.04071
2024-10-15 05:00:00+05:30,21.25,0.0,3.710795,94.612366
2024-10-15 06:00:00+05:30,23.9,0.0,1.4512063,88.32134
2024-10-15 07:00:00+05:30,25.25,0.0,1.609969,83.99037
2024-10-15 08:00:00+05:30,26.5,0.0,1.9134263,79.91385
2024-10-15 09:00:00+05:30,27.55,0.0,1.9134263,74.90711
2024-10-15 10:00:00+05:30,28.5,0.0,3.244996,71.30225
2024-10-15 11:00:00+05:30,28.85,0.0,2.7534704,68.81717
2024-10-15 12:00:00+05:30,29.0,0.0,4.143911,67.80876
2024-10-15 13:00:00+05:30,29.45,0.0,5.2939587,65.867714
2024-10-15 14:00:00+05:30,28.65,0.0,7.6367526,68.988304
2024-10-15 15:00:00+05:30,27.7,0.1,6.6624317,70.50986
2024-10-15 16:00:00+05:30,25.6,0.6,10.310403,80.772285
2024-10-15 17:00:00+05:30,23.95,0.2,6.5520988,85.928894
2024-10-15 18:00:00+05:30,23.55,0.0,3.7064266,92.428215
2024-10-15 19:00:00+05:30,23.25,0.0,4.445672,89.905235
2024-10-15 20:00:00+05:30,22.8,0.0,5.426933,90.70408
2024-10-15 21:00:00+05:30,22.2,0.0,4.5891175,94.07122
2024-10-15 22:00:00+05:30,22.85,0.0,1.659518,89.60079
2024-10-15 23:00:00+05:30,22.05,0.1,3.8647635,94.934845
2024-10-16 00:00:00+05:30,21.95,0.1,3.8183763,95.51549
2024-10-16 01:00:00+05:30,21.7,0.0,3.3481934,97.282616
2024-10-16 02:00:00+05:30,21.7,0.6,0.6489992,94.63019
2024-10-16 03:00:00+05:30,21.75,0.0,1.835647,97.582214
2024-10-16 04:00:00+05:30,21.35,0.1,3.4247334,99.38884
2024-10-16 05:00:00+05:30,21.45,0.2,1.6299692,99.08516
2024-10-16 06:00:00+05:30,22.4,0.5,5.9834766,92.081696
2024-10-16 07:00:00+05:30,22.7,1.9,8.187527,95.2492
2024-10-16 08:00:00+05:30,22.8,0.9,2.0523157,93.81027
2024-10-16 09:00:00+05:30,24.3,0.4,4.278551,84.91879
2024-10-16 10:00:00+05:30,25.2,0.4,2.0523157,80.47407
2024-10-16 11:00:00+05:30,26.6,0.1,2.7238941,79.20369
2024-10-16 12:00:00+05:30,27.35,0.0,4.0249224,76.48171
2024-10-16 13:00:00+05:30,27.55,0.1,5.983477,73.554794
2024-10-16 14:00:00+05:30,27.1,0.1,9.224011,75.291
2024-10-16 15:00:00+05:30,26.9,0.0,4.6277857,76.64535
2024-10-16 16:00:00+05:30,26.05,0.0,2.6758924,86.9145
2024-10-16 17:00:00+05:30,25.4,0.0,3.2399998,84.00684
2024-10-16 18:00:00+05:30,24.0,0.2,3.8268526,91.06001
2024-10-16 19:00:00+05:30,23.0,0.0,3.644722,97.01369
2024-10-16 20:00:00+05:30,22.15,0.0,3.2599385,98.78829
2024-10-16 21:00:00+05:30,22.25,0.0,3.2846913,97.889496
2024-10-16 22:00:00+05:30,21.95,0.0,3.9640884,97.287674
2024-10-16 23:00:00+05:30,21.0,0.0,4.8633323,99.387215
2024-10-17 00:00:00+05:30,20.8,0.0,4.1125174,99.69274
2024-10-17 01:00:00+05:30,20.15,0.0,4.846648,100.0
2024-10-17 02:00:00+05:30,20.45,0.0,3.5455887,100.0
2024-10-17 03:00:00+05:30,20.1,0.0,3.0547013,99.69108
2024-10-17 04:00:00+05:30,19.95,0.0,3.0758414,97.85281
2024-10-17 05:00:00+05:30,19.75,0.0,3.494968,95.14445
2024-10-17 06:00:00+05:30,21.95,0.1,5.3999996,98.78645
2024-10-17 07:00:00+05:30,23.05,0.0,6.302571,94.10796
2024-10-17 08:00:00+05:30,24.9,0.0,4.175069,85.2403
2024-10-17 09:00:00+05:30,26.55,0.1,2.4014995,76.8256
2024-10-17 10:00:00+05:30,27.6,0.1,4.5322843,71.79385
2024-10-17 11:00:00+05:30,28.3,0.1,4.8899083,67.2588
2024-10-17 12:00:00+05:30,28.7,0.0,5.8769383,65.31314
2024-10-17 13:00:00+05:30,28.75,0.0,5.6233797,64.33132
2024-10-17 14:00:00+05:30,28.45,0.0,5.904439,65.86375
2024-10-17 15:00:00+05:30,28.05,0.1,4.080882,68.03682
2024-10-17 16:00:00+05:30,26.5,0.1,3.7842832,83.1184
2024-10-17 17:00:00+05:30,26.65,0.0,2.9522195,73.17811
2024-10-17 18:00:00+05:30,25.75,0.0,2.0523157,77.175255
2024-10-17 19:00:00+05:30,25.0,0.0,2.4216523,81.43869
2024-10-17 20:00:00+05:30,24.15,0.0,3.964089,88.07313
2024-10-17 21:00:00+05:30,23.5,0.0,3.671294,90.198296
2024-10-17 22:00:00+05:30,22.35,0.0,4.2671766,95.52871
2024-10-17 23:00:00+05:30,22.1,0.0,3.396233,96.10738
2024-10-18 00:00:00+05:30,21.8,0.1,3.572898,96.69009
2024-10-18 01:00:00+05:30,22.35,0.0,3.693291,94.94598
2024-10-18 02:00:00+05:30,21.65,0.1,3.4247334,96.983604
2024-10-18 03:00:00+05:30,21.7,0.0,6.9480934,96.687614
2024-10-18 04:00:00+05:30,21.45,0.1,5.692099,97.27754
2024-10-18 05:00:00+05:30,20.85,0.0,3.550155,98.16948
2024-10-18 06:00:00+05:30,22.9,0.2,6.2145634,93.81477
2024-10-18 07:00:00+05:30,23.75,0.0,7.5213294,89.66732
2024-10-18 08:00:00+05:30,25.35,0.0,6.698806,82.73356
2024-10-18 09:00:00+05:30,26.35,0.0,8.149847,77.974304
2024-10-18 10:00:00+05:30,27.15,0.1,7.3094187,75.52819
2024-10-18 11:00:00+05:30,27.9,0.0,5.441838,74.73706
2024-10-18 12:00:00+05:30,28.2,0.0,3.4152596,72.557236
2024-10-18 13:00:00+05:30,28.4,0.0,3.1072817,69.36162
2024-10-18 14:00:00+05:30,28.3,0.0,2.97953,68.50246
2024-10-18 15:00:00+05:30,27.95,0.0,2.5772078,69.91351
2024-10-18 16:00:00+05:30,26.75,0.1,2.7475805,85.17138
2024-10-18 17:00:00+05:30,25.4,0.1,3.148714,86.59277
2024-10-18 18:00:00+05:30,23.7,0.0,3.06,92.15578
2024-10-18 19:00:00+05:30,23.35,0.2,3.4576871,93.835
2024-10-18 20:00:00+05:30,23.25,0.3,4.0449967,91.84951
2024-10-18 21:00:00+05:30,23.0,0.2,4.514377,93.819275
2024-10-18 22:00:00+05:30,22.25,0.0,4.0449963,95.81814
2024-10-18 23:00:00+05:30,21.8,0.0,3.9966483,97.28465
2024-10-19 00:00:00+05:30,21.4,0.0,5.1919937,98.177055
2024-10-19 01:00:00+05:30,22.15,0.0,2.0364676,96.69871
2024-10-19 02:00:00+05:30,21.85,0.0,2.9301877,96.98808
2024-10-19 03:00:00+05:30,21.85,0.0,2.6999998,96.39533
2024-10-19 04:00:00+05:30,20.7,0.0,4.4274144,98.774994
2024-10-19 05:00:00+05:30,21.0,0.0,3.745557,98.17156
2024-10-19 06:00:00+05:30,23.05,0.0,6.130579,86.6373
2024-10-19 07:00:00+05:30,24.45,0.0,2.3469129,82.88089
2024-10-19 08:00:00+05:30,25.8,0.0,4.942631,80.55259
2024-10-19 09:00:00+05:30,26.55,0.2,7.256032,76.59195
2024-10-19 10:00:00+05:30,27.3,0.1,7.127636,73.066
2024-10-19 11:00:00+05:30,27.8,0.1,7.0407386,72.048256
2024-10-19 12:00:00+05:30,27.95,0.3,7.7043357,73.39928
2024-10-19 13:00:00+05:30,28.0,0.1,6.279395,74.52749
2024-10-19 14:00:00+05:30,28.0,0.0,5.7176566,74.97957
2024-10-19 15:00:00+05:30,27.2,0.6,6.7397914,75.76582
2024-10-19 16:00:00+05:30,25.95,0.2,5.2478566,81.5574
2024-10-19 17:00:00+05:30,24.5,0.0,3.745557,89.179474
2024-10-19 18:00:00+05:30,23.65,0.0,7.9383874,85.89942
2024-10-19 19:00:00+05:30,23.2,0.0,7.127636,85.32776
2024-10-19 20:00:00+05:30,22.6,0.0,3.604497,89.858215
2024-10-19 21:00:00+05:30,22.05,0.0,4.5,93.48855
2024-10-19 22:00:00+05:30,21.8,0.0,3.8647635,94.34359
2024-10-19 23:00:00+05:30,21.6,0.0,3.710795,94.91798
2024-10-20 00:00:00+05:30,21.1,0.0,4.2481523,95.78238
2024-10-20 01:00:00+05:30,20.65,0.0,5.3426957,96.66163
2024-10-20 02:00:00+05:30,20.4,0.0,4.5891175,97.25611
2024-10-20 03:00:00+05:30,20.35,0.0,3.7971041,97.55675
2024-10-20 04:00:00+05:30,20.45,0.0,3.62243,98.46792
2024-10-20 05:00:00+05:30,20.3,0.0,5.12289,99.6916
2024-10-20 06:00:00+05:30,21.75,0.0,5.983477,93.4742
2024-10-20 07:00:00+05:30,22.9,0.0,9.668195,90.15615
2024-10-20 08:00:00+05:30,24.9,0.0,12.32047,81.17728
2024-10-20 09:00:00+05:30,26.1,0.0,11.9140415,78.176
2024-10-20 10:00:00+05:30,27.3,0.0,12.93247,70.8686
2024-10-20 11:00:00+05:30,28.0,0.0,12.710091,67.6119
2024-10-20 12:00:00+05:30,28.45,0.0,12.585848,65.66235
2024-10-20 13:00:00+05:30,28.75,0.0,12.337553,64.92504
2024-10-20 14:00:00+05:30,28.55,0.0,11.91812,66.288475
2024-10-20 15:00:00+05:30,27.95,0.0,8.29173,70.55582
2024-10-20 16:00:00+05:30,26.3,0.0,5.876938,78.44324
2024-10-20 17:00:00+05:30,24.4,0.0,5.6492476,86.23563
2024-10-20 18:00:00+05:30,23.6,0.0,5.154415,86.423294
2024-10-20 19:00:00+05:30,23.4,0.0,5.232399,86.67007
2024-10-20 20:00:00+05:30,22.9,0.0,5.09435,88.23841
2024-10-20 21:00:00+05:30,22.15,0.0,5.00128,91.220955
2024-10-20 22:00:00+05:30,21.5,0.0,6.1437774,92.88694
2024-10-20 23:00:00+05:30,21.05,0.0,4.965521,93.151695
2024-10-21 00:00:00+05:30,20.55,0.0,4.542994,93.707344
2024-10-21 01:00:00+05:30,20.3,0.0,4.0249224,92.82424
2024-10-21 02:00:00+05:30,20.15,0.0,4.613762,91.66418
2024-10-21 03:00:00+05:30,19.65,0.0,4.1556225,92.49966
2024-10-21 04:00:00+05:30,20.05,0.0,4.6938257,89.6706
2024-10-21 05:00:00+05:30,20.3,0.0,4.724786,88.57251
2024-10-21 06:00:00+05:30,22.65,0.0,7.029225,84.745125
2024-10-21 07:00:00+05:30,23.9,0.0,7.342588,84.87696
2024-10-21 08:00:00+05:30,25.5,0.0,8.461914,81.00603
2024-10-21 09:00:00+05:30,27.15,0.0,10.261579,76.21945
2024-10-21 10:00:00+05:30,27.9,0.0,11.391313,73.613716
2024-10-21 11:00:00+05:30,29.25,0.0,11.966954,68.270424
2024-10-21 12:00:00+05:30,29.7,0.0,11.620809,66.31987
2024-10-21 13:00:00+05:30,29.8,0.0,11.566313,65.34186
2024-10-21 14:00:00+05:30,29.65,0.0,10.429132,66.10891
2024-10-21 15:00:00+05:30,28.95,0.0,8.604301,71.59878
2024-10-21 16:00:00+05:30,27.3,0.0,7.386582,78.822716
2024-10-21 17:00:00+05:30,25.95,0.0,6.66,83.55973
2024-10-21 18:00:00+05:30,25.35,0.0,5.896202,84.256935
2024-10-21 19:00:00+05:30,24.5,0.0,4.6938257,88.63955
2024-10-21 20:00:00+05:30,23.4,0.0,5.293959,92.70192
2024-10-21 21:00:00+05:30,22.85,0.0,3.9844694,93.2411
2024-10-21 22:00:00+05:30,22.05,0.0,3.9844694,94.934845
2024-10-21 23:00:00+05:30,21.6,0.0,4.599695,94.62623
2024-10-22 00:00:00+05:30,21.5,0.0,4.080882,92.60047
2024-10-22 01:00:00+05:30,21.3,0.0,4.1085763,91.73364
2024-10-22 02:00:00+05:30,21.0,0.0,4.2136917,92.00073
2024-10-22 03:00:00+05:30,20.75,0.0,3.9477081,92.27261
2024-10-22 04:00:00+05:30,20.8,0.0,4.1085763,90.56908
2024-10-22 05:00:00+05:30,21.05,0.0,4.080882,88.91033
2024-10-22 06:00:00+05:30,23.05,0.0,6.489992,90.16672
2024-10-22 07:00:00+05:30,24.5,0.0,5.6835546,87.03694
2024-10-22 08:00:00+05:30,26.3,0.0,6.341009,82.345215
2024-10-22 09:00:00+05:30,28.15,0.0,7.928177,74.777534
2024-10-22 10:00:00+05:30,29.6,0.0,10.296251,66.70302
2024-10-22 11:00:00+05:30,30.2,0.0,11.855429,63.663612
2024-10-22 12:00:00+05:30,30.5,0.0,12.47726,64.50394
2024-10-22 13:00:00+05:30,30.4,0.0,12.71901,65.07094
2024-10-22 14:00:00+05:30,29.9,0.0,12.632101,67.77963
2024-10-22 15:00:00+05:30,29.1,0.0,10.34178,72.05859
2024-10-22 16:00:00+05:30,27.65,0.0,7.289445,77.92654
2024-10-22 17:00:00+05:30,26.2,0.0,6.151683,83.33551
2024-10-22 18:00:00+05:30,25.6,0.0,6.7469993,84.02875
2024-10-22 19:00:00+05:30,25.0,0.0,6.330782,86.55536
2024-10-22 20:00:00+05:30,24.5,0.0,5.815978,88.90914
2024-10-22 21:00:00+05:30,23.8,0.0,4.7521367,91.88177
2024-10-22 22:00:00+05:30,23.3,0.0,4.829907,93.54763
2024-10-22 23:00:00+05:30,22.75,0.0,4.5,94.09504
2024-10-23 00:00:00+05:30,22.5,0.0,3.8183763,93.22386
2024-10-23 01:00:00+05:30,22.3,0.0,3.6447225,91.51155
2024-10-23 02:00:00+05:30,21.85,0.0,3.244996,91.201904
2024-10-23 03:00:00+05:30,21.6,0.0,3.4576871,90.623405
2024-10-23 04:00:00+05:30,21.4,0.0,3.563818,90.32935
2024-10-23 05:00:00+05:30,21.5,0.0,4.4565907,89.22252
2024-10-23 06:00:00+05:30,23.4,0.0,8.197414,91.57864
2024-10-23 07:00:00+05:30,24.8,0.0,5.983477,87.32892
2024-10-23 08:00:00+05:30,26.55,0.0,7.4932766,82.375046
2024-10-23 09:00:00+05:30,26.85,0.0,9.587428,82.41076
2024-10-23 10:00:00+05:30,28.35,0.0,11.341428,76.40383
2024-10-23 11:00:00+05:30,27.95,0.0,13.0806875,77.036316
2024-10-23 12:00:00+05:30,27.8,0.0,12.503199,78.89246
2024-10-23 13:00:00+05:30,28.55,0.0,14.693999,74.39255
2024-10-23 14:00:00+05:30,28.8,0.0,13.337016,69.0169
2024-10-23 15:00:00+05:30,27.45,0.0,12.4811535,75.5756
2024-10-23 16:00:00+05:30,26.15,0.0,12.193589,79.624466
2024-10-23 17:00:00+05:30,25.45,0.0,10.00256,80.50683
2024-10-23 18:00:00+05:30,25.2,0.0,10.594036,87.62917
2024-10-23 19:00:00+05:30,24.85,0.0,8.322932,88.131775
2024-10-23 20:00:00+05:30,24.45,0.3,8.197414,89.44678
2024-10-23 21:00:00+05:30,24.05,0.6,8.019601,91.61792
2024-10-23 22:00:00+05:30,23.65,0.2,7.4672885,92.997345
2024-10-23 23:00:00+05:30,23.3,0.0,7.754637,94.11871
2024-10-24 00:00:00+05:30,23.05,0.0,9.885262,95.26144
2024-10-24 01:00:00+05:30,23.05,0.0,9.0018,96.13462
2024-10-24 02:00:00+05:30,23.1,0.0,8.4042845,96.42854
2024-10-24 03:00:00+05:30,23.05,0.3,8.29173,96.427246
2024-10-24 04:00:00+05:30,22.8,0.2,9.847496,97.601074
2024-10-24 05:00:00+05:30,22.6,0.1,11.103243,97.89502
2024-10-24 06:00:00+05:30,22.45,0.0,7.570707,94.08207
2024-10-24 07:00:00+05:30,22.7,0.2,9.3962755,93.519356
2024-10-24 08:00:00+05:30,23.25,0.5,10.036512,91.56951
2024-10-24 09:00:00+05:30,23.25,0.1,10.34178,92.13024
2024-10-24 10:00:00+05:30,23.9,0.0,10.018743,88.05211
2024-10-24 11:00:00+05:30,24.15,0.0,8.766573,83.35593
2024-10-24 12:00:00+05:30,24.25,0.0,8.155807,81.59467
2024-10-24 13:00:00+05:30,24.05,0.0,9.659814,82.32623
2024-10-24 14:00:00+05:30,24.15,0.0,9.568824,81.33152
2024-10-24 15:00:00+05:30,23.9,0.0,10.24578,83.58389
2024-10-24 16:00:00+05:30,23.5,0.0,10.3480425,86.67939
2024-10-24 17:00:00+05:30,23.05,0.0,11.043261,89.06754
2024-10-24 18:00:00+05:30,22.1,0.0,5.4744864,96.69745
2024-10-24 19:00:00+05:30,22.1,0.0,7.5170207,96.40202
2024-10-24 20:00:00+05:30,21.95,0.0,7.8149853,96.398
2024-10-24 21:00:00+05:30,21.85,0.1,7.3094187,96.39533
2024-10-24 22:00:00+05:30,21.8,0.6,8.905908,97.28465
2024-10-24 23:00:00+05:30,21.65,1.5,9.278297,97.880035
2024-10-25 00:00:00+05:30,21.5,1.7,9.761578,98.17841
2024-10-25 01:00:00+05:30,21.4,1.7,10.261579,98.177055
2024-10-25 02:00:00+05:30,21.25,0.3,10.759423,98.47712
2024-10-25 03:00:00+05:30,21.15,0.6,9.793058,98.475975
2024-10-25 04:00:00+05:30,21.05,1.4,9.693296,98.47482
2024-10-25 05:00:00+05:30,20.95,0.8,10.234705,98.170845
2024-10-25 06:00:00+05:30,20.95,0.2,9.224011,97.26736
2024-10-25 07:00:00+05:30,21.65,0.5,9.181765,95.212326
2024-10-25 08:00:00+05:30,22.35,0.0,11.132385,92.64611
2024-10-25 09:00:00+05:30,23.5,0.0,12.410866,86.945755
2024-10-25 10:00:00+05:30,25.4,0.0,12.835653,75.48095
2024-10-25 11:00:00+05:30,26.25,0.0,12.325728,73.33433
2024-10-25 12:00:00+05:30,26.75,0.0,13.552696,70.33433
2024-10-25 13:00:00+05:30,26.6,0.0,13.130133,70.740456
2024-10-25 14:00:00+05:30,26.4,0.0,11.207801,70.70371
2024-10-25 15:00:00+05:30,25.6,0.0,8.641874,75.97822
2024-10-25 16:00:00+05:30,24.65,0.0,5.692099,79.90922
2024-10-25 17:00:00+05:30,23.8,0.0,5.637765,83.0599
2024-10-25 18:00:00+05:30,22.95,0.0,6.302571,84.51532
2024-10-25 19:00:00+05:30,23.05,0.0,9.039514,83.22958
2024-10-25 20:00:00+05:30,22.85,0.0,6.424764,85.028755
2024-10-25 21:00:00+05:30,22.6,0.0,8.39078,86.59497
2024-10-25 22:00:00+05:30,22.15,0.1,9.555271,88.44876
2024-10-25 23:00:00+05:30,21.8,0.1,8.171683,89.79989
2024-10-26 00:00:00+05:30,21.4,0.0,6.2999997,92.024
2024-10-26 01:00:00+05:30,21.4,0.0,6.6697226,92.309166
2024-10-26 02:00:00+05:30,21.4,0.0,5.2694216,92.59507
2024-10-26 03:00:00+05:30,21.35,0.1,4.952453,93.455086
2024-10-26 04:00:00+05:30,21.25,1.0,4.503598,94.90484
2024-10-26 05:00:00+05:30,21.25,1.1,4.278551,96.08278
2024-10-26 06:00:00+05:30,21.75,0.2,6.7205353,93.4742
2024-10-26 07:00:00+05:30,22.75,0.0,9.7565975,89.04417
2024-10-26 08:00:00+05:30,24.05,0.0,6.4624763,85.67615
2024-10-26 09:00:00+05:30,25.65,0.0,7.689603,78.35031
2024-10-26 10:00:00+05:30,25.75,0.0,7.029225,78.364624
2024-10-26 11:00:00+05:30,26.4,0.0,5.9427266,76.33577
2024-10-26 12:00:00+05:30,26.8,0.0,3.3481934,75.472694
2024-10-26 13:00:00+05:30,27.35,0.0,3.5864744,73.96986
2024-10-26 14:00:00+05:30,27.1,0.0,3.9477081,74.834305
2024-10-26 15:00:00+05:30,26.75,0.0,3.693291,76.622444
2024-10-26 16:00:00+05:30,25.4,0.0,3.1845248,86.33108
2024-10-26 17:00:00+05:30,24.55,0.0,3.4152596,88.64357
2024-10-26 18:00:00+05:30,24.2,0.0,3.8141315,88.61546
2024-10-26 19:00:00+05:30,24.15,0.0,3.244996,90.51826
2024-10-26 20:00:00+05:30,23.85,0.0,4.3274937,92.444565
2024-10-26 21:00:00+05:30,23.55,0.0,4.0249224,93.84402
2024-10-26 22:00:00+05:30,23.4,0.0,3.189608,94.12302
2024-10-26 23:00:00+05:30,23.2,0.0,3.563818,94.977425
2024-10-27 00:00:00+05:30,23.7,0.0,3.01735,91.31841
2024-10-27 01:00:00+05:30,22.65,0.0,3.219938,96.1232
2024-10-27 02:00:00+05:30,22.35,0.0,3.572898,95.82122
2024-10-27 03:00:00+05:30,21.8,0.0,3.8521678,96.98695
2024-10-27 04:00:00+05:30,21.1,0.0,5.7628117,97.2704
2024-10-27 05:00:00+05:30,20.95,0.0,5.0911684,97.56769
2024-10-27 06:00:00+05:30,23.3,0.0,4.3573384,91.57258
2024-10-27 07:00:00+05:30,24.75,0.0,4.4274144,85.74564
2024-10-27 08:00:00+05:30,26.3,0.0,5.5916004,80.61767
2024-10-27 09:00:00+05:30,27.3,0.0,5.854844,76.47406
2024-10-27 10:00:00+05:30,28.35,0.0,7.145796,69.14127
2024-10-27 11:00:00+05:30,28.95,0.0,7.1684303,65.16566
2024-10-27 12:00:00+05:30,29.35,0.0,6.2405767,64.26173
2024-10-27 13:00:00+05:30,29.25,0.0,5.1919937,65.42704
2024-10-27 14:00:00+05:30,29.25,0.0,3.4623692,64.633934
2024-10-27 15:00:00+05:30,28.8,0.0,2.2553935,67.35815
2024-10-27 16:00:00+05:30,27.4,0.0,3.3481934,78.83669
2024-10-27 17:00:00+05:30,27.1,0.0,2.995797,75.06233
2024-10-27 18:00:00+05:30,26.95,0.0,2.0523157,70.80463
2024-10-27 19:00:00+05:30,25.25,0.0,2.4482648,80.97401
2024-10-27 20:00:00+05:30,24.25,0.0,3.2599385,85.43449
2024-10-27 21:00:00+05:30,22.95,0.0,2.8799999,92.67807
2024-10-27 22:00:00+05:30,22.45,0.0,3.2399998,95.532
2024-10-27 23:00:00+05:30,22.2,0.0,3.964089,95.816605
2024-10-28 00:00:00+05:30,22.05,0.0,4.6938252,95.226425
2024-10-28 01:00:00+05:30,21.65,0.0,4.1556225,95.50555
2024-10-28 02:00:00+05:30,21.2,0.0,3.7585104,95.490524
2024-10-28 03:00:00+05:30,20.8,0.0,3.9966488,94.887886
2024-10-28 04:00:00+05:30,20.55,0.0,4.514377,93.416565
2024-10-28 05:00:00+05:30,20.4,0.0,4.8733153,91.67936
2024-10-28 06:00:00+05:30,22.6,0.0,5.22,84.739784
2024-10-28 07:00:00+05:30,24.55,0.0,4.327493,82.38639
2024-10-28 08:00:00+05:30,26.15,0.0,5.072041,78.183205
2024-10-28 09:00:00+05:30,27.35,0.0,5.994297,73.745155
2024-10-28 10:00:00+05:30,28.3,0.0,5.6060677,69.97878
2024-10-28 11:00:00+05:30,28.95,0.0,4.942631,66.57222
2024-10-28 12:00:00+05:30,29.35,0.0,4.8466477,65.2487
2024-10-28 13:00:00+05:30,29.5,0.0,4.5322843,64.6864
2024-10-28 14:00:00+05:30,29.4,0.0,4.913044,65.45803
2024-10-28 15:00:00+05:30,28.8,0.0,4.1046314,69.43713
2024-10-28 16:00:00+05:30,26.7,0.0,5.068846,82.891174
2024-10-28 17:00:00+05:30,25.3,0.0,6.1094027,86.845985
2024-10-28 18:00:00+05:30,25.45,0.0,3.8521678,84.52384
2024-10-28 19:00:00+05:30,24.25,0.0,3.319036,89.43178
2024-10-28 20:00:00+05:30,23.4,0.0,3.7842832,92.70192
2024-10-28 21:00:00+05:30,23.0,0.0,3.244996,94.10581
2024-10-28 22:00:00+05:30,22.55,0.0,3.4247334,95.82743
2024-10-28 23:00:00+05:30,22.25,0.0,3.604497,96.40599
2024-10-29 00:00:00+05:30,22.1,0.0,3.244996,96.10738
2024-10-29 01:00:00+05:30,21.9,0.0,3.244996,95.513824
2024-10-29 02:00:00+05:30,21.55,0.0,3.7842832,95.50222
2024-10-29 03:00:00+05:30,21.3,0.0,3.06,94.906746
2024-10-29 04:00:00+05:30,21.1,0.0,3.362677,93.15421
2024-10-29 05:00:00+05:30,20.75,0.0,2.7534704,92.55984
2024-10-29 06:00:00+05:30,23.0,0.0,4.1046314,86.3661
2024-10-29 07:00:00+05:30,25.3,0.0,1.08,81.4763
2024-10-29 08:00:00+05:30,26.95,0.0,3.3043609,77.354225
2024-10-29 09:00:00+05:30,27.85,0.1,3.7842832,74.95545
2024-10-29 10:00:00+05:30,28.4,0.1,5.815978,73.475266
2024-10-29 11:00:00+05:30,28.6,0.0,6.444905,73.28744
2024-10-29 12:00:00+05:30,28.35,0.0,9.835975,72.80325
2024-10-29 13:00:00+05:30,28.0,0.1,4.942631,74.07781
2024-10-29 14:00:00+05:30,28.2,0.0,4.1046314,73.21957
2024-10-29 15:00:00+05:30,26.95,0.5,5.9427266,76.42042
2024-10-29 16:00:00+05:30,25.85,0.1,4.175069,89.014275
2024-10-29 17:00:00+05:30,25.15,0.0,4.3573384,87.624855
2024-10-29 18:00:00+05:30,26.05,0.0,2.0124612,83.318504
2024-10-29 19:00:00+05:30,24.3,0.0,3.8773184,92.74926
2024-10-29 20:00:00+05:30,23.9,0.0,3.7842832,92.44733
2024-10-29 21:00:00+05:30,23.35,0.0,3.9763298,93.26564
2024-10-29 22:00:00+05:30,23.15,0.0,3.2846913,92.97191
2024-10-29 23:00:00+05:30,23.1,0.0,4.613762,91.280876
2024-10-30 00:00:00+05:30,22.25,0.2,9.600937,95.233444
2024-10-30 01:00:00+05:30,22.25,0.3,3.2048087,97.59122
2024-10-30 02:00:00+05:30,22.35,0.0,0.5091169,97.59302
2024-10-30 03:00:00+05:30,22.15,2.1,8.133928,98.48736
2024-10-30 04:00:00+05:30,22.4,0.2,2.8460495,96.70481
2024-10-30 05:00:00+05:30,22.3,0.6,2.1068459,96.702385
2024-10-30 06:00:00+05:30,23.75,0.1,4.5,92.43911
2024-10-30 07:00:00+05:30,24.4,0.1,4.9785542,90.53518
2024-10-30 08:00:00+05:30,25.95,0.0,7.3447943,82.55326
2024-10-30 09:00:00+05:30,26.6,0.0,8.93859,81.63805
2024-10-30 10:00:00+05:30,27.75,0.0,9.194106,77.706406
2024-10-30 11:00:00+05:30,28.15,0.1,9.227524,75.23046
2024-10-30 12:00:00+05:30,28.8,0.0,10.132897,71.14058
2024-10-30 13:00:00+05:30,28.85,0.0,9.107359,71.36499
2024-10-30 14:00:00+05:30,28.75,0.0,8.049845,70.916595
2024-10-30 15:00:00+05:30,28.2,0.0,5.983477,73.66404
2024-10-30 16:00:00+05:30,26.4,0.0,4.802999,87.73252
2024-10-30 17:00:00+05:30,24.95,0.6,3.244996,86.28821
2024-10-30 18:00:00+05:30,25.3,0.0,5.0688457,86.58343
2024-10-30 19:00:00+05:30,25.0,0.0,5.95906,87.34666
2024-10-30 20:00:00+05:30,22.85,4.4,11.9140415,97.89892
2024-10-30 21:00:00+05:30,23.15,5.2,2.5772076,94.68707
2024-10-30 22:00:00+05:30,23.3,0.2,1.835647,92.979546
2024-10-30 23:00:00+05:30,22.5,0.0,3.3092597,96.70725
2024-10-31 00:00:00+05:30,22.55,0.2,2.4014995,98.491875
2024-10-31 01:00:00+05:30,22.4,0.3,4.503598,97.89186
2024-10-31 02:00:00+05:30,22.4,0.1,1.98,97.89186
2024-10-31 03:00:00+05:30,22.3,0.0,2.8116899,97.89033
2024-10-31 04:00:00+05:30,22.3,0.1,0.9,97.89033
2024-10-31 05:00:00+05:30,21.8,0.0,2.0364676,98.1825
2024-10-31 06:00:00+05:30,23.3,0.1,0.54,93.8328
2024-10-31 07:00:00+05:30,23.5,0.5,1.1525624,92.98969
2024-10-31 08:00:00+05:30,23.85,0.9,2.6758924,91.60584
2024-10-31 09:00:00+05:30,23.9,0.4,3.5864744,91.33087
2024-10-31 10:00:00+05:30,24.5,0.2,4.6800003,88.90914
2024-10-31 11:00:00+05:30,25.3,0.0,3.9844694,83.995865
2024-10-31 12:00:00+05:30,26.75,0.0,4.942631,81.65658
2024-10-31 13:00:00+05:30,27.45,0.0,7.968939,78.36937
2024-10-31 14:00:00+05:30,27.25,0.0,7.2,78.81573
2024-10-31 15:00:00+05:30,26.8,0.0,5.00128,81.66274
2024-10-31 16:00:00+05:30,25.25,0.0,4.2021422,90.86555
2024-10-31 17:00:00+05:30,24.25,0.0,5.2939587,92.1868
2024-10-31 18:00:00+05:30,23.6,0.0,4.1556225,92.99478
2024-10-31 19:00:00+05:30,23.25,0.0,5.4119864,94.40335
2024-10-31 20:00:00+05:30,22.95,0.0,7.1208143,94.96821
2024-10-31 21:00:00+05:30,22.45,0.0,5.7599998,96.706
2024-10-31 22:00:00+05:30,22.25,0.0,6.8612823,97.59122
2024-10-31 23:00:00+05:30,22.05,1.5,6.0908127,96.99258
2024-11-01 00:00:00+05:30,22.1,1.2,8.507737,97.29069
2024-11-01 01:00:00+05:30,21.95,0.0,5.2478566,96.990326
2024-11-01 02:00:00+05:30,21.55,0.0,5.0911684,98.782814
2024-11-01 03:00:00+05:30,21.3,0.0,5.2200003,98.47769
2024-11-01 04:00:00+05:30,21.35,0.0,4.143911,97.87527
2024-11-01 05:00:00+05:30,20.7,0.0,3.8268526,97.86488
2024-11-01 06:00:00+05:30,22.4,0.1,6.9480934,93.505135
2024-11-01 07:00:00+05:30,23.2,0.1,6.2405767,89.626724
2024-11-01 08:00:00+05:30,23.9,0.0,5.232399,86.71669
2024-11-01 09:00:00+05:30,25.2,0.1,4.952453,82.71589
2024-11-01 10:00:00+05:30,26.25,0.1,3.096837,77.25007
2024-11-01 11:00:00+05:30,27.25,0.0,2.4014995,74.8586
2024-11-01 12:00:00+05:30,27.75,0.0,3.319036,74.48664
2024-11-01 13:00:00+05:30,27.9,0.0,3.7585104,72.7257
2024-11-01 14:00:00+05:30,27.85,0.0,5.8631387,71.83821
2024-11-01 15:00:00+05:30,27.25,0.0,5.318383,74.404686
2024-11-01 16:00:00+05:30,25.55,0.0,4.445672,85.30645
2024-11-01 17:00:00+05:30,26.0,0.0,3.9477081,80.33403
2024-11-01 18:00:00+05:30,23.55,0.0,2.8460498,92.70984
2024-11-01 19:00:00+05:30,23.3,0.0,3.671294,92.13312
2024-11-01 20:00:00+05:30,22.75,0.0,4.175069,94.67145
2024-11-01 21:00:00+05:30,22.3,0.0,4.5,95.81973
2024-11-01 22:00:00+05:30,21.7,0.0,4.6102495,96.391335
2024-11-01 23:00:00+05:30,21.55,0.0,3.7971041,95.50222
2024-11-02 00:00:00+05:30,21.25,0.0,4.8433046,95.198135
2024-11-02 01:00:00+05:30,21.05,0.0,5.6233797,94.3123
2024-11-02 02:00:00+05:30,22.3,0.0,3.2048087,88.73467
2024-11-02 03:00:00+05:30,21.3,0.0,2.9024127,92.01823
2024-11-02 04:00:00+05:30,20.25,0.0,3.4576871,95.16242
2024-11-02 05:00:00+05:30,19.75,0.0,3.494968,96.338486
2024-11-02 06:00:00+05:30,22.0,0.0,4.143911,90.930534
2024-11-02 07:00:00+05:30,23.5,0.0,4.5,88.0183
2024-11-02 08:00:00+05:30,24.85,0.0,6.090812,86.27867
2024-11-02 09:00:00+05:30,26.35,0.0,7.193247,80.62415
2024-11-02 10:00:00+05:30,27.7,0.0,8.244708,73.356926
2024-11-02 11:00:00+05:30,28.5,0.0,8.55142,68.75009
2024-11-02 12:00:00+05:30,29.0,0.0,8.0899935,66.98895
2024-11-02 13:00:00+05:30,28.85,0.0,8.037761,68.81717
2024-11-02 14:00:00+05:30,28.6,0.0,8.099999,69.61056
2024-11-02 15:00:00+05:30,28.0,0.0,5.6521144,72.96395
2024-11-02 16:00:00+05:30,26.1,0.0,4.965521,82.32128
2024-11-02 17:00:00+05:30,24.6,0.0,6.1569467,87.84359
2024-11-02 18:00:00+05:30,24.55,0.0,4.4274144,82.63915
2024-11-02 19:00:00+05:30,23.65,0.0,4.965521,86.42804
2024-11-02 20:00:00+05:30,22.95,0.0,4.863332,88.514244
2024-11-02 21:00:00+05:30,22.0,0.0,4.3573384,92.62736
2024-11-02 22:00:00+05:30,21.65,0.0,3.8647635,94.047264
2024-11-02 23:00:00+05:30,21.35,0.0,4.0449967,94.908615
2024-11-03 00:00:00+05:30,21.2,0.0,4.1046314,94.027534
2024-11-03 01:00:00+05:30,20.9,0.0,4.471107,94.01435
2024-11-03 02:00:00+05:30,20.5,0.0,5.1165614,94.289154
2024-11-03 03:00:00+05:30,20.2,0.0,4.8433046,94.27651
2024-11-03 04:00:00+05:30,19.85,0.0,4.0449963,93.96783
2024-11-03 05:00:00+05:30,19.4,0.0,4.175069,93.947716
2024-11-03 06:00:00+05:30,21.4,0.0,2.5071096,85.67552
2024-11-03 07:00:00+05:30,23.5,0.0,3.9312592,79.753265
2024-11-03 08:00:00+05:30,25.1,0.0,4.503598,76.368866
2024-11-03 09:00:00+05:30,26.4,0.0,5.6233797,75.40906
2024-11-03 10:00:00+05:30,27.55,0.0,6.3690495,72.00416
2024-11-03 11:00:00+05:30,28.6,0.0,6.193674,67.31846
2024-11-03 12:00:00+05:30,29.15,0.0,5.9617786,65.8063
2024-11-03 13:00:00+05:30,29.25,0.0,5.5450516,66.02745
2024-11-03 14:00:00+05:30,29.0,0.0,6.015878,68.429375
2024-11-03 15:00:00+05:30,28.4,0.0,3.096837,73.92044
2024-11-03 16:00:00+05:30,27.4,0.0,4.2481523,77.42085
2024-11-03 17:00:00+05:30,27.0,0.0,3.4152596,78.06836
2024-11-03 18:00:00+05:30,25.6,0.0,3.693291,84.02875
2024-11-03 19:00:00+05:30,23.85,0.0,4.86,92.444565
2024-11-03 20:00:00+05:30,23.4,0.0,4.1556225,93.268105
2024-11-03 21:00:00+05:30,22.55,0.0,3.4199998,96.120316
2024-11-03 22:00:00+05:30,22.3,0.0,3.4247334,96.11314
2024-11-03 23:00:00+05:30,21.45,0.0,4.6938252,97.27754
2024-11-04 00:00:00+05:30,20.95,0.0,4.1556225,97.56769
2024-11-04 01:00:00+05:30,20.6,0.0,2.8856194,96.95986
2024-11-04 02:00:00+05:30,19.95,0.0,4.7110505,96.64408
2024-11-04 03:00:00+05:30,19.8,0.0,5.4119864,92.50789
2024-11-04 04:00:00+05:30,19.75,0.0,4.7110505,89.6482
2024-11-04 05:00:00+05:30,19.55,0.0,4.7110505,88.79024
2024-11-04 06:00:00+05:30,22.05,0.0,5.3517847,93.2016
2024-11-04 07:00:00+05:30,23.75,0.0,5.2323985,91.043976
2024-11-04 08:00:00+05:30,25.65,0.0,4.613762,86.094185
2024-11-04 09:00:00+05:30,27.1,0.0,8.181589,80.23569
2024-11-04 10:00:00+05:30,27.95,0.0,8.856658,76.112595
2024-11-04 11:00:00+05:30,28.75,0.0,7.3469996,72.652374
2024-11-04 12:00:00+05:30,29.35,0.0,6.1437774,68.70452
2024-11-04 13:00:00+05:30,29.6,0.0,6.156947,66.905495
2024-11-04 14:00:00+05:30,29.25,0.0,6.502461,68.270424
2024-11-04 15:00:00+05:30,28.3,0.0,4.978554,74.12743
2024-11-04 16:00:00+05:30,26.45,0.0,5.3426957,80.39313
2024-11-04 17:00:00+05:30,25.05,0.0,6.0347,86.29778
2024-11-04 18:00:00+05:30,24.9,0.0,5.495161,87.60315
2024-11-04 19:00:00+05:30,24.45,0.0,4.669604,89.17563
2024-11-04 20:00:00+05:30,24.15,0.0,4.5,90.51826
2024-11-04 21:00:00+05:30,23.25,0.0,4.3536186,93.830536
2024-11-04 22:00:00+05:30,22.4,0.0,5.1575575,96.11603
2024-11-04 23:00:00+05:30,21.85,0.0,4.4274144,96.98808
2024-11-05 00:00:00+05:30,21.35,0.0,4.445672,97.575
2024-11-05 01:00:00+05:30,20.75,0.0,4.0249224,98.16812
2024-11-05 02:00:00+05:30,20.6,0.0,3.9518096,97.56132
2024-11-05 03:00:00+05:30,20.8,0.0,3.06,95.47714
2024-11-05 04:00:00+05:30,20.8,0.0,3.219938,94.3018
2024-11-05 05:00:00+05:30,20.85,0.0,3.7842832,92.85305
2024-11-05 06:00:00+05:30,22.35,0.0,5.318383,92.64611
2024-11-05 07:00:00+05:30,23.35,0.0,4.3498964,91.01823
2024-11-05 08:00:00+05:30,25.0,0.0,5.6060677,87.34666
2024-11-05 09:00:00+05:30,27.2,0.0,7.458606,76.92376
2024-11-05 10:00:00+05:30,28.8,0.0,10.711135,65.73444
2024-11-05 11:00:00+05:30,29.9,0.0,11.038858,60.939888
2024-11-05 12:00:00+05:30,28.75,0.0,11.39842,64.13447
2024-11-05 13:00:00+05:30,28.65,0.0,11.341428,66.511635
2024-11-05 14:00:00+05:30,28.55,0.0,8.281956,67.51419
2024-11-05 15:00:00+05:30,27.85,0.0,6.5248446,72.93822
2024-11-05 16:00:00+05:30,26.25,0.0,7.056826,78.67519
2024-11-05 17:00:00+05:30,25.3,0.0,7.2044983,84.50789
2024-11-05 18:00:00+05:30,24.25,0.0,5.1544156,89.1603
2024-11-05 19:00:00+05:30,23.75,0.0,5.318383,91.32152
2024-11-05 20:00:00+05:30,23.35,0.0,5.7431,92.135925
2024-11-05 21:00:00+05:30,22.6,0.0,4.3349743,93.51461
2024-11-05 22:00:00+05:30,22.1,0.0,4.0249224,93.77849
2024-11-05 23:00:00+05:30,22.15,0.0,3.96,90.94037
2024-11-06 00:00:00+05:30,21.3,0.0,2.9024127,92.58966
2024-11-06 01:00:00+05:30,20.95,0.0,3.4949677,90.017265
2024-11-06 02:00:00+05:30,20.55,0.0,3.604497,87.49029
2024-11-06 03:00:00+05:30,20.15,0.0,4.2366967,85.54889
2024-11-06 04:00:00+05:30,20.25,0.0,3.8939953,85.82888
2024-11-06 05:00:00+05:30,19.7,0.0,3.8183763,88.24479
2024-11-06 06:00:00+05:30,20.1,0.2,7.10031,97.85524
2024-11-06 07:00:00+05:30,21.6,0.0,5.5567255,92.89211
2024-11-06 08:00:00+05:30,22.85,0.0,3.06,88.50607
2024-11-06 09:00:00+05:30,24.2,0.0,4.6800003,84.13187
2024-11-06 10:00:00+05:30,25.9,0.0,2.9522195,77.90886
2024-11-06 11:00:00+05:30,26.95,0.0,5.2323985,75.03819
2024-11-06 12:00:00+05:30,27.5,0.0,6.6624317,70.68875
2024-11-06 13:00:00+05:30,27.8,0.0,5.6060677,66.747986
2024-11-06 14:00:00+05:30,27.65,0.0,6.5248446,66.9231
2024-11-06 15:00:00+05:30,27.05,0.0,4.6800003,73.24642
2024-11-06 16:00:00+05:30,25.15,0.0,4.6102495,82.207016
2024-11-06 17:00:00+05:30,23.7,0.0,6.3639607,88.57511
2024-11-06 18:00:00+05:30,21.6,0.0,5.2478566,75.57843
2024-11-06 19:00:00+05:30,21.1,0.0,3.9966488,84.579285
2024-11-06 20:00:00+05:30,20.75,0.0,4.5891175,86.6901
2024-11-06 21:00:00+05:30,20.2,0.0,4.8733153,90.24513
2024-11-06 22:00:00+05:30,19.65,0.0,3.7585104,92.78993
2024-11-06 23:00:00+05:30,19.35,0.0,3.0652895,93.06566
2024-11-07 00:00:00+05:30,19.15,0.0,4.2136917,93.936516
2024-11-07 01:00:00+05:30,18.95,0.0,2.8856194,93.63255
2024-11-07 02:00:00+05:30,18.65,0.0,3.244996,93.61844
2024-11-07 03:00:00+05:30,18.65,0.0,4.1085763,91.28316
2024-11-07 04:00:00+05:30,18.5,0.0,3.148714,92.14415
2024-11-07 05:00:00+05:30,18.35,0.0,3.6447225,93.01427
2024-11-07 06:00:00+05:30,20.4,0.0,4.1046314,88.85855
2024-11-07 07:00:00+05:30,22.8,0.0,3.4199998,79.40958
2024-11-07 08:00:00+05:30,24.15,0.0,4.7110505,78.13371
2024-11-07 09:00:00+05:30,25.6,0.0,5.0816135,77.38954
2024-11-07 10:00:00+05:30,26.85,0.0,5.9427266,73.66111
2024-11-07 11:00:00+05:30,27.4,0.0,7.8480825,69.59702
2024-11-07 12:00:00+05:30,27.75,0.0,8.55142,68.18667
2024-11-07 13:00:00+05:30,27.75,0.0,8.587338,67.56242
2024-11-07 14:00:00+05:30,27.4,0.0,9.085988,69.38405
2024-11-07 15:00:00+05:30,26.55,0.0,9.039514,73.61052
2024-11-07 16:00:00+05:30,24.95,0.0,6.279395,79.94958
2024-11-07 17:00:00+05:30,24.0,0.0,6.5693827,83.33878
2024-11-07 18:00:00+05:30,23.8,0.0,8.2584505,82.54996
2024-11-07 19:00:00+05:30,23.1,0.0,7.2805495,85.58098
2024-11-07 20:00:00+05:30,22.05,0.0,4.599695,91.49619
2024-11-07 21:00:00+05:30,21.15,0.0,5.22,94.02536
2024-11-07 22:00:00+05:30,20.75,0.0,6.638072,88.05717
2024-11-07 23:00:00+05:30,20.1,0.0,4.5,84.20459
2024-11-08 00:00:00+05:30,19.3,0.0,5.1165614,86.27859
2024-11-08 01:00:00+05:30,19.05,0.0,4.5891175,84.08783
2024-11-08 02:00:00+05:30,18.95,0.0,4.978554,83.54224
2024-11-08 03:00:00+05:30,18.85,0.0,5.6060677,84.065445
2024-11-08 04:00:00+05:30,18.35,0.0,4.863332,85.91077
2024-11-08 05:00:00+05:30,18.0,0.0,4.724786,88.38172
2024-11-08 06:00:00+05:30,19.5,0.0,8.149847,89.0665
2024-11-08 07:00:00+05:30,21.3,0.0,7.0223074,86.47164
2024-11-08 08:00:00+05:30,23.05,0.0,7.628263,82.71592
2024-11-08 09:00:00+05:30,24.55,0.0,8.775807,77.710815
2024-11-08 10:00:00+05:30,25.8,0.0,9.021574,70.15739
2024-11-08 11:00:00+05:30,26.7,0.0,9.741642,63.299614
2024-11-08 12:00:00+05:30,27.1,0.0,10.30883,60.116016
2024-11-08 13:00:00+05:30,27.2,0.0,10.163227,59.577713
2024-11-08 14:00:00+05:30,26.85,0.0,10.144082,61.77262
2024-11-08 15:00:00+05:30,25.95,0.0,8.9873905,68.043686
2024-11-08 16:00:00+05:30,24.2,0.0,7.5685663,73.66692
2024-11-08 17:00:00+05:30,22.9,0.0,6.6624317,79.17634
2024-11-08 18:00:00+05:30,22.2,0.0,5.637765,83.650215
2024-11-08 19:00:00+05:30,21.75,0.0,6.4323244,85.444214
2024-11-08 20:00:00+05:30,21.5,0.0,7.3447943,85.41869
2024-11-08 21:00:00+05:30,21.15,0.0,7.0591216,84.85002
2024-11-08 22:00:00+05:30,20.45,0.0,5.6492476,85.579445
2024-11-08 23:00:00+05:30,19.35,0.0,4.8433046,89.336044
2024-11-09 00:00:00+05:30,18.6,0.0,4.6938257,91.27995
2024-11-09 01:00:00+05:30,18.25,0.0,3.9312592,90.96848
2024-11-09 02:00:00+05:30,17.95,0.0,4.1556225,89.79791
2024-11-09 03:00:00+05:30,17.65,0.0,4.514377,89.489334
2024-11-09 04:00:00+05:30,17.45,0.0,4.599695,88.90313
2024-11-09 05:00:00+05:30,17.55,0.0,3.3092597,86.661026
2024-11-09 06:00:00+05:30,19.2,0.0,4.978554,80.68937
2024-11-09 07:00:00+05:30,21.4,0.0,3.7799997,76.99501
2024-11-09 08:00:00+05:30,23.35,0.0,6.452441,74.68209
2024-11-09 09:00:00+05:30,25.0,0.0,8.936778,71.10527
2024-11-09 10:00:00+05:30,26.3,0.0,8.953078,65.41851
2024-11-09 11:00:00+05:30,27.1,0.0,9.913082,61.636173
2024-11-09 12:00:00+05:30,27.55,0.0,10.950452,61.163956
2024-11-09 13:00:00+05:30,27.75,0.0,11.435313,61.781536
2024-11-09 14:00:00+05:30,27.4,0.0,12.193589,63.845974
2024-11-09 15:00:00+05:30,26.45,0.0,9.437563,68.98972
2024-11-09 16:00:00+05:30,24.55,0.0,7.145796,75.34477
2024-11-09 17:00:00+05:30,23.15,0.0,6.439876,82.21719
2024-11-09 18:00:00+05:30,22.45,0.0,4.514377,86.046646
2024-11-09 19:00:00+05:30,21.7,0.0,4.3498964,89.237976
2024-11-09 20:00:00+05:30,20.85,0.0,4.5322843,91.70655
2024-11-09 21:00:00+05:30,20.2,0.0,3.7842832,92.81896
2024-11-09 22:00:00+05:30,19.75,0.0,4.514377,93.67011
2024-11-09 23:00:00+05:30,19.1,0.0,5.2200003,95.7191
2024-11-10 00:00:00+05:30,18.75,0.0,5.0432134,96.00902
2024-11-10 01:00:00+05:30,18.5,0.0,5.426933,94.799805
2024-11-10 02:00:00+05:30,18.25,0.0,4.353619,92.12968
2024-11-10 03:00:00+05:30,17.8,0.0,3.536439,91.22868
2024-11-10 04:00:00+05:30,17.65,0.0,3.536439,89.489334
2024-11-10 05:00:00+05:30,17.5,0.0,3.8856654,88.057106
2024-11-10 06:00:00+05:30,19.75,0.0,5.6920996,83.89959
2024-11-10 07:00:00+05:30,22.2,0.0,4.4456716,79.32611
2024-11-10 08:00:00+05:30,24.3,0.0,5.5450516,75.07112
2024-11-10 09:00:00+05:30,25.8,0.0,8.714677,72.13674
2024-11-10 10:00:00+05:30,27.0,0.0,9.867218,66.58601
2024-11-10 11:00:00+05:30,27.85,0.0,9.396275,63.15739
2024-11-10 12:00:00+05:30,28.4,0.0,9.292255,61.545
2024-11-10 13:00:00+05:30,28.55,0.0,8.777654,61.76874
2024-11-10 14:00:00+05:30,28.3,0.0,8.37532,63.255062
2024-11-10 15:00:00+05:30,27.4,0.0,6.9153743,68.95987
2024-11-10 16:00:00+05:30,24.65,0.0,7.056826,82.90428
2024-11-10 17:00:00+05:30,25.75,0.0,0.6489992,73.47486
2024-11-10 18:00:00+05:30,24.85,0.0,3.1072817,77.75504
2024-11-10 19:00:00+05:30,24.15,0.0,1.98,80.583565
2024-11-10 20:00:00+05:30,22.0,0.0,3.362677,91.77551
2024-11-10 21:00:00+05:30,21.5,0.0,3.438895,93.46224
2024-11-10 22:00:00+05:30,20.7,0.0,4.175069,95.76986
2024-11-10 23:00:00+05:30,20.0,0.0,5.195113,96.34532
2024-11-11 00:00:00+05:30,20.0,0.0,4.412754,95.4502
2024-11-11 01:00:00+05:30,19.55,0.0,4.412754,95.13722
2024-11-11 02:00:00+05:30,18.9,0.0,4.278551,95.71273
2024-11-11 03:00:00+05:30,18.4,0.0,3.3092597,96.60485
2024-11-11 04:00:00+05:30,18.05,0.0,3.84796,96.29153
2024-11-11 05:00:00+05:30,17.8,0.0,4.5572357,94.772575
2024-11-11 06:00:00+05:30,20.2,0.0,5.9644947,85.01642
2024-11-11 07:00:00+05:30,22.9,0.0,3.06,80.41869
2024-11-11 08:00:00+05:30,25.25,0.0,3.0652893,74.99321
2024-11-11 09:00:00+05:30,26.65,0.0,5.48631,70.96747
2024-11-11 10:00:00+05:30,27.6,0.0,6.3690495,67.94857
2024-11-11 11:00:00+05:30,28.35,0.0,6.502461,63.852657
2024-11-11 12:00:00+05:30,28.85,0.0,5.9427266,59.773403
2024-11-11 13:00:00+05:30,29.0,0.0,5.369916,58.166798
2024-11-11 14:00:00+05:30,28.8,0.0,4.3349743,59.027058
2024-11-11 15:00:00+05:30,27.95,0.0,3.0547013,68.43469
2024-11-11 16:00:00+05:30,25.3,0.0,6.544677,79.75226
2024-11-11 17:00:00+05:30,25.0,0.0,6.248359,78.49765
2024-11-11 18:00:00+05:30,23.6,0.0,5.020677,86.688736
2024-11-11 19:00:00+05:30,22.95,0.0,4.4565907,87.43196
2024-11-11 20:00:00+05:30,22.4,0.0,3.244996,87.11334
2024-11-11 21:00:00+05:30,21.65,0.0,3.438895,89.51116
2024-11-11 22:00:00+05:30,21.25,0.0,3.5455887,90.88128
2024-11-11 23:00:00+05:30,20.6,0.0,4.68,92.55167
2024-11-12 00:00:00+05:30,19.95,0.0,5.6262593,92.51613
2024-11-12 01:00:00+05:30,19.55,0.0,4.913044,90.76814
2024-11-12 02:00:00+05:30,19.35,0.0,3.9966488,86.283455
2024-11-12 03:00:00+05:30,18.75,0.0,4.514377,86.77506
2024-11-12 04:00:00+05:30,18.4,0.0,4.2021422,87.85438
2024-11-12 05:00:00+05:30,18.1,0.0,3.244996,89.23909
2024-11-12 06:00:00+05:30,20.35,1.0,4.503598,91.676315
2024-11-12 07:00:00+05:30,21.65,0.2,2.1749482,89.23412
2024-11-12 08:00:00+05:30,23.35,0.0,2.7475805,81.98754
2024-11-12 09:00:00+05:30,25.0,0.0,6.618519,75.184456
2024-11-12 10:00:00+05:30,26.55,0.0,6.1226463,69.00896
2024-11-12 11:00:00+05:30,27.3,0.0,4.829907,67.26573
2024-11-12 12:00:00+05:30,27.8,0.0,4.471107,64.72557
2024-11-12 13:00:00+05:30,27.95,0.0,4.2021427,62.210068
2024-11-12 14:00:00+05:30,27.7,0.0,4.2671766,60.818634
2024-11-12 15:00:00+05:30,27.1,0.0,2.36753,67.22573
2024-11-12 16:00:00+05:30,26.6,0.0,3.4949677,65.07557
2024-11-12 17:00:00+05:30,25.0,0.0,2.6999998,71.99459
2024-11-12 18:00:00+05:30,23.65,0.7,9.021574,81.77161
2024-11-12 19:00:00+05:30,22.8,0.1,0.54,88.77468
2024-11-12 20:00:00+05:30,22.3,0.0,1.6199999,90.6706
2024-11-12 21:00:00+05:30,22.0,0.0,4.8466477,91.49307
2024-11-12 22:00:00+05:30,21.0,0.0,3.7799997,93.72812
2024-11-12 23:00:00+05:30,20.35,0.0,3.4949677,93.11646
2024-11-13 00:00:00+05:30,20.15,0.0,4.503598,92.23868
2024-11-13 01:00:00+05:30,19.65,0.0,3.964089,92.78993
2024-11-13 02:00:00+05:30,19.15,0.0,1.8532133,92.472046
2024-11-13 03:00:00+05:30,18.6,0.0,4.060985,94.50555
2024-11-13 04:00:00+05:30,18.15,0.0,3.964089,95.68857
2024-11-13 05:00:00+05:30,17.75,0.0,4.412754,97.20077
2024-11-13 06:00:00+05:30,19.5,0.0,6.489992,93.36545
2024-11-13 07:00:00+05:30,22.2,0.0,4.73506,84.96076
2024-11-13 08:00:00+05:30,24.55,0.0,2.4014995,76.28351
2024-11-13 09:00:00+05:30,25.95,0.0,4.846648,68.68009
2024-11-13 10:00:00+05:30,26.8,0.0,6.114703,64.71462
2024-11-13 11:00:00+05:30,27.25,0.0,5.7402787,63.02666
2024-11-13 12:00:00+05:30,27.65,0.0,4.4565907,62.143654
2024-11-13 13:00:00+05:30,27.95,0.0,5.0975285,59.937363
2024-11-13 14:00:00+05:30,27.7,0.0,6.3639607,59.879784
2024-11-13 15:00:00+05:30,27.15,0.0,3.2599385,64.3884
2024-11-13 16:00:00+05:30,25.5,0.0,2.4216523,74.80311
2024-11-13 17:00:00+05:30,24.65,0.0,1.6199999,77.486206
2024-11-13 18:00:00+05:30,23.55,0.0,3.143565,84.57962
2024-11-13 19:00:00+05:30,22.35,0.0,4.0449963,91.51458
2024-11-13 20:00:00+05:30,21.7,0.0,5.4029994,94.04945
2024-11-13 21:00:00+05:30,20.9,0.0,6.6624317,94.89165
2024-11-13 22:00:00+05:30,20.2,0.0,6.6624317,94.86513
2024-11-13 23:00:00+05:30,19.7,0.0,5.4119864,94.2553
2024-11-14 00:00:00+05:30,19.2,0.0,5.9427266,93.64434
2024-11-14 01:00:00+05:30,18.8,0.0,4.7110505,92.74466
2024-11-14 02:00:00+05:30,18.5,0.0,4.5,92.14415
2024-11-14 03:00:00+05:30,18.1,0.0,5.4029994,92.70706
2024-11-14 04:00:00+05:30,17.9,0.0,5.8298883,92.69631
2024-11-14 05:00:00+05:30,17.7,0.0,5.6060677,92.98057
2024-11-14 06:00:00+05:30,19.8,0.0,4.412754,90.21685
2024-11-14 07:00:00+05:30,22.45,0.0,2.5582807,82.901924
2024-11-14 08:00:00+05:30,24.85,0.0,2.52,75.6263
2024-11-14 09:00:00+05:30,26.3,0.0,4.6800003,69.81844
2024-11-14 10:00:00+05:30,27.3,0.0,5.0816135,63.037567
2024-11-14 11:00:00+05:30,28.0,0.0,5.2478566,58.11126
2024-11-14 12:00:00+05:30,28.35,0.0,4.863332,56.056858
2024-11-14 13:00:00+05:30,28.5,0.0,3.3092594,54.536774
2024-11-14 14:00:00+05:30,28.35,0.0,5.402999,55.533455
2024-11-14 15:00:00+05:30,27.5,0.0,2.7534704,63.867424
2024-11-14 16:00:00+05:30,25.5,0.0,1.5484185,76.19632
2024-11-14 17:00:00+05:30,24.45,0.0,1.8089776,79.39177
2024-11-14 18:00:00+05:30,23.6,0.0,1.9134263,82.781
2024-11-14 19:00:00+05:30,22.55,0.0,3.2599385,86.59026
2024-11-14 20:00:00+05:30,21.3,0.0,5.0688457,92.58966
2024-11-14 21:00:00+05:30,20.45,0.0,6.122647,95.169586
2024-11-14 22:00:00+05:30,19.9,0.0,6.12,95.149864
2024-11-14 23:00:00+05:30,19.6,0.0,5.4119864,93.956665
2024-11-15 00:00:00+05:30,19.3,0.0,4.6938252,93.06309
2024-11-15 01:00:00+05:30,18.9,0.0,5.223103,92.750015
2024-11-15 02:00:00+05:30,18.6,0.0,4.7657523,92.441536
2024-11-15 03:00:00+05:30,18.3,0.0,3.6,92.1326
2024-11-15 04:00:00+05:30,17.95,0.0,3.9966488,92.11224
2024-11-15 05:00:00+05:30,17.6,0.0,4.86,92.38557
2024-11-15 06:00:00+05:30,18.65,0.0,5.0432134,91.86212
2024-11-15 07:00:00+05:30,21.85,0.0,2.7534704,82.57265
2024-11-15 08:00:00+05:30,24.4,0.0,1.6299692,73.47205
2024-11-15 09:00:00+05:30,25.8,0.0,3.0652893,69.29307
2024-11-15 10:00:00+05:30,26.75,0.0,3.693291,63.310513
2024-11-15 11:00:00+05:30,27.4,0.0,4.2671766,59.62411
2024-11-15 12:00:00+05:30,27.8,0.0,4.445672,58.063877
2024-11-15 13:00:00+05:30,27.9,0.0,4.1046314,56.830406
2024-11-15 14:00:00+05:30,27.75,0.0,4.327493,56.61647
2024-11-15 15:00:00+05:30,27.0,0.0,3.604497,64.157036
2024-11-15 16:00:00+05:30,25.1,0.0,4.1085763,74.2773
2024-11-15 17:00:00+05:30,23.95,0.0,2.9024127,78.34688
2024-11-15 18:00:00+05:30,23.25,0.0,2.1674871,81.217064
2024-11-15 19:00:00+05:30,21.85,0.0,3.671294,85.4544
2024-11-15 20:00:00+05:30,20.1,0.0,4.503598,93.39473
2024-11-15 21:00:00+05:30,19.15,0.0,5.0432134,96.92664
2024-11-15 22:00:00+05:30,18.85,0.0,6.122647,96.31374
2024-11-15 23:00:00+05:30,18.7,0.0,5.950899,95.106285
2024-11-16 00:00:00+05:30,18.55,0.0,5.6262593,94.50352
2024-11-16 01:00:00+05:30,18.3,0.0,5.771239,94.19532
2024-11-16 02:00:00+05:30,18.1,0.0,5.2200003,93.59233
2024-11-16 03:00:00+05:30,17.9,0.0,4.060985,92.991005
2024-11-16 04:00:00+05:30,17.45,0.0,4.5891175,94.158424
2024-11-16 05:00:00+05:30,17.2,0.0,3.964089,95.05106
2024-11-16 06:00:00+05:30,18.8,0.0,5.0432134,90.431175
2024-11-16 07:00:00+05:30,21.95,0.0,3.148714,81.5587
2024-11-16 08:00:00+05:30,24.3,0.0,2.8856194,72.7717
2024-11-16 09:00:00+05:30,25.7,0.0,4.278551,67.152855
2024-11-16 10:00:00+05:30,26.35,0.1,3.2599385,63.421104
2024-11-16 11:00:00+05:30,26.9,0.2,2.0124612,60.826466
2024-11-16 12:00:00+05:30,27.35,0.2,3.494968,58.687717
2024-11-16 13:00:00+05:30,27.6,0.0,5.072041,58.01642
2024-11-16 14:00:00+05:30,27.4,0.0,3.7842832,58.883408
2024-11-16 15:00:00+05:30,26.65,0.0,3.604497,64.68286
2024-11-16 16:00:00+05:30,25.05,0.0,2.5772078,74.269
2024-11-16 17:00:00+05:30,24.5,0.0,1.2727921,73.48912
2024-11-16 18:00:00+05:30,24.35,0.0,0.5091169,75.0792
2024-11-16 19:00:00+05:30,23.4,0.0,2.2553935,79.2462
2024-11-16 20:00:00+05:30,22.45,0.0,4.0249224,83.41894
2024-11-16 21:00:00+05:30,21.6,0.0,3.964089,88.12929
2024-11-16 22:00:00+05:30,20.9,0.0,2.7534704,91.424995
2024-11-16 23:00:00+05:30,20.65,0.0,2.7534704,92.5544
2024-11-17 00:00:00+05:30,20.35,0.0,3.6179552,93.40687
2024-11-17 01:00:00+05:30,19.95,0.0,1.835647,94.56033
2024-11-17 02:00:00+05:30,19.9,0.0,1.9881649,94.26383
2024-11-17 03:00:00+05:30,19.45,0.0,4.7110505,95.73029
2024-11-17 04:00:00+05:30,19.25,0.0,4.73506,95.424706
2024-11-17 05:00:00+05:30,19.4,0.0,2.8799999,93.36056
2024-11-17 06:00:00+05:30,19.65,0.0,4.8633323,92.21023
2024-11-17 07:00:00+05:30,22.25,0.0,3.1845248,83.91648
2024-11-17 08:00:00+05:30,24.35,0.0,2.3469129,73.92197
2024-11-17 09:00:00+05:30,25.8,0.0,4.6452556,65.31385
2024-11-17 10:00:00+05:30,26.6,0.0,3.8183763,58.880207
2024-11-17 11:00:00+05:30,27.2,0.0,3.693291,55.250366
2024-11-17 12:00:00+05:30,27.6,0.0,3.693291,53.46208
2024-11-17 13:00:00+05:30,27.8,0.0,3.3043609,53.008102
2024-11-17 14:00:00+05:30,27.6,0.0,2.7059932,53.800903
2024-11-17 15:00:00+05:30,26.8,0.0,2.5959969,61.376778
2024-11-17 16:00:00+05:30,24.7,0.0,3.06,74.90371
2024-11-17 17:00:00+05:30,23.5,0.0,2.4149535,78.76963
2024-11-17 18:00:00+05:30,21.8,0.0,4.327493,92.61661
2024-11-17 19:00:00+05:30,20.85,0.0,4.8466477,95.183876
2024-11-17 20:00:00+05:30,20.4,0.0,4.802999,93.7004
2024-11-17 21:00:00+05:30,20.1,0.0,4.7110505,92.81367
2024-11-17 22:00:00+05:30,19.75,0.0,4.7110505,91.92743
2024-11-17 23:00:00+05:30,19.15,0.0,4.86,93.348305
2024-11-18 00:00:00+05:30,18.55,0.0,4.5,95.10085
2024-11-18 01:00:00+05:30,17.8,0.0,4.86,97.50931
2024-11-18 02:00:00+05:30,17.35,0.0,5.0911684,97.810165
2024-11-18 03:00:00+05:30,17.1,0.0,5.0911684,97.496056
2024-11-18 04:00:00+05:30,17.25,0.0,4.5322843,95.052925
2024-11-18 05:00:00+05:30,17.4,0.0,5.0528407,92.37429
2024-11-18 06:00:00+05:30,18.9,0.0,3.7842832,88.737625
2024-11-18 07:00:00+05:30,21.2,0.0,1.7076298,81.46363
2024-11-18 08:00:00+05:30,23.35,0.0,2.8174455,73.06211
2024-11-18 09:00:00+05:30,25.15,0.0,4.965521,67.46246
2024-11-18 10:00:00+05:30,26.45,0.0,7.2,60.914623
2024-11-18 11:00:00+05:30,27.3,0.0,8.338489,54.581585
2024-11-18 12:00:00+05:30,27.8,0.0,8.373386,51.356705
2024-11-18 13:00:00+05:30,27.9,0.0,7.256032,50.73488
2024-11-18 14:00:00+05:30,27.75,0.0,6.945761,51.506886
2024-11-18 15:00:00+05:30,26.65,0.0,5.257109,60.200813
2024-11-18 16:00:00+05:30,25.1,0.0,0.6489992,65.98981
2024-11-18 17:00:00+05:30,23.35,0.0,0.9178235,72.83322
2024-11-18 18:00:00+05:30,21.75,0.0,4.060985,81.78918
2024-11-18 19:00:00+05:30,20.05,0.0,3.2599385,91.94515
2024-11-18 20:00:00+05:30,19.4,0.0,2.8799999,94.24254
2024-11-18 21:00:00+05:30,19.2,0.0,4.503598,93.05796
2024-11-18 22:00:00+05:30,19.0,0.0,5.223103,91.59381
2024-11-18 23:00:00+05:30,18.45,0.0,5.7628117,92.43317
2024-11-19 00:00:00+05:30,18.0,0.0,5.9427266,92.70167
2024-11-19 01:00:00+05:30,17.6,0.0,5.771239,92.680046
2024-11-19 02:00:00+05:30,17.4,0.0,6.122647,91.4945
2024-11-19 03:00:00+05:30,16.95,0.0,5.7628117,92.0538
2024-11-19 04:00:00+05:30,16.65,0.0,4.8899083,92.036156
2024-11-19 05:00:00+05:30,16.55,0.0,4.7110505,90.27246
2024-11-19 06:00:00+05:30,17.6,0.0,6.1569467,90.05903
2024-11-19 07:00:00+05:30,20.55,0.0,3.0652893,81.12382
2024-11-19 08:00:00+05:30,23.0,0.0,3.244996,72.315125
2024-11-19 09:00:00+05:30,24.8,0.0,5.6060677,66.76105
2024-11-19 10:00:00+05:30,26.35,0.0,7.7043357,58.63625
2024-11-19 11:00:00+05:30,27.35,0.0,8.187527,51.7316
2024-11-19 12:00:00+05:30,27.95,0.0,7.6579366,47.616505
2024-11-19 13:00:00+05:30,28.1,0.0,7.0015144,47.656513
2024-11-19 14:00:00+05:30,27.7,0.0,6.6794305,49.883076
2024-11-19 15:00:00+05:30,26.6,0.0,2.6999998,63.67352
2024-11-19 16:00:00+05:30,24.55,0.0,1.3104197,71.022865
2024-11-19 17:00:00+05:30,22.55,0.0,2.9301877,78.38844
2024-11-19 18:00:00+05:30,22.7,0.0,2.52,75.75499
2024-11-19 19:00:00+05:30,21.85,0.0,1.98,77.79555
2024-11-19 20:00:00+05:30,20.75,0.0,2.7534704,80.638626
2024-11-19 21:00:00+05:30,19.65,0.0,3.7799997,84.68971
2024-11-19 22:00:00+05:30,18.6,0.0,4.5,89.56164
2024-11-19 23:00:00+05:30,17.9,0.0,5.4029994,90.94532
2024-11-20 00:00:00+05:30,17.5,0.0,5.771239,88.90714
2024-11-20 01:00:00+05:30,16.9,0.0,5.0688457,89.144806
2024-11-20 02:00:00+05:30,16.4,0.0,5.6521144,89.39307
2024-11-20 03:00:00+05:30,15.95,0.0,5.426933,88.49412
2024-11-20 04:00:00+05:30,15.55,0.0,5.426933,85.90566
2024-11-20 05:00:00+05:30,15.15,0.0,4.9785542,82.00991
2024-11-20 06:00:00+05:30,16.6,0.0,6.384293,81.65911
2024-11-20 07:00:00+05:30,18.95,0.0,4.7928696,77.35851
2024-11-20 08:00:00+05:30,22.45,0.0,2.97953,69.0811
2024-11-20 09:00:00+05:30,24.6,0.0,7.056826,65.678856
2024-11-20 10:00:00+05:30,26.05,0.0,8.528657,57.646336
2024-11-20 11:00:00+05:30,27.15,0.0,10.404249,49.898087
2024-11-20 12:00:00+05:30,27.4,0.0,11.897714,49.487385
2024-11-20 13:00:00+05:30,27.3,0.0,10.934166,50.57883
2024-11-20 14:00:00+05:30,27.0,0.0,7.970972,52.470078
2024-11-20 15:00:00+05:30,26.0,0.0,3.964089,62.55585
2024-11-20 16:00:00+05:30,24.1,0.0,3.0652893,69.61827
2024-11-20 17:00:00+05:30,22.85,0.0,2.0523157,71.83385
2024-11-20 18:00:00+05:30,22.55,0.0,3.4576871,73.615944
2024-11-20 19:00:00+05:30,21.95,0.0,2.8174455,76.11358
2024-11-20 20:00:00+05:30,20.85,0.0,2.9024127,79.387314
2024-11-20 21:00:00+05:30,19.8,0.0,3.604497,82.062935
2024-11-20 22:00:00+05:30,18.75,0.0,4.6834598,84.59232
2024-11-20 23:00:00+05:30,18.05,0.0,4.3349743,85.05954
2024-11-21 00:00:00+05:30,17.4,0.0,4.8733153,84.44457
2024-11-21 01:00:00+05:30,16.5,0.0,6.66,85.16968
2024-11-21 02:00:00+05:30,15.8,0.0,7.2202215,86.4921
2024-11-21 03:00:00+05:30,15.35,0.0,6.3231,87.29848
2024-11-21 04:00:00+05:30,15.2,0.0,5.0432134,86.43349
2024-11-21 05:00:00+05:30,15.05,0.0,5.232399,86.70196
2024-11-21 06:00:00+05:30,16.45,0.0,6.1437774,88.82212
2024-11-21 07:00:00+05:30,20.35,0.0,2.1897945,77.32434
2024-11-21 08:00:00+05:30,22.7,0.0,3.244996,70.457054
2024-11-21 09:00:00+05:30,24.15,0.0,4.4565907,68.97523
2024-11-21 10:00:00+05:30,25.4,0.0,5.904439,66.05193
2024-11-21 11:00:00+05:30,26.5,0.0,7.029225,61.887543
2024-11-21 12:00:00+05:30,27.4,0.0,9.5416975,56.531628
2024-11-21 13:00:00+05:30,27.95,0.0,11.269782,46.11552
2024-11-21 14:00:00+05:30,27.3,0.0,9.9408245,49.61941
2024-11-21 15:00:00+05:30,25.8,0.0,9.096681,59.438694
2024-11-21 16:00:00+05:30,23.65,0.0,5.0528407,71.977806
2024-11-21 17:00:00+05:30,22.6,0.0,1.4512063,75.264565
2024-11-21 18:00:00+05:30,22.1,0.0,7.3997297,79.31215
2024-11-21 19:00:00+05:30,19.6,0.0,7.9077177,83.08769
2024-11-21 20:00:00+05:30,19.0,0.0,6.945761,87.07447
2024-11-21 21:00:00+05:30,19.0,0.0,5.3517847,87.35108
2024-11-21 22:00:00+05:30,18.6,0.0,2.2910259,90.70397
2024-11-21 23:00:00+05:30,18.3,0.0,4.2175345,91.55057
2024-11-22 00:00:00+05:30,17.85,0.0,3.604497,93.284004
2024-11-22 01:00:00+05:30,17.35,0.0,3.0652895,94.154045
2024-11-22 02:00:00+05:30,16.8,0.0,4.4274144,93.231384
2024-11-22 03:00:00+05:30,16.05,0.0,5.9834766,89.36588
2024-11-22 04:00:00+05:30,15.45,0.0,5.6060677,84.5035
2024-11-22 05:00:00+05:30,14.75,0.0,5.9399996,83.59638
2024-11-22 06:00:00+05:30,16.45,0.0,7.3094187,79.01671
2024-11-22 07:00:00+05:30,18.85,0.2,3.8856654,77.59278
2024-11-22 08:00:00+05:30,20.6,0.0,2.2768397,74.459595
2024-11-22 09:00:00+05:30,22.5,0.0,1.5484185,71.31768
2024-11-22 10:00:00+05:30,24.1,0.0,1.9134263,67.25103
2024-11-22 11:00:00+05:30,25.05,0.0,2.8799999,64.34172
2024-11-22 12:00:00+05:30,25.55,0.0,1.484318,62.259815
2024-11-22 13:00:00+05:30,25.45,0.0,0.9178235,62.63073
2024-11-22 14:00:00+05:30,25.65,0.0,3.1072817,62.086464
2024-11-22 15:00:00+05:30,25.1,0.0,1.8,65.37155
2024-11-22 16:00:00+05:30,23.0,0.0,3.7971041,79.68492
2024-11-22 17:00:00+05:30,20.85,0.9,13.748513,78.886375
2024-11-22 18:00:00+05:30,20.2,0.1,7.0774574,91.09604
2024-11-22 19:00:00+05:30,19.35,0.4,14.87153,89.336044
2024-11-22 20:00:00+05:30,18.35,0.7,4.412754,94.49531
2024-11-22 21:00:00+05:30,18.6,0.7,1.3104197,94.80369
2024-11-22 22:00:00+05:30,18.05,0.0,4.1556225,97.821785
2024-11-22 23:00:00+05:30,17.7,0.0,3.7799997,96.89287
2024-11-23 00:00:00+05:30,17.5,0.0,3.4247334,95.97137
2024-11-23 01:00:00+05:30,16.95,0.0,0.40249225,96.260635
2024-11-23 02:00:00+05:30,16.6,0.0,5.6262593,97.176254
2024-11-23 03:00:00+05:30,16.0,0.0,5.506941,96.85256
2024-11-23 04:00:00+05:30,15.6,0.0,3.7842832,95.6049
2024-11-23 05:00:00+05:30,15.45,0.0,5.426933,95.292244
2024-11-23 06:00:00+05:30,16.45,0.0,5.6920996,92.61734
2024-11-23 07:00:00+05:30,18.85,0.0,4.2366967,84.33393
2024-11-23 08:00:00+05:30,21.65,0.0,0.35999998,72.99591
2024-11-23 09:00:00+05:30,23.45,0.0,1.8,67.33211
2024-11-23 10:00:00+05:30,24.35,0.0,5.0432134,65.21355
2024-11-23 11:00:00+05:30,24.95,0.0,3.362677,63.114937
2024-11-23 12:00:00+05:30,25.4,0.0,2.36753,61.835217
2024-11-23 13:00:00+05:30,25.55,0.0,2.5959969,60.326786
2024-11-23 14:00:00+05:30,25.4,0.0,2.9024127,59.91173
2024-11-23 15:00:00+05:30,24.65,0.0,3.01735,67.36203
2024-11-23 16:00:00+05:30,22.65,0.0,0.9693296,77.42782
2024-11-23 17:00:00+05:30,21.05,0.0,2.7416782,86.1778
2024-11-23 18:00:00+05:30,19.8,0.0,3.7842832,96.33989
2024-11-23 19:00:00+05:30,18.65,0.0,8.759178,97.21977
2024-11-23 20:00:00+05:30,18.5,0.0,8.311245,91.85315
2024-11-23 21:00:00+05:30,18.85,0.0,4.0249224,88.45276
2024-11-23 22:00:00+05:30,18.4,0.0,5.12289,90.40324
2024-11-23 23:00:00+05:30,18.0,0.0,1.9881649,92.11518
2024-11-24 00:00:00+05:30,17.45,0.0,4.143911,94.75886
2024-11-24 01:00:00+05:30,17.05,0.0,5.6521144,94.74316
2024-11-24 02:00:00+05:30,16.65,0.0,6.2145634,92.92566
2024-11-24 03:00:00+05:30,16.35,0.0,5.950899,91.13454
2024-11-24 04:00:00+05:30,16.35,0.0,3.8647635,89.38918
2024-11-24 05:00:00+05:30,16.25,0.0,4.3536186,89.96032
2024-11-24 06:00:00+05:30,17.55,0.1,8.0599,88.62714
2024-11-24 07:00:00+05:30,19.3,0.0,0.25455844,83.58254
2024-11-24 08:00:00+05:30,20.55,0.1,1.609969,77.354774
2024-11-24 09:00:00+05:30,22.2,0.0,3.5864744,71.71613
2024-11-24 10:00:00+05:30,23.5,0.0,3.710795,66.91717
2024-11-24 11:00:00+05:30,23.95,0.0,2.3469129,65.95865
2024-11-24 12:00:00+05:30,24.3,0.0,2.1674871,64.79222
2024-11-24 13:00:00+05:30,24.45,0.0,3.550155,65.02914
2024-11-24 14:00:00+05:30,24.35,0.0,2.97953,64.19106
2024-11-24 15:00:00+05:30,23.55,0.0,1.5484185,66.92737
2024-11-24 16:00:00+05:30,21.1,0.4,2.4014995,83.78749
2024-11-24 17:00:00+05:30,20.2,0.2,2.968636,92.81896
2024-11-24 18:00:00+05:30,19.4,0.3,4.3573384,87.11136
2024-11-24 19:00:00+05:30,19.15,0.1,3.244996,91.02769
2024-11-24 20:00:00+05:30,19.05,0.2,0.5091169,95.11909
2024-11-24 21:00:00+05:30,19.1,0.3,0.5091169,93.345856
2024-11-24 22:00:00+05:30,18.7,0.1,4.829907,94.21254
2024-11-24 23:00:00+05:30,18.15,0.0,3.319036,96.2943
2024-11-25 00:00:00+05:30,17.6,0.0,2.8460495,96.584274
2024-11-25 01:00:00+05:30,17.25,0.0,2.5772076,95.659294
2024-11-25 02:00:00+05:30,17.3,0.0,0.742159,95.66096
2024-11-25 03:00:00+05:30,16.9,0.0,0.9,96.25922
2024-11-25 04:00:00+05:30,16.35,0.0,2.19718,96.86092
2024-11-25 05:00:00+05:30,15.6,0.0,3.319036,96.53213
2024-11-25 06:00:00+05:30,17.3,0.0,7.102591,98.119705
2024-11-25 07:00:00+05:30,18.55,0.0,8.049845,91.56607
2024-11-25 08:00:00+05:30,20.1,0.0,8.669949,83.93895
2024-11-25 09:00:00+05:30,21.6,0.0,9.278297,78.00394
2024-11-25 10:00:00+05:30,23.15,0.0,11.298495,68.9984
2024-11-25 11:00:00+05:30,23.9,0.0,12.016938,64.501884
2024-11-25 12:00:00+05:30,24.45,0.0,10.8792095,62.210674
2024-11-25 13:00:00+05:30,24.75,0.0,9.266067,61.298725
2024-11-25 14:00:00+05:30,24.35,0.0,10.383987,61.402637
2024-11-25 15:00:00+05:30,23.75,0.0,6.544677,65.29322
2024-11-25 16:00:00+05:30,22.05,0.0,3.6447225,74.466095
2024-11-25 17:00:00+05:30,21.1,0.0,3.9966483,78.17697
2024-11-25 18:00:00+05:30,20.9,0.0,2.5582807,80.91344
2024-11-25 19:00:00+05:30,20.15,0.0,1.659518,83.15239
2024-11-25 20:00:00+05:30,19.5,0.0,2.226477,86.57146
2024-11-25 21:00:00+05:30,19.3,0.0,2.36753,88.770035
2024-11-25 22:00:00+05:30,18.9,0.0,2.5264204,90.43813
2024-11-25 23:00:00+05:30,18.55,0.0,2.8856194,92.43876
2024-11-26 00:00:00+05:30,18.1,0.0,2.1674871,94.186646
2024-11-26 01:00:00+05:30,17.3,0.0,2.1674871,95.965294
2024-11-26 02:00:00+05:30,16.9,0.0,3.0652895,95.34347
2024-11-26 03:00:00+05:30,16.5,0.0,3.1072817,94.116776
2024-11-26 04:00:00+05:30,16.1,0.0,4.412754,92.0036
2024-11-26 05:00:00+05:30,15.45,0.0,5.195113,91.667564
2024-11-26 06:00:00+05:30,16.2,0.0,3.9966488,91.71379
2024-11-26 07:00:00+05:30,18.05,0.0,2.4482648,85.606186
2024-11-26 08:00:00+05:30,20.15,0.0,3.396233,78.53564
2024-11-26 09:00:00+05:30,22.25,0.0,6.552099,72.63971
2024-11-26 10:00:00+05:30,23.85,0.0,9.178235,64.9016
2024-11-26 11:00:00+05:30,24.9,0.0,10.172787,59.0394
2024-11-26 12:00:00+05:30,25.6,0.0,10.3621235,56.27092
2024-11-26 13:00:00+05:30,25.45,0.0,9.266067,56.77444
2024-11-26 14:00:00+05:30,25.3,0.0,8.723967,57.283047
2024-11-26 15:00:00+05:30,24.5,0.0,5.8631387,63.215668
2024-11-26 16:00:00+05:30,22.65,0.0,3.563818,72.25274
2024-11-26 17:00:00+05:30,21.65,0.0,4.6730714,76.548386
2024-11-26 18:00:00+05:30,21.0,0.0,3.6179552,84.5685
2024-11-26 19:00:00+05:30,20.2,0.0,2.5071096,90.24513
2024-11-26 20:00:00+05:30,19.85,0.0,0.6489992,90.220406
2024-11-26 21:00:00+05:30,18.95,0.0,3.189608,93.33846
2024-11-26 22:00:00+05:30,18.05,0.0,5.4744864,95.38349
2024-11-26 23:00:00+05:30,17.55,0.0,3.7799997,95.06407
2024-11-27 00:00:00+05:30,17.1,0.0,3.462369,94.4437
2024-11-27 01:00:00+05:30,16.6,0.0,4.412754,93.82039
2024-11-27 02:00:00+05:30,16.15,0.0,3.4949677,93.1985
2024-11-27 03:00:00+05:30,15.7,0.0,4.514377,92.576035
2024-11-27 04:00:00+05:30,15.1,0.0,5.5799994,92.54271
2024-11-27 05:00:00+05:30,14.55,0.0,5.771239,93.7246
2024-11-27 06:00:00+05:30,15.55,0.0,6.3639607,91.082
2024-11-27 07:00:00+05:30,18.35,0.0,4.542994,81.095955
2024-11-27 08:00:00+05:30,21.25,0.0,3.8183763,72.693565
2024-11-27 09:00:00+05:30,23.05,0.0,7.0107627,69.19763
2024-11-27 10:00:00+05:30,24.5,0.0,8.4963045,61.828205
2024-11-27 11:00:00+05:30,25.45,0.0,9.360001,56.055
2024-11-27 12:00:00+05:30,25.9,0.0,10.564941,52.18779
2024-11-27 13:00:00+05:30,26.05,0.0,10.644379,50.90264
2024-11-27 14:00:00+05:30,25.65,0.0,10.163227,52.628086
2024-11-27 15:00:00+05:30,24.65,0.0,5.426933,61.27599
2024-11-27 16:00:00+05:30,22.6,0.0,4.669604,69.7715
2024-11-27 17:00:00+05:30,21.05,0.0,3.9844694,75.97069
2024-11-27 18:00:00+05:30,20.55,0.0,3.219938,76.86405
2024-11-27 19:00:00+05:30,19.5,0.0,3.219938,79.95999
2024-11-27 20:00:00+05:30,18.3,0.0,3.362677,85.631744
2024-11-27 21:00:00+05:30,17.3,0.0,3.710795,90.037224
2024-11-27 22:00:00+05:30,16.5,0.0,4.353619,91.73214
2024-11-27 23:00:00+05:30,15.8,0.0,5.0432134,92.28324
2024-11-28 00:00:00+05:30,15.5,0.0,6.130579,89.90487
2024-11-28 01:00:00+05:30,15.25,0.0,5.7628117,87.28924
2024-11-28 02:00:00+05:30,14.9,0.0,5.7852573,86.68751
2024-11-28 03:00:00+05:30,14.5,0.0,5.2694216,87.21977
2024-11-28 04:00:00+05:30,14.25,0.0,4.9785542,87.48369
2024-11-28 05:00:00+05:30,14.05,0.0,5.068846,88.0431
2024-11-28 06:00:00+05:30,15.85,0.0,6.048107,81.83004
2024-11-28 07:00:00+05:30,18.3,0.0,5.12289,75.28183
2024-11-28 08:00:00+05:30,20.8,0.0,4.278551,69.64829
2024-11-28 09:00:00+05:30,22.9,0.0,6.489992,64.286224
2024-11-28 10:00:00+05:30,24.65,0.0,9.021574,55.14433
2024-11-28 11:00:00+05:30,25.7,0.0,11.631956,50.15989
2024-11-28 12:00:00+05:30,26.15,0.0,12.267763,51.092514
2024-11-28 13:00:00+05:30,26.3,0.0,12.367716,51.79112
2024-11-28 14:00:00+05:30,25.9,0.0,11.841756,52.35544
2024-11-28 15:00:00+05:30,24.7,0.0,7.6409945,60.51371
2024-11-28 16:00:00+05:30,22.45,0.0,5.2694216,71.30852
2024-11-28 17:00:00+05:30,21.45,0.0,4.724786,74.36552
2024-11-28 18:00:00+05:30,20.7,0.0,4.445672,77.870575
2024-11-28 19:00:00+05:30,19.3,0.0,3.4152596,82.262505
2024-11-28 20:00:00+05:30,18.1,0.0,3.7585104,84.79275
2024-11-28 21:00:00+05:30,17.25,0.0,4.060985,85.523895
2024-11-28 22:00:00+05:30,16.6,0.0,4.1556225,86.01156
2024-11-28 23:00:00+05:30,16.0,0.0,3.964089,87.641975
2024-11-29 00:00:00+05:30,15.5,0.0,3.7842832,89.03323
2024-11-29 01:00:00+05:30,15.2,0.0,4.323748,88.71965
2024-11-29 02:00:00+05:30,14.9,0.0,4.8733153,87.829605
2024-11-29 03:00:00+05:30,14.6,0.0,4.73506,86.09125
2024-11-29 04:00:00+05:30,14.3,0.0,4.412754,83.26802
2024-11-29 05:00:00+05:30,13.9,0.0,4.6730714,83.220276
2024-11-29 06:00:00+05:30,15.3,0.0,6.391901,89.01717
2024-11-29 07:00:00+05:30,17.6,0.0,6.050785,81.7867
2024-11-29 08:00:00+05:30,20.7,0.0,3.8856654,74.23903
2024-11-29 09:00:00+05:30,23.4,0.0,7.0407386,65.63503
2024-11-29 10:00:00+05:30,25.1,0.0,9.187056,57.234585
2024-11-29 11:00:00+05:30,26.25,0.0,10.404249,50.628643
2024-11-29 12:00:00+05:30,26.8,0.0,11.35285,48.543243
2024-11-29 13:00:00+05:30,26.75,0.0,11.132385,49.000233
2024-11-29 14:00:00+05:30,26.3,0.0,9.194106,50.641735
2024-11-29 15:00:00+05:30,25.0,0.0,5.2416787,60.008904
2024-11-29 16:00:00+05:30,22.4,0.0,3.745557,69.95509
2024-11-29 17:00:00+05:30,21.0,0.0,2.8174455,74.289734
2024-11-29 18:00:00+05:30,20.45,0.0,3.319036,79.079865
2024-11-29 19:00:00+05:30,19.35,0.0,3.462369,82.7943
2024-11-29 20:00:00+05:30,18.15,0.0,4.503598,87.55274
2024-11-29 21:00:00+05:30,17.2,0.0,4.8899083,91.48195
2024-11-29 22:00:00+05:30,16.4,0.0,4.7657523,93.811134
2024-11-29 23:00:00+05:30,15.75,0.0,5.7852573,93.78092
2024-11-30 00:00:00+05:30,15.4,0.0,5.950899,91.664474
2024-11-30 01:00:00+05:30,15.1,0.0,5.1197267,91.05222
2024-11-30 02:00:00+05:30,14.6,0.0,4.5891175,91.91389
2024-11-30 03:00:00+05:30,13.9,0.0,4.060985,93.69379
2024-11-30 04:00:00+05:30,13.7,0.0,4.7110505,92.1613
2024-11-30 05:00:00+05:30,13.45,0.0,4.8899083,89.750946
2024-11-30 06:00:00+05:30,15.05,0.0,6.320538,89.87137
2024-11-30 07:00:00+05:30,18.0,0.0,5.509882,82.89755
2024-11-30 08:00:00+05:30,21.45,0.0,4.0449963,71.80806
2024-11-30 09:00:00+05:30,23.95,0.0,6.151683,65.12891
2024-11-30 10:00:00+05:30,25.35,0.0,8.305396,57.66106
2024-11-30 11:00:00+05:30,26.4,0.0,8.225035,50.993855
2024-11-30 12:00:00+05:30,26.8,0.0,8.29173,47.76831
2024-11-30 13:00:00+05:30,26.9,0.0,7.120815,48.103664
2024-11-30 14:00:00+05:30,26.6,0.0,4.6938252,51.868492
2024-11-30 15:00:00+05:30,25.35,0.0,3.0652895,65.21929
2024-11-30 16:00:00+05:30,23.1,0.0,3.06,71.6529
2024-11-30 17:00:00+05:30,21.65,0.0,2.9301877,75.34772
2024-11-30 18:00:00+05:30,20.95,0.0,2.5959969,81.94652
2024-11-30 19:00:00+05:30,20.6,0.0,4.39436,80.87415
2024-11-30 20:00:00+05:30,19.75,0.0,5.6521144,83.36938
2024-11-30 21:00:00+05:30,18.4,0.0,5.5567255,88.134415
2024-11-30 22:00:00+05:30,17.35,0.0,5.3305535,90.618614
2024-11-30 23:00:00+05:30,16.8,0.0,3.9763298,90.290276
2024-12-01 00:00:00+05:30,16.5,0.0,3.6179552,89.11308
2024-12-01 01:00:00+05:30,15.8,0.0,3.6179552,89.05728
2024-12-01 02:00:00+05:30,15.3,0.0,3.644722,88.72789
2024-12-01 03:00:00+05:30,14.9,0.0,4.7110505,88.11719
2024-12-01 04:00:00+05:30,14.55,0.0,2.8799999,87.798485
2024-12-01 05:00:00+05:30,14.25,0.0,2.5772078,87.48369
2024-12-01 06:00:00+05:30,15.1,0.0,3.4152596,85.29942
2024-12-01 07:00:00+05:30,17.55,0.0,4.2366967,78.153175
2024-12-01 08:00:00+05:30,19.1,0.0,4.327493,78.63432
2024-12-01 09:00:00+05:30,20.9,0.0,5.7515564,74.98622
2024-12-01 10:00:00+05:30,22.65,0.0,6.050785,68.03048
2024-12-01 11:00:00+05:30,24.35,0.0,6.279395,63.786015
2024-12-01 12:00:00+05:30,25.45,0.0,6.698806,60.87823
2024-12-01 13:00:00+05:30,25.9,0.0,5.6920996,57.97656
2024-12-01 14:00:00+05:30,25.8,0.0,4.73506,55.78475
2024-12-01 15:00:00+05:30,24.75,0.0,3.06,64.88797
2024-12-01 16:00:00+05:30,23.05,0.0,0.8049845,69.19763
2024-12-01 17:00:00+05:30,21.7,0.0,0.742159,73.00465
2024-12-01 18:00:00+05:30,20.35,0.0,2.0523157,83.17579
2024-12-01 19:00:00+05:30,19.65,0.0,2.36753,86.31265
2024-12-01 20:00:00+05:30,18.75,0.0,3.0652895,89.00713
2024-12-01 21:00:00+05:30,18.05,0.0,3.6179552,90.37871
2024-12-01 22:00:00+05:30,17.3,0.0,3.9763298,91.78088
2024-12-01 23:00:00+05:30,16.65,0.0,4.14,93.22382
2024-12-02 00:00:00+05:30,16.2,0.0,4.6938252,93.50102
2024-12-02 01:00:00+05:30,15.8,0.0,4.353619,93.18069
2024-12-02 02:00:00+05:30,15.25,0.0,3.244996,94.365974
2024-12-02 03:00:00+05:30,14.8,0.0,2.7238941,94.65334
2024-12-02 04:00:00+05:30,14.45,0.0,2.7238941,94.63918
2024-12-02 05:00:00+05:30,14.2,0.0,2.907989,93.70804
2024-12-02 06:00:00+05:30,15.45,0.0,4.5820518,91.667564
2024-12-02 07:00:00+05:30,17.0,0.0,5.904439,86.88778
2024-12-02 08:00:00+05:30,19.8,0.0,4.3349743,77.73605
2024-12-02 09:00:00+05:30,22.35,0.0,3.964089,69.281685
2024-12-02 10:00:00+05:30,24.0,0.0,6.544677,61.127617
2024-12-02 11:00:00+05:30,25.1,0.0,9.257321,55.256557
2024-12-02 12:00:00+05:30,25.7,0.0,9.292255,53.835182
2024-12-02 13:00:00+05:30,25.95,0.0,8.93859,53.213535
2024-12-02 14:00:00+05:30,25.7,0.0,7.120815,53.32047
2024-12-02 15:00:00+05:30,24.7,0.0,3.6402748,62.46411
2024-12-02 16:00:00+05:30,22.7,0.0,2.0364676,69.3494
2024-12-02 17:00:00+05:30,20.85,0.0,1.8089776,76.4232
2024-12-02 18:00:00+05:30,20.05,0.0,2.7238941,82.093956
2024-12-02 19:00:00+05:30,18.85,0.0,3.2846913,87.61516
2024-12-02 20:00:00+05:30,17.75,0.0,3.0811036,92.983185
2024-12-02 21:00:00+05:30,16.9,0.0,3.7842832,95.64787
2024-12-02 22:00:00+05:30,16.2,0.0,5.0432134,96.547905
2024-12-02 23:00:00+05:30,15.7,0.0,5.7599998,95.91622
2024-12-03 00:00:00+05:30,15.3,0.0,6.310277,95.59493
2024-12-03 01:00:00+05:30,14.85,0.0,5.232399,95.579834
2024-12-03 02:00:00+05:30,14.55,0.0,4.143911,94.9512
2024-12-03 03:00:00+05:30,14.35,0.0,3.964089,94.327576
2024-12-03 04:00:00+05:30,14.1,0.0,3.6,92.789536
2024-12-03 05:00:00+05:30,13.75,0.0,3.7799997,91.26128
2024-12-03 06:00:00+05:30,15.2,0.0,4.327493,88.71965
2024-12-03 07:00:00+05:30,17.6,0.0,2.907989,84.738785
2024-12-03 08:00:00+05:30,20.05,0.0,2.9024127,76.05346
2024-12-03 09:00:00+05:30,21.65,0.0,3.9966483,71.616005
2024-12-03 10:00:00+05:30,23.25,0.0,5.0432134,66.44283
2024-12-03 11:00:00+05:30,24.6,0.0,6.9247384,59.15689
2024-12-03 12:00:00+05:30,25.3,0.0,6.439876,56.19728
2024-12-03 13:00:00+05:30,25.6,0.0,5.5596404,54.503193
2024-12-03 14:00:00+05:30,25.5,0.0,3.8773184,54.13035
2024-12-03 15:00:00+05:30,24.55,0.0,1.835647,64.64115
2024-12-03 16:00:00+05:30,21.95,0.0,1.08,75.39638
2024-12-03 17:00:00+05:30,20.05,0.0,2.52,83.14066
2024-12-03 18:00:00+05:30,20.3,0.0,3.9966483,83.43304
2024-12-03 19:00:00+05:30,19.5,0.0,6.439876,86.57146
2024-12-03 20:00:00+05:30,18.75,0.0,6.0908127,89.00713
2024-12-03 21:00:00+05:30,18.1,0.0,4.3832865,90.95856
2024-12-03 22:00:00+05:30,17.5,0.0,4.1125174,92.37993
2024-12-03 23:00:00+05:30,17.2,0.0,5.2478566,92.06847
2024-12-04 00:00:00+05:30,17.1,0.0,5.637765,90.31161
2024-12-04 01:00:00+05:30,16.8,0.0,4.8466477,90.290276
2024-12-04 02:00:00+05:30,16.55,0.0,4.452954,89.982376
2024-12-04 03:00:00+05:30,16.2,0.0,4.2021422,89.66669
2024-12-04 04:00:00+05:30,15.7,0.0,4.1556225,89.62874
2024-12-04 05:00:00+05:30,15.15,0.0,3.6,89.87883
2024-12-04 06:00:00+05:30,15.45,0.0,5.5829024,91.371056
2024-12-04 07:00:00+05:30,17.95,0.0,3.671294,84.505
2024-12-04 08:00:00+05:30,21.15,0.0,1.3104197,75.027435
2024-12-04 09:00:00+05:30,22.95,0.0,3.7585104,68.09028
2024-12-04 10:00:00+05:30,23.55,0.0,3.710795,64.63183
2024-12-04 11:00:00+05:30,24.3,0.1,3.096837,61.001663
2024-12-04 12:00:00+05:30,24.75,0.0,3.3092594,59.192253
2024-12-04 13:00:00+05:30,25.1,0.0,3.9477081,58.154083
2024-12-04 14:00:00+05:30,25.15,0.0,2.1749482,56.701275
2024-12-04 15:00:00+05:30,24.4,0.0,2.0124612,66.05221
2024-12-04 16:00:00+05:30,22.55,0.0,0.9,71.55293
2024-12-04 17:00:00+05:30,20.8,0.0,0.5091169,77.885445
2024-12-04 18:00:00+05:30,19.6,0.0,5.4744864,86.03531
2024-12-04 19:00:00+05:30,18.55,0.0,6.310277,89.55786
2024-12-04 20:00:00+05:30,17.95,0.0,5.8298883,91.5288
2024-12-04 21:00:00+05:30,17.6,0.0,5.9834766,92.09187
2024-12-04 22:00:00+05:30,17.4,0.0,4.1046314,91.4945
2024-12-04 23:00:00+05:30,17.15,0.1,3.4949677,90.89534
2024-12-05 00:00:00+05:30,16.85,0.1,3.604497,91.45993
2024-12-05 01:00:00+05:30,15.9,0.1,3.0652895,93.18581
2024-12-05 02:00:00+05:30,15.4,0.0,3.0811036,94.06804
2024-12-05 03:00:00+05:30,15.15,0.0,3.244996,94.667465
2024-12-05 04:00:00+05:30,14.85,0.0,3.96,94.96264
2024-12-05 05:00:00+05:30,14.5,0.0,4.86,94.02768
2024-12-05 06:00:00+05:30,15.75,0.1,5.6835546,94.99679
2024-12-05 07:00:00+05:30,17.5,0.0,4.6730714,90.33992
2024-12-05 08:00:00+05:30,19.9,0.0,1.2074767,81.55588
2024-12-05 09:00:00+05:30,21.85,0.0,0.35999998,70.29693
2024-12-05 10:00:00+05:30,23.15,0.0,0.9,64.95877
2024-12-05 11:00:00+05:30,23.9,0.0,0.9693296,60.521877
2024-12-05 12:00:00+05:30,24.4,0.0,0.9178235,56.336395
2024-12-05 13:00:00+05:30,24.6,0.0,0.9,53.21118
2024-12-05 14:00:00+05:30,24.55,0.0,3.572898,54.06413
2024-12-05 15:00:00+05:30,23.75,0.0,2.2553935,62.849815
2024-12-05 16:00:00+05:30,21.8,0.0,0.56920993,71.18887
2024-12-05 17:00:00+05:30,19.9,0.0,1.0182338,79.76041
2024-12-05 18:00:00+05:30,19.6,0.0,3.396233,86.03531
2024-12-05 19:00:00+05:30,18.6,0.0,3.143565,88.15149
2024-12-05 20:00:00+05:30,17.7,0.0,5.232399,90.35406
2024-12-05 21:00:00+05:30,16.95,0.0,6.87779,91.75961
2024-12-05 22:00:00+05:30,16.7,0.1,6.7469993,91.45046
2024-12-05 23:00:00+05:30,16.6,0.1,4.7110505,92.328964
2024-12-06 00:00:00+05:30,16.2,0.0,4.6938252,94.40608
2024-12-06 01:00:00+05:30,15.65,0.3,4.68,95.91469
2024-12-06 02:00:00+05:30,15.25,0.3,4.323748,98.40608
2024-12-06 03:00:00+05:30,14.75,0.2,6.87779,98.71813
2024-12-06 04:00:00+05:30,14.45,0.3,5.5799994,94.94736
2024-12-06 05:00:00+05:30,14.75,0.2,3.8773184,95.5765
2024-12-06 06:00:00+05:30,14.85,0.0,4.323748,97.45268
2024-12-06 07:00:00+05:30,16.85,0.0,5.5567255,93.532486
2024-12-06 08:00:00+05:30,19.4,0.0,1.9386592,81.49209
2024-12-06 09:00:00+05:30,21.55,0.0,1.9881649,71.59775
2024-12-06 10:00:00+05:30,22.55,0.0,4.1046314,67.36374
2024-12-06 11:00:00+05:30,23.05,0.1,3.1845248,64.93742
2024-12-06 12:00:00+05:30,23.45,0.1,1.98,61.393555
2024-12-06 13:00:00+05:30,24.0,0.0,2.97953,58.45014
2024-12-06 14:00:00+05:30,23.75,0.1,2.1674871,58.76674
2024-12-06 15:00:00+05:30,22.95,0.0,1.4512063,64.70913
2024-12-06 16:00:00+05:30,21.3,0.0,1.2074767,76.2518
2024-12-06 17:00:00+05:30,20.05,0.0,0.40249225,80.54562
2024-12-06 18:00:00+05:30,19.85,0.0,5.896202,81.80895
2024-12-06 19:00:00+05:30,18.8,0.2,3.84796,85.682686
2024-12-06 20:00:00+05:30,17.8,0.4,2.36753,92.98577
2024-12-06 21:00:00+05:30,17.65,1.1,5.9644947,96.89171
2024-12-06 22:00:00+05:30,17.65,0.4,4.7657523,96.89171
2024-12-06 23:00:00+05:30,17.65,0.1,4.4456716,95.06776
2024-12-07 00:00:00+05:30,17.05,0.0,3.0547013,96.26347
2024-12-07 01:00:00+05:30,16.85,0.0,3.0652893,96.872826
2024-12-07 02:00:00+05:30,16.45,0.0,2.9024127,97.48362
2024-12-07 03:00:00+05:30,16.65,0.0,3.9312592,97.17735
2024-12-07 04:00:00+05:30,16.5,0.0,4.7521367,95.329414
2024-12-07 05:00:00+05:30,16.1,0.0,4.1046314,94.70549
2024-12-07 06:00:00+05:30,16.7,0.0,3.3481934,96.56096
2024-12-07 07:00:00+05:30,17.95,0.0,4.2671766,94.47884
2024-12-07 08:00:00+05:30,19.4,0.0,5.04,86.01551
2024-12-07 09:00:00+05:30,21.1,0.0,6.130579,74.781006
2024-12-07 10:00:00+05:30,22.45,0.0,5.9834766,66.701775
2024-12-07 11:00:00+05:30,23.25,0.1,6.889557,61.940548
2024-12-07 12:00:00+05:30,23.5,0.3,6.2405767,60.042747
2024-12-07 13:00:00+05:30,23.35,0.3,6.8777895,63.77074
2024-12-07 14:00:00+05:30,23.4,0.2,5.1481256,62.372135
2024-12-07 15:00:00+05:30,22.65,0.1,3.9640884,69.78108
2024-12-07 16:00:00+05:30,21.25,0.0,1.1525624,75.76188
2024-12-07 17:00:00+05:30,19.9,0.1,1.08,81.29724
2024-12-07 18:00:00+05:30,19.85,0.0,3.4247334,83.64555
2024-12-07 19:00:00+05:30,18.8,0.0,2.5264204,88.44862
2024-12-07 20:00:00+05:30,18.0,0.0,1.835647,90.663155
2024-12-07 21:00:00+05:30,17.2,0.0,2.5455842,92.65834
2024-12-07 22:00:00+05:30,16.35,0.0,2.9301877,95.324135
2024-12-07 23:00:00+05:30,15.85,0.0,3.710795,96.22935
2024-12-08 00:00:00+05:30,15.5,0.0,4.323748,97.1525
2024-12-08 01:00:00+05:30,15.6,0.0,4.68,97.15466
2024-12-08 02:00:00+05:30,15.5,0.0,3.438895,97.1525
2024-12-08 03:00:00+05:30,15.05,0.0,2.36753,97.77138
2024-12-08 04:00:00+05:30,14.7,0.0,2.226477,97.13505
2024-12-08 05:00:00+05:30,14.45,0.0,2.6758924,96.189
2024-12-08 06:00:00+05:30,15.8,0.0,3.8268526,96.227905
2024-12-08 07:00:00+05:30,17.2,0.0,2.8174455,87.467316
2024-12-08 08:00:00+05:30,18.55,0.0,5.12289,83.76355
2024-12-08 09:00:00+05:30,20.6,0.0,6.7565966,78.103355
2024-12-08 10:00:00+05:30,22.25,0.0,9.473541,67.73397
2024-12-08 11:00:00+05:30,23.5,0.0,10.436895,59.276337
2024-12-08 12:00:00+05:30,24.1,0.0,9.339208,56.44392
2024-12-08 13:00:00+05:30,24.25,0.0,6.384293,56.845047
2024-12-08 14:00:00+05:30,24.1,0.0,5.1197267,57.914097
2024-12-08 15:00:00+05:30,23.3,0.0,4.1046314,64.99076
2024-12-08 16:00:00+05:30,21.15,0.0,4.143911,75.027435
2024-12-08 17:00:00+05:30,19.75,0.0,3.9763298,79.485794
2024-12-08 18:00:00+05:30,18.5,0.0,4.7657523,88.42359
2024-12-08 19:00:00+05:30,17.4,0.0,5.1544156,92.080215
2024-12-08 20:00:00+05:30,16.95,0.0,5.0688457,92.64471
2024-12-08 21:00:00+05:30,16.6,0.0,4.8633323,92.92301
2024-12-08 22:00:00+05:30,16.15,0.0,4.5,93.498604
2024-12-08 23:00:00+05:30,15.45,0.0,4.8899083,95.292244
2024-12-09 00:00:00+05:30,14.85,0.0,5.771239,96.20058
2024-12-09 01:00:00+05:30,14.45,0.0,6.122647,96.189
2024-12-09 02:00:00+05:30,14.05,0.0,5.9427266,95.24201
2024-12-09 03:00:00+05:30,13.7,0.0,5.0688457,93.68425
2024-12-09 04:00:00+05:30,13.45,0.0,4.8899083,92.14658
2024-12-09 05:00:00+05:30,13.2,0.0,5.2694216,90.62537
2024-12-09 06:00:00+05:30,14.45,0.0,5.4149795,89.53294
2024-12-09 07:00:00+05:30,16.55,0.0,2.4014995,82.186104
2024-12-09 08:00:00+05:30,19.55,0.0,0.9178235,71.45998
2024-12-09 09:00:00+05:30,21.45,0.0,2.5455842,68.22617
2024-12-09 10:00:00+05:30,22.5,0.0,4.7521367,67.78426
2024-12-09 11:00:00+05:30,23.35,0.0,5.0688457,65.20852
2024-12-09 12:00:00+05:30,23.8,0.0,6.1437774,63.464
2024-12-09 13:00:00+05:30,23.2,0.0,2.34,64.3511
2024-12-09 14:00:00+05:30,23.05,0.0,3.644722,65.770515
2024-12-09 15:00:00+05:30,22.1,0.0,5.195113,73.538635
2024-12-09 16:00:00+05:30,20.95,0.0,4.7827187,78.15493
2024-12-09 17:00:00+05:30,20.2,0.0,3.8268526,81.07837
2024-12-09 18:00:00+05:30,20.1,0.0,2.8116899,84.738045
2024-12-09 19:00:00+05:30,19.85,0.0,5.6233797,85.51826
2024-12-09 20:00:00+05:30,19.4,0.0,6.156947,87.66386
2024-12-09 21:00:00+05:30,19.25,0.0,7.2649574,86.54755
2024-12-09 22:00:00+05:30,18.8,0.0,6.4924874,87.332954
2024-12-09 23:00:00+05:30,18.15,0.0,6.269067,89.812775
2024-12-10 00:00:00+05:30,17.65,0.0,6.8777895,89.2039
2024-12-10 01:00:00+05:30,17.1,0.0,7.9932966,87.73998
2024-12-10 02:00:00+05:30,16.6,0.0,8.490582,86.56971
2024-12-10 03:00:00+05:30,16.35,0.0,7.729527,84.60262
2024-12-10 04:00:00+05:30,16.15,0.0,6.3639607,84.03196
2024-12-10 05:00:00+05:30,15.55,0.0,4.942631,85.34683
2024-12-10 06:00:00+05:30,15.6,0.0,5.3305535,90.4971
2024-12-10 07:00:00+05:30,17.15,0.0,7.814986,92.9519
2024-12-10 08:00:00+05:30,18.15,0.1,5.4744864,90.09885
2024-12-10 09:00:00+05:30,19.05,0.2,3.396233,85.164955
2024-12-10 10:00:00+05:30,21.0,0.0,2.0124612,69.91091
2024-12-10 11:00:00+05:30,21.9,0.0,3.244996,67.66341
2024-12-10 12:00:00+05:30,22.6,0.0,5.8769383,63.199505
2024-12-10 13:00:00+05:30,23.0,0.0,6.638072,59.733
2024-12-10 14:00:00+05:30,22.9,0.0,6.601363,58.563766
2024-12-10 15:00:00+05:30,22.2,0.0,4.471107,64.34063
2024-12-10 16:00:00+05:30,20.55,0.0,2.2768397,73.5049
2024-12-10 17:00:00+05:30,19.55,0.0,0.6489992,75.48686
2024-12-10 18:00:00+05:30,18.55,0.0,0.40249225,81.64447
2024-12-10 19:00:00+05:30,17.95,0.1,0.56920993,84.505
2024-12-10 20:00:00+05:30,17.35,0.0,3.244996,86.64187
2024-12-10 21:00:00+05:30,16.2,0.0,2.3469126,93.20104
2024-12-10 22:00:00+05:30,15.55,0.0,3.189608,95.91156
2024-12-10 23:00:00+05:30,14.95,0.0,4.4274144,97.140526
2024-12-11 00:00:00+05:30,14.5,0.0,3.0811036,96.19043
2024-12-11 01:00:00+05:30,14.3,0.0,2.8799999,96.49761
2024-12-11 02:00:00+05:30,14.55,0.0,1.9881649,96.19189
2024-12-11 03:00:00+05:30,14.45,0.0,0.742159,96.81513
2024-12-11 04:00:00+05:30,13.9,0.0,2.1674871,99.0309
2024-12-11 05:00:00+05:30,13.95,0.0,2.6999998,98.070786
2024-12-11 06:00:00+05:30,13.85,0.0,3.7971041,97.1163
2024-12-11 07:00:00+05:30,16.1,0.0,3.5864744,91.118164
2024-12-11 08:00:00+05:30,18.15,0.0,1.2979984,84.52692
2024-12-11 09:00:00+05:30,19.75,0.0,3.6447225,77.480286
2024-12-11 10:00:00+05:30,20.8,0.0,5.004518,72.84632
2024-12-11 11:00:00+05:30,21.75,0.0,5.414979,66.77111
2024-12-11 12:00:00+05:30,22.4,0.0,5.297018,63.15518
2024-12-11 13:00:00+05:30,22.85,0.0,4.599695,61.05955
2024-12-11 14:00:00+05:30,22.85,0.0,6.114703,60.667706
2024-12-11 15:00:00+05:30,21.75,0.0,4.4565907,68.50482
2024-12-11 16:00:00+05:30,19.95,0.0,3.4388947,77.75854
2024-12-11 17:00:00+05:30,19.0,0.0,3.4152596,80.1477
2024-12-11 18:00:00+05:30,18.8,0.1,3.62243,84.86785
2024-12-11 19:00:00+05:30,17.45,0.1,3.244996,91.4976
2024-12-11 20:00:00+05:30,16.5,0.0,2.3469126,95.940865
2024-12-11 21:00:00+05:30,16.1,0.0,3.7971036,98.416435
2024-12-11 22:00:00+05:30,15.4,0.0,3.2599385,98.724525
2024-12-11 23:00:00+05:30,14.85,0.0,3.8183763,97.767944
2024-12-12 00:00:00+05:30,14.4,0.0,3.964089,97.76024
2024-12-12 01:00:00+05:30,14.05,0.0,3.06,97.437004
2024-12-12 02:00:00+05:30,13.95,0.0,2.8856194,97.11853
2024-12-12 03:00:00+05:30,13.85,0.0,3.01735,96.80047
2024-12-12 04:00:00+05:30,13.45,0.0,1.9386592,96.47475
2024-12-12 05:00:00+05:30,13.4,0.0,1.9881649,94.90692
2024-12-12 06:00:00+05:30,14.25,0.0,5.3999996,93.71041
2024-12-12 07:00:00+05:30,15.65,0.0,4.0249224,85.35734
2024-12-12 08:00:00+05:30,17.4,0.0,2.0523157,81.23373
2024-12-12 09:00:00+05:30,19.55,0.0,3.0652893,75.72982
2024-12-12 10:00:00+05:30,21.1,0.0,5.0911684,70.37983
2024-12-12 11:00:00+05:30,22.3,0.0,6.6087217,62.324966
2024-12-12 12:00:00+05:30,23.15,0.0,7.1208143,56.575077
2024-12-12 13:00:00+05:30,23.65,0.0,6.2145634,54.18621
2024-12-12 14:00:00+05:30,23.7,0.0,5.7964473,54.906246
2024-12-12 15:00:00+05:30,22.45,0.0,5.3426957,64.601585
2024-12-12 16:00:00+05:30,20.15,0.0,2.995797,73.908295
2024-12-12 17:00:00+05:30,19.3,0.0,0.742159,74.239784
2024-12-12 18:00:00+05:30,18.55,0.0,2.36753,81.12212
2024-12-12 19:00:00+05:30,17.3,0.0,2.1897945,86.35892
2024-12-12 20:00:00+05:30,16.2,0.0,1.5379207,89.956635
2024-12-12 21:00:00+05:30,14.95,0.0,3.6402748,94.65941
2024-12-12 22:00:00+05:30,13.7,0.0,5.297018,98.70769
2024-12-12 23:00:00+05:30,13.25,0.0,5.9834766,97.42117
2024-12-13 00:00:00+05:30,13.1,0.0,6.6624317,95.83454
2024-12-13 01:00:00+05:30,13.1,0.0,6.489992,93.96411
2024-12-13 02:00:00+05:30,12.65,0.0,5.5916004,94.56541
2024-12-13 03:00:00+05:30,12.4,0.0,4.7110505,93.62178
2024-12-13 04:00:00+05:30,12.0,0.0,4.32,92.9829
2024-12-13 05:00:00+05:30,11.5,0.0,5.0688457,93.26666
2024-12-13 06:00:00+05:30,12.15,0.0,5.7599998,92.68283
2024-12-13 07:00:00+05:30,15.15,0.0,2.7238941,80.936844
2024-12-13 08:00:00+05:30,18.3,0.0,0.9178235,69.84345
2024-12-13 09:00:00+05:30,20.15,0.0,3.244996,66.8719
2024-12-13 10:00:00+05:30,21.5,0.0,4.599695,63.774876
2024-12-13 11:00:00+05:30,22.65,0.0,6.297428,60.23141
2024-12-13 12:00:00+05:30,23.35,0.0,7.2403865,58.29441
2024-12-13 13:00:00+05:30,23.6,0.0,7.3469996,55.957726
2024-12-13 14:00:00+05:30,23.35,0.0,6.6185193,56.258934
2024-12-13 15:00:00+05:30,22.45,0.0,3.8141315,65.43457
2024-12-13 16:00:00+05:30,20.45,0.0,1.2074767,71.85603
2024-12-13 17:00:00+05:30,18.9,0.0,0.742159,76.85411
2024-12-13 18:00:00+05:30,17.95,0.0,2.5772078,82.625305
2024-12-13 19:00:00+05:30,16.65,0.0,4.143911,88.5526
2024-12-13 20:00:00+05:30,15.25,0.0,3.9763298,95.285126
2024-12-13 21:00:00+05:30,14.4,0.0,5.426933,97.44391
2024-12-13 22:00:00+05:30,13.8,0.0,7.0223074,98.708694
2024-12-13 23:00:00+05:30,13.65,0.0,7.562142,98.06634
2024-12-14 00:00:00+05:30,13.8,0.0,6.6624317,96.484184
2024-12-14 01:00:00+05:30,13.5,0.0,6.542201,95.84726
2024-12-14 02:00:00+05:30,13.2,0.0,6.6818557,96.1524
2024-12-14 03:00:00+05:30,13.05,0.0,5.2694216,95.83294
2024-12-14 04:00:00+05:30,12.8,0.0,4.8899083,96.45711
2024-12-14 05:00:00+05:30,12.4,0.0,6.122647,97.4042
2024-12-14 06:00:00+05:30,13.6,0.0,2.907989,92.15541
2024-12-14 07:00:00+05:30,15.65,0.0,2.5772078,83.97511
2024-12-14 08:00:00+05:30,18.0,0.0,2.0124612,76.96267
2024-12-14 09:00:00+05:30,20.1,0.0,3.143565,72.72226
2024-12-14 10:00:00+05:30,21.8,0.0,4.6938257,66.99596
2024-12-14 11:00:00+05:30,23.1,0.0,6.452441,59.37271
2024-12-14 12:00:00+05:30,23.9,0.0,8.305396,53.204205
2024-12-14 13:00:00+05:30,24.0,0.0,8.536252,50.859936
2024-12-14 14:00:00+05:30,23.6,0.0,7.6579366,53.822735
2024-12-14 15:00:00+05:30,22.6,0.0,4.599695,64.6339
2024-12-14 16:00:00+05:30,20.3,0.0,4.080882,75.60874
2024-12-14 17:00:00+05:30,19.35,0.0,1.4512063,76.677315
2024-12-14 18:00:00+05:30,18.45,0.0,2.995797,81.6317
2024-12-14 19:00:00+05:30,17.45,0.0,3.4949677,83.099335
2024-12-14 20:00:00+05:30,16.15,0.0,2.8856194,85.96631
2024-12-14 21:00:00+05:30,15.0,0.0,5.0911684,88.41406
2024-12-14 22:00:00+05:30,13.65,0.0,7.562142,91.85629
2024-12-14 23:00:00+05:30,12.7,0.0,7.3799996,93.94577
2024-12-15 00:00:00+05:30,12.25,0.0,7.2022495,94.23647
2024-12-15 01:00:00+05:30,11.9,0.0,6.6818557,93.90883
2024-12-15 02:00:00+05:30,11.65,0.0,5.7852573,93.27433
2024-12-15 03:00:00+05:30,11.6,0.0,5.9427266,91.11948
2024-12-15 04:00:00+05:30,11.5,0.0,5.4029994,89.601326
2024-12-15 05:00:00+05:30,11.2,0.0,5.2694216,88.97838
2024-12-15 06:00:00+05:30,12.1,0.0,6.2613096,87.87057
2024-12-15 07:00:00+05:30,14.9,0.0,5.509882,77.753296
2024-12-15 08:00:00+05:30,17.75,0.0,4.8899083,68.82439
2024-12-15 09:00:00+05:30,19.5,0.0,6.76618,70.53092
2024-12-15 10:00:00+05:30,21.2,0.0,8.53815,64.958145
2024-12-15 11:00:00+05:30,22.6,0.0,9.335737,59.25431
2024-12-15 12:00:00+05:30,23.5,0.0,9.826088,57.028465
2024-12-15 13:00:00+05:30,23.85,0.0,10.234705,56.74712
2024-12-15 14:00:00+05:30,23.5,0.0,9.600937,59.276337
2024-12-15 15:00:00+05:30,22.3,0.0,4.846648,68.17756
2024-12-15 16:00:00+05:30,20.25,0.0,0.9,73.68878
2024-12-15 17:00:00+05:30,18.55,0.0,2.52,79.06203
2024-12-15 18:00:00+05:30,18.55,0.0,3.84796,82.16978
2024-12-15 19:00:00+05:30,17.35,0.0,2.9024127,85.80996
2024-12-15 20:00:00+05:30,16.35,0.0,3.62243,89.101166
2024-12-15 21:00:00+05:30,15.35,0.0,5.020677,92.257355
2024-12-15 22:00:00+05:30,14.45,0.0,5.297018,93.71988
2024-12-15 23:00:00+05:30,13.6,0.0,5.8048253,94.29528
2024-12-16 00:00:00+05:30,13.0,0.0,6.7469993,93.65073
2024-12-16 01:00:00+05:30,12.65,0.0,6.391901,90.287
2024-12-16 02:00:00+05:30,12.15,0.0,5.1544156,84.41489
2024-12-16 03:00:00+05:30,11.55,0.0,4.412754,77.496254
2024-12-16 04:00:00+05:30,11.0,0.0,4.73506,70.05983
2024-12-16 05:00:00+05:30,10.4,0.0,4.175069,65.22371
2024-12-16 06:00:00+05:30,10.15,0.0,5.4149795,76.48111
2024-12-16 07:00:00+05:30,13.05,0.0,5.0142193,66.033455
2024-12-16 08:00:00+05:30,16.4,0.0,3.244996,59.337135
2024-12-16 09:00:00+05:30,19.1,0.0,3.9966488,56.877132
2024-12-16 10:00:00+05:30,21.25,0.0,4.755544,56.846085
2024-12-16 11:00:00+05:30,22.8,0.0,5.402999,57.7865
2024-12-16 12:00:00+05:30,23.85,0.0,5.8852015,57.11395
2024-12-16 13:00:00+05:30,24.25,0.0,5.414979,57.39529
2024-12-16 14:00:00+05:30,24.1,0.0,2.7416782,57.543427
2024-12-16 15:00:00+05:30,22.9,0.0,1.1525624,71.39096
2024-12-16 16:00:00+05:30,20.3,0.0,2.226477,77.07068
2024-12-16 17:00:00+05:30,18.6,0.0,3.0652895,82.70407
2024-12-16 18:00:00+05:30,17.5,0.0,3.964089,88.339645
2024-12-16 19:00:00+05:30,16.05,0.0,4.143911,94.09693
2024-12-16 20:00:00+05:30,15.2,0.0,4.5,95.59159
2024-12-16 21:00:00+05:30,14.5,0.0,6.12,96.19043
2024-12-16 22:00:00+05:30,13.85,0.0,6.122647,96.17148
2024-12-16 23:00:00+05:30,13.55,0.0,5.04,93.67709
2024-12-17 00:00:00+05:30,13.1,0.0,3.0652895,91.82266
2024-12-17 01:00:00+05:30,12.5,0.0,3.4199998,89.97685
2024-12-17 02:00:00+05:30,11.75,0.0,3.4247334,87.25237
2024-12-17 03:00:00+05:30,11.1,0.0,3.438895,83.72717
2024-12-17 04:00:00+05:30,10.6,0.0,5.1544156,80.865906
2024-12-17 05:00:00+05:30,10.4,0.0,5.0911684,73.92852
2024-12-17 06:00:00+05:30,12.25,0.0,4.6730714,76.82047
2024-12-17 07:00:00+05:30,14.5,0.0,4.2021427,76.1543
2024-12-17 08:00:00+05:30,16.9,0.0,3.9640884,73.8269
2024-12-17 09:00:00+05:30,18.1,0.0,4.863332,81.32475
2024-12-17 10:00:00+05:30,19.85,0.0,5.6060677,74.57225
2024-12-17 11:00:00+05:30,21.6,0.0,6.090812,61.564987
2024-12-17 12:00:00+05:30,22.55,0.0,6.297428,58.290504
2024-12-17 13:00:00+05:30,22.9,0.0,5.195113,58.943504
2024-12-17 14:00:00+05:30,22.8,0.0,4.143911,59.110428
2024-12-17 15:00:00+05:30,22.05,0.0,2.3469129,66.406166
2024-12-17 16:00:00+05:30,19.65,0.0,2.6758924,75.98951
2024-12-17 17:00:00+05:30,18.3,0.0,1.9881649,78.01201
2024-12-17 18:00:00+05:30,18.5,0.0,2.5772078,81.11556
2024-12-17 19:00:00+05:30,17.2,0.0,3.244996,86.349106
2024-12-17 20:00:00+05:30,15.8,0.0,3.7842832,92.58155
2024-12-17 21:00:00+05:30,14.7,0.0,4.8633323,96.82122
2024-12-17 22:00:00+05:30,14.25,0.0,5.5799994,96.18316
2024-12-17 23:00:00+05:30,14.05,0.0,4.86,93.09065
2024-12-18 00:00:00+05:30,13.6,0.0,2.8856194,90.65323
2024-12-18 01:00:00+05:30,12.95,0.0,3.2599385,89.41629
2024-12-18 02:00:00+05:30,12.15,0.0,3.4247334,89.95069
2024-12-18 03:00:00+05:30,11.4,0.0,4.5,92.64117
2024-12-18 04:00:00+05:30,11.45,0.0,5.5916004,91.10947
2024-12-18 05:00:00+05:30,11.75,0.0,5.5829024,88.13394
2024-12-18 06:00:00+05:30,12.25,0.0,7.029225,85.27916
2024-12-18 07:00:00+05:30,14.35,0.0,4.278551,79.23543
2024-12-18 08:00:00+05:30,17.15,0.0,2.5959969,73.14633
2024-12-18 09:00:00+05:30,18.55,0.0,5.09435,76.05812
2024-12-18 10:00:00+05:30,20.2,0.0,4.91634,74.63095
2024-12-18 11:00:00+05:30,21.85,0.0,6.297428,69.40581
2024-12-18 12:00:00+05:30,22.8,0.0,5.8852015,66.77379
2024-12-18 13:00:00+05:30,23.2,0.0,5.95906,64.96941
2024-12-18 14:00:00+05:30,23.1,0.0,5.297018,65.571884
2024-12-18 15:00:00+05:30,22.35,0.0,5.1481256,70.1681
2024-12-18 16:00:00+05:30,20.45,0.0,5.5916004,76.84855
2024-12-18 17:00:00+05:30,19.15,0.0,4.2671766,81.20024
2024-12-18 18:00:00+05:30,19.25,0.0,4.829907,81.733284
2024-12-18 19:00:00+05:30,17.4,0.0,2.7238941,90.33288
2024-12-18 20:00:00+05:30,17.0,0.0,0.5091169,91.46938
2024-12-18 21:00:00+05:30,16.4,0.0,0.35999998,92.61459
2024-12-18 22:00:00+05:30,15.4,0.0,1.8089776,96.21645
2024-12-18 23:00:00+05:30,14.6,0.0,2.34,98.080414
2024-12-19 00:00:00+05:30,14.2,0.0,3.438895,96.809044
2024-12-19 01:00:00+05:30,14.25,0.0,4.327493,94.323296
2024-12-19 02:00:00+05:30,14.2,0.0,4.2366967,92.79496
2024-12-19 03:00:00+05:30,13.95,0.0,4.5322843,92.78142
2024-12-19 04:00:00+05:30,13.55,0.0,3.964089,93.3704
2024-12-19 05:00:00+05:30,12.95,0.0,2.1674871,93.648315
2024-12-19 06:00:00+05:30,13.0,0.0,3.4152596,93.3428
2024-12-19 07:00:00+05:30,14.4,0.0,4.2175345,88.0737
2024-12-19 08:00:00+05:30,16.7,0.0,2.1068459,79.5706
2024-12-19 09:00:00+05:30,19.25,0.0,1.6981165,71.40445
2024-12-19 10:00:00+05:30,21.4,0.0,2.6758924,66.91377
2024-12-19 11:00:00+05:30,22.9,0.0,3.62243,65.52973
2024-12-19 12:00:00+05:30,23.8,0.0,4.0449967,64.48041
2024-12-19 13:00:00+05:30,24.25,0.0,3.6447225,63.9666
2024-12-19 14:00:00+05:30,24.3,0.0,2.0124612,63.171696
2024-12-19 15:00:00+05:30,23.75,0.0,0.742159,65.91696
2024-12-19 16:00:00+05:30,21.05,0.0,2.4482648,80.42429
2024-12-19 17:00:00+05:30,19.45,0.0,3.550155,86.02044
2024-12-19 18:00:00+05:30,18.15,0.0,7.731623,93.00395
2024-12-19 19:00:00+05:30,17.35,0.0,4.278551,95.056625
2024-12-19 20:00:00+05:30,17.25,0.0,2.8116899,93.85029
2024-12-19 21:00:00+05:30,17.0,0.0,3.62243,93.24143
2024-12-19 22:00:00+05:30,16.1,0.0,4.452954,95.92856
2024-12-19 23:00:00+05:30,15.25,0.0,5.8631387,97.4605
2024-12-20 00:00:00+05:30,14.9,0.0,5.7628117,96.202034
2024-12-20 01:00:00+05:30,14.8,0.0,3.1072817,93.7364
2024-12-20 02:00:00+05:30,14.5,0.0,2.5772078,92.208084
2024-12-20 03:00:00+05:30,14.15,0.0,2.9301877,91.58656
2024-12-20 04:00:00+05:30,13.8,0.0,3.6402748,92.167175
2024-12-20 05:00:00+05:30,13.1,0.0,5.0528407,94.583984
2024-12-20 06:00:00+05:30,13.25,0.0,5.426933,92.74331
2024-12-20 07:00:00+05:30,15.2,0.0,3.671294,85.87012
2024-12-20 08:00:00+05:30,18.05,0.0,1.7076298,76.97046
2024-12-20 09:00:00+05:30,20.3,0.0,1.781909,73.934
2024-12-20 10:00:00+05:30,21.85,0.0,3.143565,70.29693
2024-12-20 11:00:00+05:30,23.0,0.0,4.503598,65.34219
2024-12-20 12:00:00+05:30,23.8,0.0,5.04,62.06469
2024-12-20 13:00:00+05:30,24.05,0.0,3.9966488,61.139088
2024-12-20 14:00:00+05:30,24.05,0.0,2.9024127,60.750183
2024-12-20 15:00:00+05:30,23.25,0.0,3.0652893,68.14992
2024-12-20 16:00:00+05:30,21.0,0.0,2.1674871,77.91516
2024-12-20 17:00:00+05:30,19.25,0.0,2.9522195,83.57677
2024-12-20 18:00:00+05:30,19.0,0.0,5.692099,86.79865
2024-12-20 19:00:00+05:30,18.25,0.0,4.91634,90.10604
2024-12-20 20:00:00+05:30,17.8,0.0,6.206738,90.93867
2024-12-20 21:00:00+05:30,17.7,0.0,5.4119864,90.642624
2024-12-20 22:00:00+05:30,17.8,0.0,4.3349743,90.361115
2024-12-20 23:00:00+05:30,16.9,0.0,2.8856194,93.53491
2024-12-21 00:00:00+05:30,16.5,0.0,3.5864744,94.116776
2024-12-21 01:00:00+05:30,16.25,0.0,2.657668,94.40817
2024-12-21 02:00:00+05:30,15.2,0.0,1.6299692,96.21071
2024-12-21 03:00:00+05:30,14.55,0.0,2.8799999,97.13175
2024-12-21 04:00:00+05:30,13.65,0.0,3.84796,99.67542
2024-12-21 05:00:00+05:30,14.05,0.0,7.2,95.24201
2024-12-21 06:00:00+05:30,13.85,0.0,4.5322843,93.99829
2024-12-21 07:00:00+05:30,16.25,0.0,4.952453,86.2557
2024-12-21 08:00:00+05:30,19.05,0.0,1.9881649,76.87744
2024-12-21 09:00:00+05:30,20.95,0.0,3.7971041,73.105896
2024-12-21 10:00:00+05:30,22.15,0.0,4.32,68.80296
2024-12-21 11:00:00+05:30,23.05,0.0,4.143911,63.29898
2024-12-21 12:00:00+05:30,23.6,0.0,4.060985,59.681942
2024-12-21 13:00:00+05:30,23.8,0.0,5.2478566,57.841785
2024-12-21 14:00:00+05:30,23.6,0.0,2.36753,56.685776
2024-12-21 15:00:00+05:30,23.15,0.0,0.9693296,59.1935
2024-12-21 16:00:00+05:30,20.8,0.0,0.56920993,73.31357
2024-12-21 17:00:00+05:30,19.25,0.0,1.484318,78.40431
2024-12-21 18:00:00+05:30,18.85,0.0,4.613762,82.734215
2024-12-21 19:00:00+05:30,17.65,0.0,9.526405,85.84033
2024-12-21 20:00:00+05:30,17.5,0.0,5.5567255,85.275
2024-12-21 21:00:00+05:30,16.9,0.0,4.7928696,88.288864
2024-12-21 22:00:00+05:30,16.15,0.0,5.5567255,90.82809
2024-12-21 23:00:00+05:30,15.85,0.0,5.495161,90.22228
2024-12-22 00:00:00+05:30,15.4,0.0,3.4623692,90.48311
2024-12-22 01:00:00+05:30,14.75,0.0,0.742159,91.32611
2024-12-22 02:00:00+05:30,14.35,0.0,3.244996,91.59909
2024-12-22 03:00:00+05:30,13.9,0.0,5.1544156,93.082855
2024-12-22 04:00:00+05:30,13.55,0.0,2.3469126,93.3704
2024-12-22 05:00:00+05:30,12.95,0.1,0.742159,93.957245
2024-12-22 06:00:00+05:30,13.1,0.1,3.462369,93.04102
2024-12-22 07:00:00+05:30,15.3,0.0,3.4623692,87.29387
2024-12-22 08:00:00+05:30,18.15,0.0,2.8460498,75.99381
2024-12-22 09:00:00+05:30,19.75,0.0,5.5450516,73.8396
2024-12-22 10:00:00+05:30,20.95,0.0,6.391901,68.787155
2024-12-22 11:00:00+05:30,22.1,0.0,6.361415,64.112434
2024-12-22 12:00:00+05:30,22.8,0.0,7.42159,59.685963
2024-12-22 13:00:00+05:30,23.0,0.0,8.55142,57.648094
2024-12-22 14:00:00+05:30,22.8,0.0,8.461915,58.350674
2024-12-22 15:00:00+05:30,21.9,0.0,6.248359,64.89914
2024-12-22 16:00:00+05:30,19.7,0.0,5.48631,74.787094
2024-12-22 17:00:00+05:30,18.35,0.0,4.412754,78.271866
2024-12-22 18:00:00+05:30,17.8,0.0,3.143565,83.40887
2024-12-22 19:00:00+05:30,16.7,0.0,3.0811036,87.422
2024-12-22 20:00:00+05:30,15.7,0.0,3.964089,91.091896
2024-12-22 21:00:00+05:30,14.95,0.0,4.2021422,93.13719
2024-12-22 22:00:00+05:30,14.35,0.0,3.6179552,94.02091
2024-12-22 23:00:00+05:30,13.75,0.0,2.6999998,94.61066
2024-12-23 00:00:00+05:30,13.4,0.0,3.8183763,93.97784
2024-12-23 01:00:00+05:30,12.75,0.0,4.175069,94.88164
2024-12-23 02:00:00+05:30,12.2,0.0,4.353619,94.86011
2024-12-23 03:00:00+05:30,11.4,0.0,5.223103,96.73952
2024-12-23 04:00:00+05:30,11.3,0.0,6.302571,95.776566
2024-12-23 05:00:00+05:30,11.3,0.0,6.66,93.25641
2024-12-23 06:00:00+05:30,11.9,0.0,5.7599998,90.23249
2024-12-23 07:00:00+05:30,13.65,0.0,4.143911,82.63912
2024-12-23 08:00:00+05:30,17.0,0.0,2.7416782,71.68928
2024-12-23 09:00:00+05:30,19.4,0.0,4.752136,67.37263
2024-12-23 10:00:00+05:30,21.0,0.0,7.256032,65.97359
2024-12-23 11:00:00+05:30,22.25,0.0,8.181589,59.36339
2024-12-23 12:00:00+05:30,23.1,0.0,8.209263,53.870464
2024-12-23 13:00:00+05:30,23.25,0.0,7.653705,53.90873
2024-12-23 14:00:00+05:30,23.0,0.0,6.444905,55.627476
2024-12-23 15:00:00+05:30,22.15,0.0,3.693291,63.71213
2024-12-23 16:00:00+05:30,19.95,0.0,3.096837,72.4619
2024-12-23 17:00:00+05:30,18.75,0.0,1.8792552,74.38657
2024-12-23 18:00:00+05:30,17.8,0.0,3.143565,79.98318
2024-12-23 19:00:00+05:30,16.45,0.0,4.1046314,82.71039
2024-12-23 20:00:00+05:30,15.15,0.0,5.6835546,86.99539
2024-12-23 21:00:00+05:30,14.35,0.0,4.9785542,90.11349
2024-12-23 22:00:00+05:30,13.95,0.0,5.12289,90.97549
2024-12-23 23:00:00+05:30,13.55,0.0,5.1544156,91.54877
2024-12-24 00:00:00+05:30,13.1,0.0,4.7657523,92.43008
2024-12-24 01:00:00+05:30,12.6,0.0,3.9844694,93.322624
2024-12-24 02:00:00+05:30,12.25,0.0,3.644722,92.99617
2024-12-24 03:00:00+05:30,11.95,0.0,3.536439,92.67176
2024-12-24 04:00:00+05:30,11.65,0.0,3.710795,92.34683
2024-12-24 05:00:00+05:30,11.3,0.0,4.412754,92.94553
2024-12-24 06:00:00+05:30,12.5,0.0,6.21717,90.877335
2024-12-24 07:00:00+05:30,13.6,0.0,3.381893,86.56126
2024-12-24 08:00:00+05:30,15.4,0.0,4.514377,82.58193
2024-12-24 09:00:00+05:30,17.65,0.0,4.39436,77.40993
2024-12-24 10:00:00+05:30,19.95,0.0,5.072041,68.81173
2024-12-24 11:00:00+05:30,21.75,0.0,6.198903,63.010616
2024-12-24 12:00:00+05:30,22.85,0.0,6.8423676,58.931576
2024-12-24 13:00:00+05:30,23.35,0.0,6.8423676,55.354584
2024-12-24 14:00:00+05:30,23.45,0.0,4.452954,53.261818
2024-12-24 15:00:00+05:30,22.75,0.0,1.5273507,67.19009
2024-12-24 16:00:00+05:30,20.3,0.0,0.35999998,69.77637
2024-12-24 17:00:00+05:30,17.9,0.0,1.8,79.73882
2024-12-24 18:00:00+05:30,17.0,0.0,4.913044,84.127914
2024-12-24 19:00:00+05:30,15.55,0.0,5.6262593,89.90857
2024-12-24 20:00:00+05:30,14.95,0.0,3.438895,91.33898
2024-12-24 21:00:00+05:30,14.6,0.0,4.32,92.21391
2024-12-24 22:00:00+05:30,13.95,0.0,4.143911,94.3104
2024-12-24 23:00:00+05:30,13.2,0.0,5.4119864,96.46798
2024-12-25 00:00:00+05:30,12.75,0.0,5.4029994,96.1391
2024-12-25 01:00:00+05:30,12.75,0.0,4.2136917,93.02261
2024-12-25 02:00:00+05:30,12.9,0.0,4.7928696,90.30508
2024-12-25 03:00:00+05:30,12.65,0.0,3.3043609,89.68994
2024-12-25 04:00:00+05:30,12.4,0.0,2.6208394,89.37302
2024-12-25 05:00:00+05:30,12.2,0.0,4.379589,89.05995
2024-12-25 06:00:00+05:30,12.0,0.0,4.73506,92.36706
2024-12-25 07:00:00+05:30,14.35,0.0,3.4199998,82.9992
2024-12-25 08:00:00+05:30,17.3,0.0,1.4512063,75.11604
2024-12-25 09:00:00+05:30,19.5,0.0,2.2910259,69.84794
2024-12-25 10:00:00+05:30,21.15,0.0,2.7943513,66.005165
2024-12-25 11:00:00+05:30,22.25,0.0,2.1749482,63.121876
2024-12-25 12:00:00+05:30,23.1,0.0,1.8532133,60.142475
2024-12-25 13:00:00+05:30,23.45,0.0,2.6999998,58.31842
2024-12-25 14:00:00+05:30,23.4,0.0,1.98,57.559025
2024-12-25 15:00:00+05:30,22.7,0.0,2.0523157,64.6554
2024-12-25 16:00:00+05:30,20.15,0.0,2.4482646,75.34295
2024-12-25 17:00:00+05:30,18.1,0.0,2.8856194,80.802414
2024-12-25 18:00:00+05:30,18.05,0.0,3.671294,80.017624
2024-12-25 19:00:00+05:30,16.8,0.0,2.9301877,84.92624
2024-12-25 20:00:00+05:30,15.5,0.0,3.7971036,91.37425
2024-12-25 21:00:00+05:30,14.7,0.0,3.0811036,94.0367
2024-12-25 22:00:00+05:30,14.2,0.0,2.1674871,94.937775
2024-12-25 23:00:00+05:30,13.65,0.0,3.9763298,95.53932
2024-12-26 00:00:00+05:30,12.95,0.0,5.04,96.77828
2024-12-26 01:00:00+05:30,12.4,0.0,6.2999997,97.4042
2024-12-26 02:00:00+05:30,12.25,0.0,6.849467,96.442085
2024-12-26 03:00:00+05:30,12.1,0.0,6.130579,96.437965
2024-12-26 04:00:00+05:30,12.1,0.0,4.6938252,95.80248
2024-12-26 05:00:00+05:30,12.35,0.0,3.0652895,93.30997
2024-12-26 06:00:00+05:30,12.95,0.0,4.5,95.5154
2024-12-26 07:00:00+05:30,14.65,0.0,3.550155,88.38437
2024-12-26 08:00:00+05:30,16.45,0.0,2.52,82.441605
2024-12-26 09:00:00+05:30,18.9,0.0,2.8460498,72.97977
2024-12-26 10:00:00+05:30,21.0,0.0,3.148714,66.615944
2024-12-26 11:00:00+05:30,22.6,0.0,4.198285,62.39248
2024-12-26 12:00:00+05:30,23.6,0.0,5.4833565,58.920135
2024-12-26 13:00:00+05:30,24.15,0.0,5.95906,55.73365
2024-12-26 14:00:00+05:30,24.05,0.0,7.120815,53.070244
2024-12-26 15:00:00+05:30,22.75,0.0,5.068846,59.867146
2024-12-26 16:00:00+05:30,20.15,0.0,4.1085763,69.74742
2024-12-26 17:00:00+05:30,18.95,0.0,3.06,71.348785
2024-12-26 18:00:00+05:30,18.05,0.0,3.9966488,75.73126
2024-12-26 19:00:00+05:30,16.55,0.0,2.7059932,83.26211
2024-12-26 20:00:00+05:30,15.4,0.0,2.7238941,88.447876
2024-12-26 21:00:00+05:30,14.55,0.0,3.96,92.51199
2024-12-26 22:00:00+05:30,13.5,0.0,5.4029994,96.161224
2024-12-26 23:00:00+05:30,12.95,0.0,6.2999997,96.46119
2024-12-27 00:00:00+05:30,12.65,0.0,5.4029994,95.82016
2024-12-27 01:00:00+05:30,12.25,0.0,5.232399,96.12424
2024-12-27 02:00:00+05:30,11.75,0.0,4.3349743,97.713905
2024-12-27 03:00:00+05:30,11.2,0.0,4.503598,99.01029
2024-12-27 04:00:00+05:30,10.85,0.0,4.7110505,99.00756
2024-12-27 05:00:00+05:30,10.55,0.0,5.7852573,99.00524
2024-12-27 06:00:00+05:30,12.15,0.0,4.5536795,91.7641
2024-12-27 07:00:00+05:30,14.0,0.0,2.1674871,87.74935
2024-12-27 08:00:00+05:30,16.6,0.0,2.0991426,76.491974
2024-12-27 09:00:00+05:30,18.3,0.0,4.3573384,73.828354
2024-12-27 10:00:00+05:30,20.15,0.0,5.00128,68.18584
2024-12-27 11:00:00+05:30,21.9,0.0,6.297428,61.633648
2024-12-27 12:00:00+05:30,23.1,0.0,7.889258,57.115173
2024-12-27 13:00:00+05:30,23.55,0.0,8.244708,55.225418
2024-12-27 14:00:00+05:30,23.3,0.0,7.056826,56.429035
2024-12-27 15:00:00+05:30,22.35,0.0,3.244996,65.20417
2024-12-27 16:00:00+05:30,20.7,0.0,0.35999998,68.07601
2024-12-27 17:00:00+05:30,18.95,0.0,0.71999997,73.46318
2024-12-27 18:00:00+05:30,18.0,0.0,1.9881649,81.05008
2024-12-27 19:00:00+05:30,17.2,0.0,3.4949677,83.069595
2024-12-27 20:00:00+05:30,16.45,0.0,6.320538,85.44096
2024-12-27 21:00:00+05:30,15.95,0.0,5.8631387,85.946144
2024-12-27 22:00:00+05:30,15.3,0.0,4.379589,87.86501
2024-12-27 23:00:00+05:30,14.75,0.0,4.802999,88.6824
2024-12-28 00:00:00+05:30,14.15,0.0,4.942631,89.50977
2024-12-28 01:00:00+05:30,13.35,0.0,3.6402748,90.93506
2024-12-28 02:00:00+05:30,12.7,0.0,3.4247334,91.49483
2024-12-28 03:00:00+05:30,12.15,0.0,4.514377,91.15609
2024-12-28 04:00:00+05:30,11.75,0.0,5.0688457,89.62068
2024-12-28 05:00:00+05:30,11.45,0.0,5.232399,87.81224
2024-12-28 06:00:00+05:30,11.7,0.0,6.698806,88.42525
2024-12-28 07:00:00+05:30,13.3,0.0,2.5772078,80.687645
2024-12-28 08:00:00+05:30,15.65,0.0,2.6999998,72.878265
2024-12-28 09:00:00+05:30,17.7,0.0,3.62243,70.88218
2024-12-28 10:00:00+05:30,20.25,0.0,5.2323985,67.327866
2024-12-28 11:00:00+05:30,22.4,0.0,7.7043357,62.146988
2024-12-28 12:00:00+05:30,23.75,0.0,9.688281,58.01605
2024-12-28 13:00:00+05:30,24.1,0.0,9.585739,56.44392
2024-12-28 14:00:00+05:30,23.85,0.0,7.570707,56.93027
2024-12-28 15:00:00+05:30,22.9,0.0,2.7238941,65.948906
2024-12-28 16:00:00+05:30,20.7,0.0,2.36753,72.36377
2024-12-28 17:00:00+05:30,19.0,0.0,3.4199998,77.366165
2024-12-28 18:00:00+05:30,18.2,0.0,3.4247334,83.45542
2024-12-28 19:00:00+05:30,17.45,0.0,2.5772078,85.26975
2024-12-28 20:00:00+05:30,16.8,0.0,2.5455842,86.86892
2024-12-28 21:00:00+05:30,16.05,0.0,2.3469126,89.65533
2024-12-28 22:00:00+05:30,15.3,0.0,3.244996,91.65828
2024-12-28 23:00:00+05:30,14.4,0.0,3.7842832,93.41274
2024-12-29 00:00:00+05:30,13.95,0.0,3.9966488,92.47825
2024-12-29 01:00:00+05:30,13.4,0.0,5.6060677,90.93844
2024-12-29 02:00:00+05:30,12.7,0.0,6.130579,87.92404
2024-12-29 03:00:00+05:30,12.2,0.0,5.896202,83.01508
2024-12-29 04:00:00+05:30,11.85,0.0,4.91634,78.60315
2024-12-29 05:00:00+05:30,11.55,0.0,4.6277857,76.44699
2024-12-29 06:00:00+05:30,12.35,0.0,4.3498964,75.80146
2024-12-29 07:00:00+05:30,13.95,0.0,3.964089,71.83971
2024-12-29 08:00:00+05:30,16.5,0.0,0.76367533,68.57371
2024-12-29 09:00:00+05:30,18.55,0.0,4.072935,67.86243
2024-12-29 10:00:00+05:30,20.1,0.0,5.7402787,70.416756
2024-12-29 11:00:00+05:30,21.5,0.0,5.7628117,69.11636
2024-12-29 12:00:00+05:30,22.7,0.0,4.5,65.07028
2024-12-29 13:00:00+05:30,23.35,0.0,6.1094027,62.3609
2024-12-29 14:00:00+05:30,23.35,0.0,4.471107,60.200768
2024-12-29 15:00:00+05:30,22.75,0.0,2.4014995,66.76351
2024-12-29 16:00:00+05:30,20.6,0.0,1.609969,74.459595
2024-12-29 17:00:00+05:30,18.75,0.0,2.1674871,80.37113
2024-12-29 18:00:00+05:30,17.75,0.0,4.198285,84.75499
2024-12-29 19:00:00+05:30,17.1,0.0,4.186693,86.339325
2024-12-29 20:00:00+05:30,16.25,0.0,4.6730714,89.381424
2024-12-29 21:00:00+05:30,15.25,0.0,5.7628117,92.551056
2024-12-29 22:00:00+05:30,15.2,0.0,6.9480934,88.43099
2024-12-29 23:00:00+05:30,15.35,0.0,6.151683,84.49243
2024-12-30 00:00:00+05:30,15.1,0.0,5.8298883,84.74215
2024-12-30 01:00:00+05:30,14.15,0.0,6.130579,88.05184
2024-12-30 02:00:00+05:30,13.4,0.0,5.4029994,90.04368
2024-12-30 03:00:00+05:30,13.0,0.0,5.9399996,89.12457
2024-12-30 04:00:00+05:30,12.85,0.0,5.3999996,85.91368
2024-12-30 05:00:00+05:30,12.65,0.0,5.0432134,84.18915
2024-12-30 06:00:00+05:30,12.5,0.0,3.2846913,86.165
2024-12-30 07:00:00+05:30,14.65,0.0,4.1046314,82.48931
2024-12-30 08:00:00+05:30,18.35,0.0,1.8532133,71.70366
2024-12-30 09:00:00+05:30,21.1,0.0,0.9,61.45023
2024-12-30 10:00:00+05:30,22.4,0.0,3.536439,59.97865
2024-12-30 11:00:00+05:30,23.15,0.0,5.0142193,59.960938
2024-12-30 12:00:00+05:30,23.7,0.0,4.669604,59.514217
2024-12-30 13:00:00+05:30,23.95,0.0,4.6452556,59.192596
2024-12-30 14:00:00+05:30,23.75,0.0,6.6818557,61.070374
2024-12-30 15:00:00+05:30,22.65,0.0,5.7964473,68.24717
2024-12-30 16:00:00+05:30,20.4,0.0,4.080882,79.324265
2024-12-30 17:00:00+05:30,19.45,0.0,1.2727921,79.44378
2024-12-30 18:00:00+05:30,19.0,0.0,0.54,82.4885
2024-12-30 19:00:00+05:30,17.65,0.0,3.438895,88.070045
2024-12-30 20:00:00+05:30,16.4,0.0,5.0528407,93.21118
2024-12-30 21:00:00+05:30,15.55,0.0,4.8899083,94.989235
2024-12-30 22:00:00+05:30,15.4,0.0,5.637765,93.16028
2024-12-30 23:00:00+05:30,15.55,0.0,7.2649574,90.787384
2024-12-31 00:00:00+05:30,15.15,0.0,3.9640884,91.94698
2024-12-31 01:00:00+05:30,14.3,0.0,2.34,93.712776
2024-12-31 02:00:00+05:30,13.75,0.0,3.0811036,93.68662
2024-12-31 03:00:00+05:30,12.9,0.0,4.6834598,94.88748
2024-12-31 04:00:00+05:30,12.3,0.0,5.3999996,96.44346
2024-12-31 05:00:00+05:30,11.9,0.0,5.5916004,97.39413
2024-12-31 06:00:00+05:30,12.25,0.0,5.506941,96.76086
2024-12-31 07:00:00+05:30,14.65,0.0,4.2021422,88.38437
2024-12-31 08:00:00+05:30,17.75,0.0,0.25455844,78.18292
2024-12-31 09:00:00+05:30,19.8,0.0,2.36753,72.201775
2024-12-31 10:00:00+05:30,21.3,0.0,3.7971036,69.29912
2024-12-31 11:00:00+05:30,22.3,0.0,4.3498964,67.31297
2024-12-31 12:00:00+05:30,23.15,0.0,3.9518096,63.93089
2024-12-31 13:00:00+05:30,23.65,0.0,4.3832865,61.635857
2024-12-31 14:00:00+05:30,23.45,0.0,6.66,61.590385
2024-12-31 15:00:00+05:30,22.45,0.0,5.7204895,66.27701
2024-12-31 16:00:00+05:30,20.45,0.0,1.1525624,74.91182
2024-12-31 17:00:00+05:30,18.9,0.0,1.0948973,79.877464
2024-12-31 18:00:00+05:30,18.2,0.0,2.0991426,85.89571
2024-12-31 19:00:00+05:30,17.25,0.0,2.5772078,88.88698
2024-12-31 20:00:00+05:30,16.25,0.0,4.32,92.606346
2024-12-31 21:00:00+05:30,15.05,0.0,4.323748,95.89601
2024-12-31 22:00:00+05:30,14.6,0.0,5.6262593,95.26185
2024-12-31 23:00:00+05:30,14.65,0.0,4.724786,93.729324
